timepoint,stationcode,longitude,latitude,area,positionname,primarypollutant,aqi,pm10,pm10_24h,pm2_5,pm2_5_24h,o3,o3_24h,o3_8h,o3_8h_24h,no2,no2_24h,so2,so2_24h,co,co_24h
2026-10-04T0200,2549A,107.5087,31.2186,达州市,市环境监测站,,27,27,24,3,3,2,2,NA,NA,12,17,6,7,0.4,0.4
2026-10-04T0200,2550A,107.4988,31.2132,达州市,凤凰小区,,22,22,20,3,5,2,2,NA,NA,14,17,5,6,0.4,0.4
2026-10-04T0200,2551A,107.5081,31.1987,达州市,达县机关宾馆,,24,24,23,7,7,2,2,NA,NA,17,20,4,6,0.3,0.3
2026-10-04T0200,2552A,107.4644,31.2124,达州市,市政中心,,34,34,28,3,3,3,3,NA,NA,19,19,5,6,0.5,0.5
2026-10-04T0200,2614A,100.2168,25.5818,大理白族自治州,大理市环境监测站,,20,20,12,13,8,63,63,NA,NA,6,6,5,5,0.3,0.2
2026-10-04T0200,2615A,100.1542,25.7055,大理白族自治州,大理古城,,20,18,15,14,8,49,49,NA,NA,8,9,5,5,0.4,0.4
2026-10-04T0200,1109A,121.6119,38.974,大连市,甘井子,,29,20,21,6,9,91,91,NA,NA,8,16,3,4,0.5,0.6
2026-10-04T0200,1110A,121.565,38.9509,大连市,周水子,,31,24,35,6,10,97,97,NA,NA,8,21,4,5,0.3,0.4
2026-10-04T0200,1111A,121.5637,38.8849,大连市,星海三站,,30,19,21,7,5,93,93,NA,NA,8,13,6,5,0.5,0.5
2026-10-04T0200,1112A,121.6301,38.9117,大连市,青泥洼桥,,29,20,17,7,8,90,90,NA,NA,10,13,8,8,0.4,0.4
2026-10-04T0200,1113A,121.6248,38.8643,大连市,傅家庄,,30,24,20,6,6,94,94,NA,NA,8,8,6,6,0.5,0.5
2026-10-04T0200,1114A,121.5117,38.8636,大连市,七贤岭,,29,26,19,3,5,92,92,NA,NA,11,13,6,6,0.8,0.6
2026-10-04T0200,1116A,121.7507,39.1339,大连市,金州,,30,21,19,6,9,95,95,NA,NA,8,10,8,9,0.6,0.9
2026-10-04T0200,1117A,121.7811,39.0495,大连市,开发区,,30,26,24,6,9,94,94,NA,NA,7,14,4,4,0.5,0.6
2026-10-04T0200,1118A,121.9762,39.0631,大连市,双D港,,30,25,19,7,7,93,93,NA,NA,7,8,7,7,0.6,0.6
2026-10-04T0200,4082A,121.2548,38.8188,大连市,旅顺,,26,19,16,3,7,81,81,NA,NA,9,9,7,6,0.6,0.6
2026-10-04T0200,1789A,124.8085,46.0381,大庆市,大同区,,26,26,33,10,10,47,47,NA,NA,8,17,6,5,0.2,0.2
2026-10-04T0200,1790A,125.1166,46.5255,大庆市,龙凤区,,23,23,30,9,14,47,47,NA,NA,8,20,6,8,0.3,0.4
2026-10-04T0200,1791A,124.8894,46.4007,大庆市,红岗区,,37,37,33,16,12,39,39,NA,NA,16,26,69,12,0.4,0.4
2026-10-04T0200,1792A,125.1391,46.578,大庆市,萨尔图区,,17,17,30,3,10,48,48,NA,NA,6,15,8,8,0.5,0.6
2026-10-04T0200,1793A,124.9026,46.6217,大庆市,让胡路区,,28,28,34,8,10,32,32,NA,NA,15,18,3,4,0.4,0.4
2026-10-04T0200,3481A,125.127,46.6277,大庆市,萨区政府监测点,,15,15,15,7,7,48,48,NA,NA,8,10,7,7,0.4,0.4
2026-10-04T0200,1723A,113.2926,40.0759,大同市,云冈宾馆,,20,6,32,3,12,64,64,NA,NA,6,12,7,10,0.5,0.6
2026-10-04T0200,1724A,113.3437,40.0921,大同市,大同大学,,20,8,34,8,10,63,63,NA,NA,6,12,4,6,0.3,0.4
2026-10-04T0200,1725A,113.2637,40.129,大同市,安家小村,,20,9,36,6,12,61,61,NA,NA,4,11,4,8,0.4,0.5
2026-10-04T0200,3282A,113.3399,40.0586,大同市,大同市卫生学校,,20,9,38,7,12,64,64,NA,NA,6,12,6,9,0.2,0.4
2026-10-04T0200,3565A,113.1371,40.1122,大同市,云冈站,,18,7,40,7,12,56,56,NA,NA,5,8,7,9,0.2,0.3
2026-10-04T0200,3566A,113.1186,40.2556,大同市,图书馆,,16,12,40,3,12,49,49,NA,NA,14,10,9,12,0.4,0.5
2026-10-04T0200,3567A,113.5931,40.0459,大同市,区一中,,19,10,37,3,10,60,60,NA,NA,3,8,7,8,0.5,0.5
2026-10-04T0200,4199A,113.2798248,40.09972476,大同市,魏都大道141号,,20,10,48,3,11,61,61,NA,NA,7,12,8,11,0.3,0.4
2026-10-04T0200,2269A,124.1068,50.4091,大兴安岭地区,科技局,NA,NA,NA,15,NA,7,NA,NA,50,NA,NA,2,NA,3,NA,0.4
2026-10-04T0200,3663A,124.117,50.4279,大兴安岭地区,红旗社区,NA,NA,NA,6,NA,7,NA,NA,35,NA,NA,8,NA,2,NA,0.3
2026-10-04T0200,1600A,124.33,40.0625,丹东市,江湾东路,,46,46,35,22,18,37,37,NA,NA,15,17,11,10,0.9,0.7
2026-10-04T0200,1601A,124.4242,40.1513,丹东市,临江后街,,42,42,34,22,16,35,35,NA,NA,9,18,6,6,0.7,0.7
2026-10-04T0200,1602A,124.3935,40.1461,丹东市,元宝山,,39,39,26,24,15,38,38,NA,NA,7,14,8,8,0.7,0.7
2026-10-04T0200,1603A,124.3634,40.1093,丹东市,民主桥,颗粒物(PM10),53,54,35,32,20,21,21,NA,NA,23,22,7,8,0.5,0.4
2026-10-04T0200,3149A,115.0174,30.1591,黄石市,笔架山北路,NA,NA,21,20,6,6,NA,NA,NA,NA,3,5,8,9,0.5,0.5
2026-10-04T0200,4185A,115.078022,30.21118,黄石市,磁湖东路29号,,14,14,17,7,8,29,29,NA,NA,3,7,4,5,0.9,0.8
2026-10-04T0200,1392A,114.4181,23.0528,惠州市,河南岸金山湖子站,,24,14,13,9,8,74,74,NA,NA,8,8,8,8,0.6,0.6
2026-10-04T0200,1393A,114.4055,23.0824,惠州市,下埔横江三路子站,,23,18,15,11,10,71,71,NA,NA,7,8,8,7,0.5,0.5
2026-10-04T0200,1395A,114.4645,22.7832,惠州市,惠阳区承修路船湖子站,,23,10,12,7,8,71,71,NA,NA,7,6,3,3,0.7,0.7
2026-10-04T0200,1396A,114.5316,22.7423,惠州市,大亚湾管委会子站,,21,12,12,7,8,66,66,NA,NA,10,8,4,4,0.7,0.7
2026-10-04T0200,3314A,114.4334,22.8134,惠州市,惠阳秋长,,19,19,13,11,8,50,50,NA,NA,18,12,/,/,/,/
2026-10-04T0200,3452A,114.6521,22.7755,惠州市,大亚湾霞涌,,22,11,14,6,8,69,69,NA,NA,4,3,/,/,/,/
2026-10-04T0200,4300A,114.4089,23.1147,惠州市,文华一路1号,,24,12,14,8,9,75,75,NA,NA,4,5,/,/,/,/
2026-10-04T0200,2240A,130.9618,45.2926,鸡西市,环保局,,45,45,32,13,13,16,16,NA,NA,13,18,6,6,0.3,0.4
2026-10-04T0200,2243A,130.9294,45.2959,鸡西市,第一中学,,28,28,19,3,6,24,24,NA,NA,13,14,2,3,0.3,0.2
2026-10-04T0200,3707A,131.0069,45.2988,鸡西市,欧美日汽修厂,,31,31,39,13,16,6,6,NA,NA,22,19,3,3,0.6,0.6
2026-10-04T0200,2367A,114.9753,27.0803,吉安市,红声器材厂,,18,18,33,3,18,5,5,NA,NA,18,17,13,13,0.8,0.6
2026-10-04T0200,2369A,114.9903,27.1313,吉安市,市环境监测站,,15,15,32,3,15,7,7,NA,NA,16,16,6,6,/,/
2026-10-04T0200,2370A,115.009527,27.096792,吉安市,青原区法院,,14,14,30,3,18,7,7,NA,NA,18,16,9,9,0.8,0.6
2026-10-04T0200,1772A,126.54,43.8622,吉林市,哈达湾,,38,28,19,26,15,10,10,NA,NA,40,19,7,5,0.4,0.2
2026-10-04T0200,1773A,126.5843,43.8358,吉林市,东局子,,32,29,20,22,14,6,6,NA,NA,45,25,5,6,0.6,0.5
2026-10-04T0200,1774A,126.5051,43.8243,吉林市,电力学院,NA,NA,NA,24,NA,17,NA,NA,71,NA,NA,15,NA,8,NA,0.5
2026-10-04T0200,1775A,126.6133,43.8971,吉林市,江北,,45,39,26,31,16,18,18,NA,NA,16,16,9,10,0.3,0.3
2026-10-04T0200,1776A,126.5549,43.8304,吉林市,江南公园,,39,36,24,27,16,7,7,NA,NA,33,20,6,5,0.4,0.2
2026-10-04T0200,2868A,126.4737,43.953,吉林市,九站,,42,32,26,29,17,4,4,NA,NA,36,24,10,11,0.7,0.6
2026-10-04T0200,1299A,116.9866,36.6118,济南市,科干所,NA,NA,NA,43,22,14,79,79,NA,NA,18,16,9,10,0.4,0.5
2026-10-04T0200,1300A,116.9379,36.6652,济南市,农科所,,44,44,49,26,17,59,59,NA,NA,19,15,7,6,0.7,0.3
2026-10-04T0200,1301A,117.1265,36.6736,济南市,开发区,,42,42,45,20,16,85,85,NA,NA,10,10,7,7,0.3,0.2
2026-10-04T0200,1303A,117.0616,36.6865,济南市,省种子仓库,NA,NA,NA,NA,NA,NA,NA,NA,NA,NA,NA,NA,NA,NA,NA,NA
2026-10-04T0200,1304A,116.9495185,36.644937,济南市,机床二厂,,42,42,48,25,18,63,63,NA,NA,16,14,8,8,0.4,0.3
2026-10-04T0200,1305A,117.0496,36.6629,济南市,市监测站,,44,44,52,21,16,78,78,NA,NA,14,18,5,5,0.4,0.4
2026-10-04T0200,1306A,116.7674,36.5458,济南市,长清党校,颗粒物(PM10),60,63,51,30,19,56,56,NA,NA,21,16,9,8,0.6,0.2
2026-10-04T0200,1961A,117.5323,36.6865,济南市,东山小学,,49,49,49,23,19,70,70,NA,NA,18,12,10,13,0.3,0.4
2026-10-04T0200,3059A,117.7181,36.205,济南市,泰兴公司,颗粒物(PM10),51,51,51,25,22,0,0,NA,NA,60,33,4,8,0.6,0.5
2026-10-04T0200,3064A,117.6861,36.2172,济南市,莱芜战役纪念馆,颗粒物(PM10),55,56,50,27,22,6,6,NA,NA,56,21,7,11,0.6,0.5
2026-10-04T0200,3494A,117.1673,36.9782,济南市,济阳区政府,颗粒物(PM10),55,56,72,17,25,52,52,NA,NA,17,21,7,10,0.3,0.4
2026-10-04T0200,3495A,117.1168,36.6299,济南市,锦屏中学,,32,32,37,22,14,86,86,NA,NA,7,8,7,7,0.2,0.3
2026-10-04T0200,4108A,117.7107,36.2385,济南市,山财大街5号,颗粒物(PM10),62,66,47,33,22,18,18,NA,NA,53,21,9,12,0.9,0.7
2026-10-04T0200,4109A,116.9744,36.6889,济南市,无影山路12号,,41,41,44,28,18,68,68,NA,NA,16,15,8,10,0.5,0.4
2026-10-04T0200,4249A,118.8707617,31.34017673,南京市,汶溪路181号,NA,NA,NA,12,17,7,NA,NA,NA,NA,14,15,6,6,0.9,0.7
2026-10-04T0200,4312A,119.019,31.6512,南京市,中山西路1号,NA,NA,17,14,10,8,NA,NA,NA,NA,7,9,4,4,0.7,0.7
2026-10-04T0200,1401A,108.3098,22.788,南宁市,二十一中,,23,NA,25,16,18,22,22,NA,NA,9,7,5,5,0.8,0.7
2026-10-04T0200,1402A,108.3135,22.8529,南宁市,北湖,,30,30,31,20,19,26,26,NA,NA,9,6,4,4,0.8,0.8
2026-10-04T0200,1403A,108.3205,22.8222,南宁市,市监测站,,22,19,23,15,15,25,25,NA,NA,7,5,5,5,0.8,0.7
2026-10-04T0200,1404A,108.3828,22.8038,南宁市,大自然花园,,26,26,23,16,16,22,22,NA,NA,12,8,5,4,0.7,0.6
2026-10-04T0200,1406A,108.2397,22.8462,南宁市,区农职院,,23,NA,21,16,17,25,25,NA,NA,9,8,5,6,0.7,0.6
2026-10-04T0200,1407A,108.3285,22.7356,南宁市,英华嘉园,,25,25,23,14,16,21,21,NA,NA,9,8,6,5,0.6,0.5
2026-10-04T0200,3401A,108.4829,22.762,南宁市,红星社区,,26,26,24,18,18,21,21,NA,NA,12,7,6,6,0.7,0.7
2026-10-04T0200,4132A,108.2927,23.1477,南宁市,起凤路9号,,27,27,29,17,20,30,30,NA,NA,10,7,6,5,0.7,0.7
2026-10-04T0200,4221A,108.2177,22.7774,南宁市,乐贤路16号,,32,32,26,16,16,8,8,NA,NA,25,11,8,7,0.8,0.7
2026-10-04T0200,2332A,118.1682,26.6371,南平市,南平市监测站,,20,20,14,11,8,52,52,NA,NA,6,6,5,4,0.5,0.5
2026-10-04T0200,2334A,118.1757,26.6276,南平市,南平七中,,24,24,18,11,8,47,47,NA,NA,5,5,4,4,0.5,0.6
2026-10-04T0200,1168A,120.9056,31.9669,南通市,狼山街道,,24,6,7,3,5,76,76,NA,NA,7,10,4,4,0.4,0.4
2026-10-04T0200,1170A,120.8635,32.0231,南通市,城中,,24,8,13,3,5,76,76,NA,NA,7,11,3,4,0.2,0.2
2026-10-04T0200,1171A,120.9376,31.9301,南通市,星湖花园,,26,6,9,3,5,82,82,NA,NA,4,8,4,4,0.3,0.3
2026-10-04T0200,1172A,120.8053,32.046,南通市,紫琅学院,,19,NA,3,6,5,59,59,NA,NA,8,12,2,3,0.4,0.3
2026-10-04T0200,3291A,121.0631,32.0644,南通市,通州监测站,,25,7,11,3,4,79,79,NA,NA,2,5,2,2,0.4,0.4
2026-10-04T0200,3432A,120.9348,31.9874,南通市,环境教育馆,,23,6,11,3,4,72,72,NA,NA,6,9,5,5,0.3,0.3
2026-10-04T0200,4091A,120.8692,31.9885,南通市,洪江路,,24,7,7,3,4,74,74,NA,NA,4,8,4,4,0.2,0.2
2026-10-04T0200,2404A,112.5338,33.0086,南阳市,瓦房庄,,26,26,21,11,8,27,27,NA,NA,18,14,6,7,0.9,0.8
2026-10-04T0200,2405A,112.5002,32.9734,南阳市,汉画馆,,27,27,22,11,7,15,15,NA,NA,20,13,7,7,0.8,0.7
2026-10-04T0200,2406A,112.5778,33.0144,南阳市,气象站,,19,NA,12,13,9,32,32,NA,NA,13,10,7,7,0.7,0.6
2026-10-04T0200,2407A,112.548,32.9687,南阳市,理工学院,NA,NA,21,19,7,8,NA,NA,NA,NA,18,13,8,8,1.1,0.8
2026-10-04T0200,4008A,112.5233,32.9921,南阳市,卧龙区政府,,30,30,18,20,10,17,17,NA,NA,30,13,6,6,0.9,0.9
2026-10-04T0200,1234A,121.8352,29.9111,宁波市,区环保大楼,,17,13,28,3,8,54,54,NA,NA,19,19,6,6,0.7,0.5
2026-10-04T0200,1235A,121.5595,29.8208,宁波市,万里学院,NA,NA,NA,24,NA,8,NA,NA,NA,NA,NA,15,NA,7,NA,0.5
2026-10-04T0200,1236A,121.713,29.9564,宁波市,龙赛医院,,21,8,32,3,8,66,66,NA,NA,16,23,8,9,0.9,0.6
2026-10-04T0200,1240A,121.5855,29.8635,宁波市,太古小学,,18,16,29,7,10,55,55,NA,NA,7,13,4,5,0.8,0.7
2026-10-04T0200,1241A,121.5239,29.8673,宁波市,市环境监测中心,,27,27,25,7,10,57,57,NA,NA,9,12,9,9,0.7,0.6
2026-10-04T0200,2871A,121.6156,29.9015,宁波市,万里国际学校,NA,NA,15,22,8,9,52,52,NA,NA,NA,19,8,8,1.1,0.7
2026-10-04T0200,3710A,121.5593,29.8976,宁波市,白沙活动中心,,15,13,17,10,9,48,48,NA,NA,18,18,10,11,0.6,0.4
2026-10-04T0200,4095A,121.8962,29.7529,宁波市,中科路88号,,25,9,22,3,5,78,78,NA,NA,4,9,8,9,0.5,0.5
2026-10-04T0200,2341A,119.5387,26.6611,宁德市,宁德市监测站,,28,28,27,11,11,60,60,NA,NA,5,7,4,7,0.7,0.7
2026-10-04T0200,3209A,119.5231,26.6562,宁德市,宁德一中,,31,31,26,12,12,50,50,NA,NA,5,8,4,7,0.5,0.6
2026-10-04T0200,2618A,98.859,25.8541,怒江傈僳族自治州,州监测站,,20,17,20,14,12,24,24,NA,NA,10,6,8,5,0.5,0.5
2026-10-04T0200,2568A,102.2503,31.8896,阿坝藏族羌族自治州,马师校,,22,22,25,3,6,39,39,NA,NA,2,4,5,5,0.4,0.5
2026-10-04T0200,3994A,102.2174,31.9016,阿坝藏族羌族自治州,马尔康中学西区,,15,9,12,3,7,47,47,NA,NA,1,2,4,5,0.3,0.2
2026-10-04T0200,2695A,80.2899,41.1684,阿克苏地区,电视台,颗粒物(PM10),56,58,52,31,17,44,44,NA,NA,30,19,2,4,0.5,0.3
2026-10-04T0200,2696A,80.2592,41.1541,阿克苏地区,艺术中心,细颗粒物(PM2.5),110,132,84,70,25,4,4,NA,NA,75,29,10,6,2.4,0.7
2026-10-04T0200,2205A,105.699,38.8409,阿拉善盟,蒙二幼,,30,30,92,3,23,70,70,NA,NA,5,3,7,7,0.4,0.3
2026-10-04T0200,2206A,105.7198,38.8508,阿拉善盟,环保局新楼,,25,25,76,6,23,74,74,NA,NA,3,2,9,8,0.4,0.4
2026-10-04T0200,2708A,88.1266,47.8515,阿勒泰地区,市站,,45,45,47,3,7,43,43,NA,NA,11,11,3,2,0.5,0.5
2026-10-04T0200,4166A,88.1198,47.7931,阿勒泰地区,阿勒泰路33号,,30,30,42,3,4,56,56,NA,NA,7,10,3,3,0.3,0.3
2026-10-04T0200,2630A,80.1171,32.4999,阿里地区,阿里监测站,,39,39,17,7,3,58,58,NA,NA,23,10,5,6,0.4,0.3
2026-10-04T0200,3192A,80.0906,32.5029,阿里地区,阿里藏医院,,32,8,11,3,3,102,102,NA,NA,10,8,6,7,0.3,0.3
2026-10-04T0200,2644A,109.0088,32.6974,安康市,汉滨区检察院,,12,12,14,6,7,7,7,NA,NA,8,8,5,5,0.7,1
2026-10-04T0200,4054A,109.0324,32.6913,安康市,市邮政管理局,,14,14,14,6,8,6,6,NA,NA,8,10,3,15,0.8,1.1
2026-10-04T0200,2291A,117.0806,30.5181,安庆市,环科院,,17,6,9,3,7,53,53,NA,NA,6,9,6,6,0.6,0.6
2026-10-04T0200,2292A,117.0331,30.5118,安庆市,马山宾馆,,19,19,11,3,7,52,52,NA,NA,4,7,5,5,0.7,0.7
2026-10-04T0200,2294A,116.9897,30.6146,安庆市,安庆大学,,19,NA,8,3,6,58,58,NA,NA,3,4,4,4,0.3,0.3
2026-10-04T0200,3173A,117.0598,30.5351,安庆市,市人大,,17,NA,9,3,7,52,52,NA,NA,2,4,6,6,0.6,0.6
2026-10-04T0200,3123A,105.9408,26.2431,安顺市,凤凰山,,13,NA,13,7,12,40,40,NA,NA,4,4,8,6,0.6,0.6
2026-10-04T0200,3124A,105.9443,26.2567,安顺市,金钟山,,13,6,13,3,13,40,40,NA,NA,4,4,6,6,0.4,0.4
2026-10-04T0200,3125A,105.8983,26.248,安顺市,娄家坡,,12,6,15,3,15,37,37,NA,NA,3,4,7,9,0.5,0.5
2026-10-04T0200,1819A,114.3552,36.1017,安阳市,红庙街,颗粒物(PM10),53,54,52,33,27,41,41,NA,NA,27,20,3,2,0.6,0.6
2026-10-04T0200,1820A,114.361,36.0681,安阳市,银杏小区,,45,42,56,31,30,50,50,NA,NA,19,20,3,5,0.5,0.6
2026-10-04T0200,3141A,114.3921,36.0879,安阳市,信访局,颗粒物(PM10),53,53,53,30,28,50,50,NA,NA,21,19,3,4,0.4,0.4
2026-10-04T0200,3669A,114.4706,36.0634,安阳市,左辅环卫站,颗粒物(PM10),51,51,81,18,28,45,45,NA,NA,20,25,6,6,0.5,0.5
2026-10-04T0200,4117A,114.2918,36.0769,安阳市,钢三路198号,"颗粒物(PM10),细颗粒物(PM2.5)",54,55,52,37,29,43,43,NA,NA,20,13,7,7,0.7,0.7
2026-10-04T0200,1748A,123.0441,41.1201,鞍山市,深沟寺,,45,45,33,26,19,49,49,NA,NA,20,17,6,7,0.6,0.5
2026-10-04T0200,1749A,123.011,41.0931,鞍山市,太阳城,,40,40,31,24,19,60,60,NA,NA,10,19,8,10,0.8,0.8
2026-10-04T0200,1750A,123.0483,41.1445,鞍山市,太平,,49,49,51,24,22,51,51,NA,NA,23,25,8,10,1.1,1.1
2026-10-04T0200,1751A,122.964,41.0968,鞍山市,铁西三道街,颗粒物(PM10),55,56,57,19,24,70,70,NA,NA,11,26,6,9,1.1,1.3
2026-10-04T0200,1753A,123.0219,41.0822,鞍山市,明达新区,,37,37,30,24,17,71,71,NA,NA,10,13,8,10,1.4,1.1
2026-10-04T0200,4201A,122.944647,41.082639,鞍山市,兴盛南路290号,颗粒物(PM10),58,60,59,28,25,74,74,NA,NA,16,28,6,10,0.9,1
2026-10-04T0200,2195A,107.4206,40.7609,巴彦淖尔市,附二中,颗粒物(PM10),98,116,65,15,15,27,27,NA,NA,32,12,11,8,0.5,0.4
2026-10-04T0200,2196A,107.37,40.7372,巴彦淖尔市,市环保大楼,颗粒物(PM10),53,53,50,14,9,17,17,NA,NA,26,8,4,4,0.5,0.6
2026-10-04T0200,1956A,86.1476,41.7529,巴音郭楞蒙古自治州,孔雀公园,颗粒物(PM10),70,78,48,15,12,1,1,NA,NA,80,26,4,3,0.7,0.4
2026-10-04T0200,1957A,86.1971,41.7166,巴音郭楞蒙古自治州,棉纺厂,颗粒物(PM10),97,115,51,29,15,38,38,NA,NA,28,22,/,/,/,/
2026-10-04T0200,1958A,86.236,41.7172,巴音郭楞蒙古自治州,经济开发区,,33,33,31,9,9,57,57,NA,NA,18,9,3,3,0.1,0.2
2026-10-04T0200,3181A,106.776805,31.852614,巴中市,市五中,,25,25,19,8,9,6,6,NA,NA,5,8,11,11,0.6,0.7
2026-10-04T0200,3183A,106.7419,31.8654,巴中市,圣泉水务公司,,20,20,15,8,7,2,2,NA,NA,9,9,12,12,1.0,1
2026-10-04T0200,3616A,106.7617,31.8343,巴中市,市中心医院,,33,33,21,12,7,3,3,NA,NA,8,7,10,10,1.0,0.9
2026-10-04T0200,2235A,122.7909,45.608,白城市,洮北区环保局,,26,26,60,10,17,46,46,NA,NA,6,17,3,5,1.3,1.2
2026-10-04T0200,2236A,122.8741,45.5725,白城市,市环保局,,19,19,27,9,13,36,36,NA,NA,15,26,2,4,0.6,0.6
2026-10-04T0200,2231A,126.4219,41.9172,白山市,喜丰,颗粒物(PM10),52,52,49,13,14,10,10,NA,NA,37,25,9,9,0.8,0.8
2026-10-04T0200,2232A,126.4082,41.9416,白山市,环保局,,22,22,18,3,6,32,32,NA,NA,9,10,3,4,0.2,0.2
2026-10-04T0200,2647A,104.1727,36.5448,白银市,第三小学,,47,47,127,18,36,66,66,NA,NA,6,7,2,4,0.4,0.4
2026-10-04T0200,2648A,104.1467,36.5482,白银市,动力公司,NA,NA,37,118,16,35,66,66,NA,NA,6,6,NA,4,0.3,0.1
2026-10-04T0200,2512A,106.6102,23.901,百色市,市监测站,NA,NA,NA,37,7,20,66,66,NA,NA,5,9,6,12,0.3,0.5
2026-10-04T0200,2513A,106.6524,23.8842,百色市,市中心血站,,22,21,36,3,27,69,69,NA,NA,6,9,7,17,0.3,0.5
2026-10-04T0200,4133A,106.6273,23.8798,百色市,龙景西路,,38,38,49,3,25,52,52,NA,NA,4,10,10,17,0.3,0.4
2026-10-04T0200,2270A,117.396,32.9389,蚌埠市,工人疗养院,,17,17,18,3,6,47,47,NA,NA,8,12,5,6,0.4,0.5
2026-10-04T0200,2271A,117.3606,32.9428,蚌埠市,百货大楼,,19,13,17,7,7,60,60,NA,NA,7,14,9,10,0.5,0.5
2026-10-04T0200,2273A,117.4183,32.8909,蚌埠市,蚌埠学院,,16,NA,13,10,6,49,49,NA,NA,10,19,5,6,0.2,0.3
2026-10-04T0200,2274A,117.3534,32.9672,蚌埠市,淮上区政府,,22,22,18,9,8,52,52,NA,NA,7,10,4,5,0.3,0.4
2026-10-04T0200,2275A,117.3143,32.8977,蚌埠市,高新区,,16,12,16,11,6,51,51,NA,NA,11,18,4,5,0.3,0.4
2026-10-04T0200,3715A,117.3091,32.9314,蚌埠市,蚌埠田家炳中学,,18,18,23,9,7,53,53,NA,NA,8,14,7,8,0.4,0.4
2026-10-04T0200,1585A,109.8761,40.6533,包头市,市环境监测站,,16,10,37,3,8,51,51,NA,NA,13,9,4,4,0.4,0.4
2026-10-04T0200,1587A,109.9992,40.5843,包头市,包头八中,,28,28,36,8,7,14,14,NA,NA,45,13,6,4,0.3,0.2
2026-10-04T0200,1589A,109.8641,40.6288,包头市,惠龙物流,,20,NA,31,14,9,50,50,NA,NA,15,8,7,6,0.4,0.4
2026-10-04T0200,1590A,110.0376,40.5546,包头市,东河鸿龙湾,,20,20,33,10,9,23,23,NA,NA,38,13,5,3,0.3,0.2
2026-10-04T0200,3283A,109.9154,40.5684,包头市,滨河大厦,,22,22,27,8,10,13,13,NA,NA,42,11,6,7,0.3,0.3
2026-10-04T0200,3419A,109.9449,40.6259,包头市,包头市委党校,NA,NA,15,25,6,7,15,15,NA,NA,40,12,NA,2,0.3,0.2
2026-10-04T0200,3683A,109.8332,40.6577,包头市,昆区政府,,15,11,35,3,9,46,46,NA,NA,17,9,8,6,0.3,0.3
2026-10-04T0200,1931A,107.0802,34.3129,宝鸡市,竹园沟,,37,37,41,9,17,47,47,NA,NA,8,9,5,5,0.2,0.3
2026-10-04T0200,1933A,107.1429,34.3549,宝鸡市,监测站,,45,45,50,19,24,30,30,NA,NA,14,17,2,3,0.6,0.6
2026-10-04T0200,1934A,107.1172,34.3759,宝鸡市,技工学校,,41,41,48,21,27,31,31,NA,NA,10,13,6,7,0.6,0.7
2026-10-04T0200,1936A,107.2025,34.3518,宝鸡市,文理学院,,48,48,46,21,24,38,38,NA,NA,11,15,4,5,0.4,0.5
2026-10-04T0200,1937A,107.2396,34.3626,宝鸡市,三迪小学,颗粒物(PM10),53,53,49,21,26,29,29,NA,NA,17,19,4,4,0.6,0.6
2026-10-04T0200,4155A,107.1721,34.3558,宝鸡市,滨河北路,,43,43,43,20,23,34,34,NA,NA,11,16,4,4,0.4,0.4
2026-10-04T0200,4308A,107.3898,34.3601,宝鸡市,陈仓区北开路21号,颗粒物(PM10),55,56,55,24,31,35,35,NA,NA,19,19,5,6,0.5,0.6
2026-10-04T0200,1051A,115.4803,38.8568,保定市,游泳馆,,24,21,77,3,32,74,74,NA,NA,4,17,3,6,0.2,0.6
2026-10-04T0200,1052A,115.509,38.8895,保定市,华电二区,,22,22,42,3,6,67,67,NA,NA,3,4,3,3,0.3,0.3
2026-10-04T0200,1053A,115.4588,38.9037,保定市,接待中心,,23,21,70,3,46,71,71,NA,NA,5,23,1,5,0.3,0.7
2026-10-04T0200,1054A,115.4484,38.8344,保定市,地表水厂,,25,25,78,3,41,64,64,NA,NA,7,23,2,6,0.2,0.6
2026-10-04T0200,3581A,115.3136,38.9511,保定市,满城区生态环境分局,,24,14,75,3,25,74,74,NA,NA,2,12,3,4,0.2,0.5
2026-10-04T0200,3582A,115.4709,38.7628,保定市,清苑区第二中学,,22,9,75,8,47,69,69,NA,NA,2,19,3,8,0.2,0.5
2026-10-04T0200,3583A,115.6231,39.0223,保定市,徐水物探局,,21,12,82,3,37,66,66,NA,NA,1,20,1,5,0.1,0.4
2026-10-04T0200,4004A,115.4199,38.8665,保定市,双鹰农机,,23,16,90,3,35,71,71,NA,NA,1,17,3,6,0.3,0.6
2026-10-04T0200,4034A,115.515,38.8589,保定市,植保所站,,23,20,65,3,39,72,72,NA,NA,4,16,3,6,0.3,0.7
2026-10-04T0200,2594A,99.1589,25.1137,保山市,市环境监测站,,24,24,19,8,11,51,51,NA,NA,5,5,8,7,0.3,0.3
2026-10-04T0200,2595A,99.1616,25.1381,保山市,市环保局,,18,12,10,12,12,54,54,NA,NA,4,3,4,4,0.4,0.5
2026-10-04T0200,1867A,109.1435,21.4085,北海市,海滩公园,,19,19,27,9,14,32,32,NA,NA,3,4,3,4,0.5,0.7
2026-10-04T0200,1868A,109.0983,21.466,北海市,新市环保局,,13,10,19,9,11,32,32,NA,NA,7,6,1,2,0.7,0.6
2026-10-04T0200,1869A,109.1775,21.5232,北海市,北海工业园,,25,20,26,17,15,23,23,NA,NA,7,8,2,6,0.7,0.6
2026-10-04T0200,3400A,109.1844,21.4396,北海市,龙潭自来水厂,,26,21,19,18,12,34,34,NA,NA,4,5,4,5,0.7,0.7
2026-10-04T0200,1001A,116.3611,39.8786,北京市,万寿西宫,,20,6,42,3,24,62,62,NA,NA,5,21,2,4,0.2,0.4
2026-10-04T0200,1003A,116.4174,39.9289,北京市,东四,,22,6,44,3,22,68,68,NA,NA,5,20,1,4,0.2,0.5
2026-10-04T0200,1004A,116.4073,39.8858,北京市,天坛,,22,6,47,3,26,69,69,NA,NA,5,23,1,4,0.3,0.6
2026-10-04T0200,1005A,116.4622,39.9364,北京市,农展馆,,19,6,45,3,21,60,60,NA,NA,5,21,2,5,0.2,0.5
2026-10-04T0200,1006A,116.3399,39.9293,北京市,官园,,20,6,50,3,23,62,62,NA,NA,7,23,4,7,0.3,0.5
2026-10-04T0200,1007A,116.2879,39.9613,北京市,海淀万柳,,29,6,49,3,21,62,62,NA,NA,4,21,2,5,2.9,1.2
2026-10-04T0200,1008A,116.6635,40.1349,北京市,顺义新城,,20,9,43,3,23,64,64,NA,NA,7,19,2,6,0.3,0.6
2026-10-04T0200,1009A,116.6275,40.327,北京市,怀柔镇,,20,6,33,3,15,64,64,NA,NA,2,10,3,4,0.1,0.4
2026-10-04T0200,1010A,116.2295,40.217,北京市,昌平镇,,14,6,39,3,18,36,36,NA,NA,27,18,3,6,0.2,0.5
2026-10-04T0200,1011A,116.3968,39.982,北京市,奥体中心,,18,8,46,3,22,57,57,NA,NA,9,21,3,4,0.2,0.5
2026-10-04T0200,3418A,116.8336,40.4095,北京市,密云新城,,17,6,36,3,17,53,53,NA,NA,2,13,2,4,0.2,0.4
2026-10-04T0200,3671A,116.0879,39.9725,北京市,门头沟三家店,,21,10,51,3,23,66,66,NA,NA,5,24,2,4,0.2,0.4
2026-10-04T0200,3672A,116.1507,39.8246,北京市,丰台云岗,,20,8,53,3,28,61,61,NA,NA,4,18,4,6,0.2,0.4
2026-10-04T0200,3674A,115.9578,39.7602,北京市,房山燕山,,20,7,48,3,26,62,62,NA,NA,5,14,2,4,0.3,0.5
2026-10-04T0200,3675A,116.4669,39.7734,北京市,大兴旧宫,,20,6,47,3,21,62,62,NA,NA,7,22,3,5,0.2,0.5
2026-10-04T0200,3694A,115.9859,40.4562,北京市,延庆石河营,,21,6,36,3,19,65,65,NA,NA,3,11,3,4,0.3,0.5
2026-10-04T0200,3695A,116.6151,40.3052,北京市,怀柔新城,,20,6,31,3,16,63,63,NA,NA,3,10,2,4,0.1,0.3
2026-10-04T0200,3696A,116.2542,39.8764,北京市,丰台小屯,,19,8,48,3,23,59,59,NA,NA,6,22,2,4,0.2,0.4
2026-10-04T0200,3697A,116.8399,40.3843,北京市,密云镇,,17,6,42,3,19,53,53,NA,NA,4,19,5,6,0.2,0.5
2026-10-04T0200,4057A,115.9423,40.4431,北京市,延庆百泉,,21,6,34,3,16,65,65,NA,NA,5,14,3,4,0.3,0.5
2026-10-04T0200,4058A,116.6598,39.9164,北京市,通州新华,,15,10,49,3,22,48,48,NA,NA,13,17,3,4,0.3,0.6
2026-10-04T0200,4182A,116.1942,39.9158,北京市,石景山八角,,20,8,52,3,22,64,64,NA,NA,6,28,1,4,0.3,0.5
2026-10-04T0200,4194A,117.078628,40.151726,北京市,平谷新城,,19,6,39,3,17,58,58,NA,NA,5,9,2,6,0.4,0.7
2026-10-04T0200,1761A,123.8274146,41.31234549,本溪市,大峪,,21,21,21,10,11,54,54,NA,NA,11,12,6,7,0.9,0.9
2026-10-04T0200,1763A,123.7169,41.3094,本溪市,彩屯,,27,27,42,9,19,35,35,NA,NA,17,25,7,12,0.7,1.2
2026-10-04T0200,1764A,123.7672166,41.28649327,本溪市,东明,,27,27,25,12,10,45,45,NA,NA,4,6,4,5,0.8,0.7
2026-10-04T0200,1765A,123.799345,41.266614,本溪市,新立屯,,22,22,19,13,6,26,26,NA,NA,24,17,8,9,0.8,0.5
2026-10-04T0200,1766A,123.829144,41.336777,本溪市,威宁,,20,20,27,12,13,26,26,NA,NA,15,16,4,5,0.5,0.6
2026-10-04T0200,2587A,105.287,27.3133,毕节市,八中,,19,6,10,3,7,59,59,NA,NA,3,4,6,6,0.5,0.5
2026-10-04T0200,2588A,105.3079,27.2987,毕节市,师专,,19,NA,8,7,7,58,58,NA,NA,4,5,6,6,0.4,0.4
2026-10-04T0200,4263A,105.3688,27.3598,毕节市,工业大道,,21,NA,8,7,6,66,66,NA,NA,4,5,7,8,/,/
2026-10-04T0200,1629A,117.9961,37.3604,滨州市,第二水厂,颗粒物(PM10),67,73,81,13,30,58,58,NA,NA,13,22,8,13,0.3,0.6
2026-10-04T0200,1630A,117.9789,37.3931,滨州市,北中新校,颗粒物(PM10),51,51,60,16,27,57,57,NA,NA,14,21,6,12,0.6,0.8
2026-10-04T0200,3514A,117.9379,37.3959,滨州市,中海酒店,,48,48,59,16,26,59,59,NA,NA,16,21,8,15,0.3,0.6
2026-10-04T0200,3515A,117.9381509,37.35547456,滨州市,开发区一中,颗粒物(PM10),63,68,80,17,31,58,58,NA,NA,11,19,8,14,0.4,0.7
2026-10-04T0200,3516A,118.0914,37.6938,滨州市,金海六路,,32,32,86,3,34,49,49,NA,NA,23,32,7,7,0.1,0.5
2026-10-04T0200,4028A,117.9955,37.3752,滨州市,滨州市西街道办事处,颗粒物(PM10),63,68,73,14,30,57,57,NA,NA,13,22,9,13,0.6,0.7
2026-10-04T0200,2311A,115.8071,33.8399,亳州市,污水处理厂,,18,18,25,10,13,25,25,NA,NA,12,12,3,4,0.3,0.3
2026-10-04T0200,2312A,115.7789,33.8519,亳州市,三国揽胜宫,,20,20,25,10,11,35,35,NA,NA,15,12,5,5,0.4,0.4
2026-10-04T0200,3332A,115.7631,33.803,亳州市,亳州学院,,20,20,29,11,12,44,44,NA,NA,14,12,3,4,0.4,0.4
2026-10-04T0200,2693A,82.0482,44.8553,博尔塔拉蒙古自治州,市党校,颗粒物(PM10),66,72,53,11,11,48,48,NA,NA,15,11,7,5,0.3,0.3
2026-10-04T0200,2694A,82.0805,44.8966,博尔塔拉蒙古自治州,市环保局,颗粒物(PM10),73,81,46,7,8,33,33,NA,NA,20,17,5,5,0.2,0.3
2026-10-04T0200,1071A,116.8733,38.2922,沧州市,沧县城建局,颗粒物(PM10),54,55,75,17,32,50,50,NA,NA,14,15,6,9,0.1,0.2
2026-10-04T0200,1072A,116.8462,38.3189,沧州市,电视转播站,颗粒物(PM10),51,51,76,19,36,42,42,NA,NA,15,14,10,12,0.0,0.1
2026-10-04T0200,1073A,116.8588,38.3161,沧州市,市环保局,颗粒物(PM10),58,60,85,22,33,42,42,NA,NA,15,16,6,7,0.1,0.3
2026-10-04T0200,3324A,116.8011,38.294,沧州市,河北水利电力学院,NA,NA,68,109,23,35,40,40,NA,NA,21,17,7,10,NA,0.4
2026-10-04T0200,2622A,97.1813,31.1289,昌都市,昌都监测站,,32,7,7,3,4,100,100,NA,NA,4,5,5,4,0.2,0.2
2026-10-04T0200,3719A,97.1707,31.1428,昌都市,昌都会议中心,,33,NA,7,3,4,103,103,NA,NA,3,4,3,4,0.2,0.3
2026-10-04T0200,2692A,87.2722,44.0298,昌吉回族自治州,新区政务中心,,46,46,38,19,13,12,12,NA,NA,45,17,7,7,0.6,0.3
2026-10-04T0200,3613A,87.3069,44.0093,昌吉回族自治州,亚心广场,颗粒物(PM10),62,66,61,21,14,18,18,NA,NA,57,23,9,9,0.5,0.4
2026-10-04T0200,4164A,87.2057,43.9289,昌吉回族自治州,财政所,,49,49,66,7,18,52,52,NA,NA,11,11,7,8,0.3,0.4
2026-10-04T0200,1120A,125.2874,43.9024,长春市,客车厂,,44,44,46,24,23,4,4,NA,NA,47,35,6,6,0.6,0.6
2026-10-04T0200,1121A,125.2943,43.8508,长春市,邮电学院,,26,26,30,18,22,16,16,NA,NA,17,19,6,6,0.4,0.4
2026-10-04T0200,1122A,125.3648,43.8745,长春市,劳动公园,,45,45,37,23,21,8,8,NA,NA,47,26,9,7,0.5,0.4
2026-10-04T0200,1123A,125.3233,43.8781,长春市,园林处,,38,38,40,23,25,18,18,NA,NA,32,24,13,8,0.7,0.7
2026-10-04T0200,1124A,125.4604,43.7904,长春市,净月潭,,22,20,18,15,14,32,32,NA,NA,8,9,8,8,0.3,0.3
2026-10-04T0200,1126A,125.38,43.8422,长春市,经开区环卫处,,24,22,33,16,19,1,1,NA,NA,48,30,9,9,0.5,0.5
2026-10-04T0200,1127A,125.234,43.7761,长春市,高新区管委会,,30,30,38,20,18,7,7,NA,NA,32,25,9,9,0.5,0.4
2026-10-04T0200,1128A,125.1695,43.83,长春市,岱山公园,颗粒物(PM10),73,82,42,46,23,2,2,NA,NA,44,34,4,5,0.9,0.6
2026-10-04T0200,4281A,125.334645,43.916281,长春市,北亚泰大街1068号,颗粒物(PM10),54,55,48,33,26,2,2,NA,NA,52,37,7,8,0.5,0.4
2026-10-04T0200,1335A,113.082,28.2421,长沙市,经开区环保局,,14,14,9,6,5,28,28,NA,NA,8,9,5,4,0.6,0.5
2026-10-04T0200,1336A,112.8873,28.2202,长沙市,高开区环保局,NA,NA,8,9,3,4,NA,NA,NA,NA,2,8,4,4,0.7,0.7
2026-10-04T0200,1337A,113.0785,28.2012,长沙市,马坡岭,,10,9,11,6,5,32,32,NA,NA,10,13,7,7,0.6,0.6
2026-10-04T0200,1338A,112.9448,28.1894,长沙市,湖南师范大学,,12,7,8,3,4,38,38,NA,NA,9,12,1,2,0.6,0.6
2026-10-04T0200,1339A,113.0177,28.1322,长沙市,雨花区环保局,,11,7,8,3,5,35,35,NA,NA,9,13,7,7,0.6,0.6
2026-10-04T0200,1340A,112.9795,28.2593,长沙市,伍家岭,,12,8,8,6,4,36,36,NA,NA,8,9,4,4,0.4,0.4
2026-10-04T0200,1341A,113.002,28.1944,长沙市,火车新站,NA,NA,NA,9,6,6,NA,NA,NA,NA,10,13,4,4,0.8,0.8
2026-10-04T0200,1342A,112.9846,28.1177,长沙市,天心区环保局,,14,NA,8,3,4,44,44,NA,NA,12,15,3,4,0.5,0.5
2026-10-04T0200,1343A,112.8906,28.1307,长沙市,湖南中医药大学,,12,8,9,8,4,36,36,NA,NA,6,8,7,7,0.8,0.8
2026-10-04T0200,1727A,113.1146,36.1547,长治市,清华站,,41,41,34,8,17,75,75,NA,NA,10,9,16,12,0.6,0.5
2026-10-04T0200,1730A,113.0887,36.2126,长治市,审计局,,30,30,35,3,21,72,72,NA,NA,14,12,16,13,1.1,0.7
2026-10-04T0200,1731A,113.0845,36.1856,长治市,长治八中,,44,44,40,6,18,71,71,NA,NA,12,11,16,14,1.0,0.7
2026-10-04T0200,2845A,113.1561,36.1912,长治市,德盛苑,,39,39,35,10,21,74,74,NA,NA,14,13,14,14,0.5,0.6
2026-10-04T0200,3568A,113.0603,36.0464,长治市,向阳小学,二氧化硫(SO2),53,43,45,11,21,69,69,NA,NA,15,10,169,16,0.2,0.4
2026-10-04T0200,3569A,112.8788,36.315,长治市,屯留一中,,31,31,40,3,23,75,75,NA,NA,11,13,12,14,0.2,0.3
2026-10-04T0200,4189A,113.113092,36.199482,长治市,英华南巷50号,,38,38,38,3,20,70,70,NA,NA,12,13,18,13,0.6,0.5
2026-10-04T0200,4190A,113.23666,36.33435,长治市,学府街1号,,31,31,51,3,20,81,81,NA,NA,3,3,7,10,0.5,0.7
2026-10-04T0200,1854A,111.696,28.9725,常德市,市二中,,18,8,9,3,4,57,57,NA,NA,10,10,9,9,0.6,0.6
2026-10-04T0200,3138A,111.7152,29.0288,常德市,武陵区永安,,17,13,11,3,5,54,54,NA,NA,10,10,9,8,0.7,0.7
2026-10-04T0200,3139A,111.6891,28.9881,常德市,鼎城区玉霞,,18,6,9,3,5,57,57,NA,NA,7,7,9,9,0.7,0.7
2026-10-04T0200,3140A,111.6651,29.0526,常德市,武陵区长庚,,17,12,11,3,6,52,52,NA,NA,7,8,7,6,0.8,0.9
2026-10-04T0200,1196A,119.9524,31.7586,常州市,市监测站,,20,NA,23,9,7,61,61,NA,NA,15,18,8,8,0.4,0.5
2026-10-04T0200,1200A,119.9351,31.703,常州市,武进监测站,NA,NA,25,25,12,8,NA,NA,NA,NA,13,17,6,7,0.7,0.7
2026-10-04T0200,3002A,119.9701,31.813,常州市,行政中心,,23,8,12,6,8,72,72,NA,NA,11,17,6,6,0.3,0.4
2026-10-04T0200,3003A,120.0434,31.7726,常州市,经开区,,19,19,19,9,6,57,57,NA,NA,14,15,8,9,0.6,0.6
2026-10-04T0200,3010A,119.8919,31.7892,常州市,钟楼,NA,NA,20,16,3,8,NA,NA,NA,NA,6,12,8,8,0.4,0.4
2026-10-04T0200,3429A,119.8595,31.706,常州市,武进经发区,NA,NA,23,23,16,12,NA,NA,NA,NA,17,16,7,8,0.9,0.8
2026-10-04T0200,3430A,119.5812,31.7256,常州市,金坛城区,NA,NA,NA,10,19,11,NA,NA,NA,NA,14,15,5,5,0.8,0.6
2026-10-04T0200,4089A,119.9551,31.863,常州市,崇义南街5-H号,NA,NA,17,16,10,7,NA,NA,NA,NA,13,18,9,8,0.6,0.5
2026-10-04T0200,2220A,120.4318,41.588,朝阳市,西梁,,33,32,38,23,19,40,40,NA,NA,8,22,6,11,0.6,0.6
2026-10-04T0200,2221A,120.452,41.565,朝阳市,河畔小区,,35,31,32,24,19,47,47,NA,NA,6,19,8,13,0.8,0.9
2026-10-04T0200,2222A,120.4176,41.5648,朝阳市,八里堡,,35,35,36,24,22,45,45,NA,NA,8,21,10,14,1.0,1
2026-10-04T0200,3026A,116.6179,23.6608,潮州市,市政府,,24,24,34,12,18,71,71,NA,NA,9,14,6,9,0.5,0.6
2026-10-04T0200,4036A,116.646,23.676,潮州市,金山,,32,32,24,16,14,48,48,NA,NA,9,8,3,3,0.6,0.6
2026-10-04T0200,2473A,113.0116,25.8228,郴州市,市职中,,16,16,37,7,26,13,13,NA,NA,9,10,6,8,0.6,0.6
2026-10-04T0200,2475A,113.0381,25.8074,郴州市,市审计局,,25,25,36,11,28,12,12,NA,NA,9,10,10,10,/,/
2026-10-04T0200,2476A,113.0348,25.7757,郴州市,市环保局,,23,23,31,12,26,14,14,NA,NA,8,9,9,11,0.9,0.9
2026-10-04T0200,4252A,113.0138,25.8011,郴州市,好美居路49号,,17,17,33,3,21,16,16,NA,NA,9,10,7,8,/,/
2026-10-04T0200,1431A,103.9727,30.7242,成都市,金泉两河,,38,38,42,26,31,15,15,NA,NA,15,13,2,2,0.6,0.6
2026-10-04T0200,1432A,104.1423,30.6765,成都市,十里店,细颗粒物(PM2.5),60,46,44,40,36,30,30,NA,NA,23,13,6,6,0.8,0.7
2026-10-04T0200,1433A,104.0594,30.5765,成都市,三瓦窑,细颗粒物(PM2.5),52,44,42,36,38,28,28,NA,NA,26,20,8,8,1.0,1.1
2026-10-04T0200,1434A,104.1122,30.6306,成都市,沙河铺,细颗粒物(PM2.5),56,52,49,38,37,21,21,NA,NA,26,17,8,8,0.6,0.8
2026-10-04T0200,2880A,104.0219,30.6561,成都市,大石西路,,50,41,51,35,43,18,18,NA,NA,18,15,4,4,0.5,0.5
2026-10-04T0200,3136A,104.2724,30.559,成都市,龙泉驿区区政府,NA,NA,34,34,33,33,NA,NA,NA,NA,14,14,8,4,0.8,0.8
2026-10-04T0200,3357A,104.0028,30.6891,成都市,金博路,,45,NA,35,31,34,13,13,NA,NA,18,16,3,2,0.8,0.7
2026-10-04T0200,3359A,104.056,30.5228,成都市,华阳,,46,34,43,32,35,30,30,NA,NA,16,12,4,3,0.7,0.6
2026-10-04T0200,3488A,104.387954,30.746684,成都市,青白江技师分院,细颗粒物(PM2.5),56,47,33,38,28,46,46,NA,NA,17,11,3,3,0.9,0.9
2026-10-04T0200,3489A,104.0788,30.4054,成都市,科学城,细颗粒物(PM2.5),54,38,46,37,36,34,34,NA,NA,16,12,10,9,0.9,0.8
2026-10-04T0200,4011A,103.8505,30.6946,成都市,光华大道三段,,24,24,37,13,26,26,26,NA,NA,9,10,3,3,0.8,0.9
2026-10-04T0200,4144A,104.3257,30.6406,成都市,八角井街185号,细颗粒物(PM2.5),56,49,42,38,29,45,45,NA,NA,13,14,8,7,0.8,0.8
2026-10-04T0200,4224A,104.2433276,30.53529463,成都市,鲸龙路1057号,细颗粒物(PM2.5),52,NA,46,36,36,49,49,NA,NA,20,18,12,9,0.9,0.8
2026-10-04T0200,1062A,117.9531,40.908,承德市,铁路,,20,11,23,3,3,62,62,NA,NA,2,4,8,11,0.2,0.4
2026-10-04T0200,1063A,117.9397,40.9763,承德市,中国银行,,18,6,30,3,10,56,56,NA,NA,2,13,7,8,0.2,0.5
2026-10-04T0200,4073A,117.9462,40.95,承德市,杏林街1号,,19,7,33,3,15,60,60,NA,NA,2,11,6,7,0.2,0.4
2026-10-04T0200,4274A,117.7994,40.9605,承德市,滨河大街98号,,19,10,35,3,12,60,60,NA,NA,2,9,8,11,0.2,0.4
2026-10-04T0200,2314A,117.4698,30.6617,池州市,池州学院,,14,7,11,6,9,44,44,NA,NA,14,16,4,4,0.5,0.5
2026-10-04T0200,3237A,117.4918,30.6617,池州市,展览馆,,14,7,12,3,8,44,44,NA,NA,11,11,4,3,0.5,0.5
2026-10-04T0200,3333A,117.5626,30.695,池州市,第八中学,,14,11,13,8,9,42,42,NA,NA,17,15,6,6,0.5,0.5
2026-10-04T0200,3334A,117.5037,30.6242,池州市,第十二中学,,15,8,9,8,9,46,46,NA,NA,17,15,3,3,0.6,0.7
2026-10-04T0200,1744A,118.9229,42.2816,赤峰市,松山一中,,22,22,33,6,21,36,36,NA,NA,11,22,8,14,0.3,0.6
2026-10-04T0200,1745A,118.9588,42.2733,赤峰市,哈达街,,14,14,30,3,18,37,37,NA,NA,11,22,7,13,0.8,1
2026-10-04T0200,1746A,118.8792,42.2551,赤峰市,天义路,,13,12,27,7,15,40,40,NA,NA,8,18,4,5,0.2,0.5
2026-10-04T0200,3058A,119.2656,42.0356,赤峰市,银河街,,29,28,34,20,20,38,38,NA,NA,12,22,6,11,0.8,0.9
2026-10-04T0200,3286A,118.9359,42.3146,赤峰市,桥北物流园区,,12,11,26,3,18,37,37,NA,NA,9,23,4,10,0.6,1
2026-10-04T0200,2521A,107.3473,22.4137,崇左市,市环保局江州分局,,17,17,28,11,15,30,30,NA,NA,13,10,6,4,0.6,0.6
2026-10-04T0200,4256A,107.375,22.3736,崇左市,石景林东路7号,,23,23,23,13,15,39,39,NA,NA,12,9,9,8,0.5,0.5
2026-10-04T0200,3207A,118.31131,32.3033,滁州市,市政府原办公楼,,22,NA,12,15,15,63,63,NA,NA,8,11,7,7,0.2,0.3
2026-10-04T0200,3331A,118.3268,32.2633,滁州市,图书馆,,17,11,11,8,8,53,53,NA,NA,13,14,13,7,0.1,0.3
2026-10-04T0200,4101A,118.3196,32.3335,滁州市,银山路666号,,20,NA,13,14,9,57,57,NA,NA,13,12,5,4,0.3,0.4
2026-10-04T0200,4102A,118.3426,32.2979,滁州市,黄山路555号,,20,19,20,11,9,61,61,NA,NA,8,13,7,9,0.3,0.4
2026-10-04T0200,2606A,101.5379,25.0492,楚雄彝族自治州,市经济开发区,,21,21,12,13,9,14,14,NA,NA,18,11,3,2,0.6,0.5
2026-10-04T0200,4153A,101.5536,25.0343,楚雄彝族自治州,团结路562号,,24,24,9,12,5,18,18,NA,NA,18,4,6,4,0.4,0.3
2026-10-04T0200,3541A,109.5726195,19.51688767,儋州市,第一中学子站,,11,11,20,3,12,30,30,NA,NA,3,4,3,3,0.5,0.6
2026-10-04T0200,3542A,109.5567,19.5187,儋州市,东坡学校子站,,18,18,19,3,12,30,30,NA,NA,3,4,5,5,0.4,0.5
2026-10-04T0200,2616A,98.5611,24.4273,德宏傣族景颇族自治州,德宏州监测站,,43,NA,20,30,18,35,35,NA,NA,10,9,8,9,0.8,0.7
2026-10-04T0200,3677A,98.5887,24.4366,德宏傣族景颇族自治州,芒市人民政府综合楼,颗粒物(PM10),51,51,42,25,18,27,27,NA,NA,8,8,5,6,0.7,0.6
2026-10-04T0200,1901A,104.424,31.1209,德阳市,东山公园,细颗粒物(PM2.5),52,NA,18,36,22,27,27,NA,NA,19,11,10,9,1.1,1
2026-10-04T0200,1902A,104.3827,31.1318,德阳市,西小区,细颗粒物(PM2.5),58,53,35,39,24,18,18,NA,NA,30,18,12,11,0.8,0.6
2026-10-04T0200,1904A,104.3553,31.1091,德阳市,耐火材料厂,细颗粒物(PM2.5),68,50,37,44,26,12,12,NA,NA,23,15,3,2,1.0,0.8
2026-10-04T0200,4145A,104.4144,31.1495,德阳市,市林业局,,46,37,33,32,22,7,7,NA,NA,30,20,14,14,1.2,1.1
2026-10-04T0200,1622A,116.3034,37.4675,德州市,儿童乐园,颗粒物(PM10),67,73,117,13,44,62,62,NA,NA,17,21,8,13,0.3,0.5
2026-10-04T0200,1624A,116.2992,37.4449,德州市,监理站,颗粒物(PM10),51,51,115,7,43,67,67,NA,NA,12,20,8,12,0.4,0.6
2026-10-04T0200,3066A,116.2722,37.438,德州市,九衢泉纯净水厂,,36,36,112,3,43,60,60,NA,NA,15,27,16,16,0.2,0.4
2026-10-04T0200,3371A,116.3693,37.44,德州市,开发区人民医院,颗粒物(PM10),67,73,114,3,30,69,69,NA,NA,14,18,9,6,0.4,0.7
2026-10-04T0200,3511A,116.5687,37.3331,德州市,陵城艺术中心,颗粒物(PM10),68,75,107,16,35,61,61,NA,NA,10,20,11,16,0.5,0.7
2026-10-04T0200,4292A,116.352738,37.420875,德州市,新河东路,颗粒物(PM10),55,56,104,19,42,76,76,NA,NA,15,26,9,11,0.3,0.5
2026-10-04T0200,2621A,99.7054,27.8319,迪庆藏族自治州,迪庆州站,,20,20,17,3,5,25,25,NA,NA,13,10,7,7,0.4,0.4
2026-10-04T0200,3180A,99.7122,27.8129,迪庆藏族自治州,质量技术监督局,,13,13,14,9,5,36,36,NA,NA,9,9,7,7,0.4,0.3
2026-10-04T0200,4257A,104.6092,35.5962,定西市,将台街,颗粒物(PM10),73,81,98,20,28,78,78,NA,NA,7,10,6,7,0.2,0.3
2026-10-04T0200,4309A,104.6159,35.5701,定西市,正龙路62号,颗粒物(PM10),58,61,88,10,26,68,68,NA,NA,5,5,3,4,0.2,0.2
2026-10-04T0200,4071A,114.9883,38.5232,定州市,交通局,,18,15,93,3,43,57,57,NA,NA,12,30,1,7,0.2,0.6
2026-10-04T0200,4072A,115.0045,38.5136,定州市,第五中学,,21,13,93,3,44,66,66,NA,NA,9,32,1,6,0.2,0.5
2026-10-04T0200,1390A,113.7943,23.0132,东莞市,东城石井,,21,21,13,12,8,15,15,NA,NA,22,9,7,6,0.6,0.6
2026-10-04T0200,1391A,113.7384,22.9659,东莞市,南城西平,,19,19,12,9,5,32,32,NA,NA,23,10,6,6,0.7,0.6
2026-10-04T0200,3319A,113.7283,23.041,东莞市,万江金泰,,23,23,13,15,10,22,22,NA,NA,38,13,7,5,0.8,0.8
2026-10-04T0200,4129A,113.8666,23.1062,东莞市,裕兴路,,25,25,12,11,7,49,49,NA,NA,20,15,6,6,0.6,0.9
2026-10-04T0200,4130A,114.0076,22.9739,东莞市,教育路1号,,20,20,17,8,8,62,62,NA,NA,10,15,11,11,0.7,0.7
2026-10-04T0200,4131A,113.7981,22.8124,东莞市,长怡路1号,,22,22,16,12,7,53,53,NA,NA,13,10,5,4,0.6,0.6
2026-10-04T0200,1666A,118.6612,37.4313,东营市,市环保局,NA,NA,63,53,16,21,47,47,NA,NA,18,19,NA,11,0.5,0.6
2026-10-04T0200,3036A,118.6903,37.4337,东营市,开发区管委会,颗粒物(PM10),71,79,51,22,17,77,77,NA,NA,17,16,8,11,0.2,0.3
2026-10-04T0200,3365A,118.5721,37.5654,东营市,垦利区民丰路,,41,41,51,3,20,56,56,NA,NA,11,18,3,4,0.2,0.3
2026-10-04T0200,3498A,118.5063,37.8606,东营市,河口城区,,31,31,59,3,20,56,56,NA,NA,7,16,4,8,0.4,0.6
2026-10-04T0200,3646A,118.4979,37.4623,东营市,胜利站,颗粒物(PM10),65,71,59,7,25,61,61,NA,NA,10,21,7,11,0.1,0.3
2026-10-04T0200,3734A,118.5753,37.4405,东营市,理想之城,颗粒物(PM10),56,58,52,13,22,60,60,NA,NA,14,18,8,11,0.5,0.6
2026-10-04T0200,1591A,110.0024,39.8127,鄂尔多斯市,综合楼,,19,NA,40,13,12,57,57,NA,NA,10,12,10,8,0.3,0.3
2026-10-04T0200,1592A,109.9485,39.8259,鄂尔多斯市,巴音孟克林场办事处,,22,22,40,10,7,40,40,NA,NA,36,14,8,6,0.5,0.4
2026-10-04T0200,1593A,109.7734,39.5987,鄂尔多斯市,康泽苑,,14,14,32,3,8,41,41,NA,NA,12,10,2,3,0.3,0.3
2026-10-04T0200,1594A,109.8121,39.5987,鄂尔多斯市,华泰汽车城,,27,27,35,11,9,11,11,NA,NA,37,12,7,6,0.5,0.4
2026-10-04T0200,1595A,109.9734,39.7884,鄂尔多斯市,奥林花园,,17,12,38,8,8,52,52,NA,NA,13,10,5,4,0.3,0.3
2026-10-04T0200,2436A,114.894,30.3989,鄂州市,市政府,,15,15,13,3,4,37,37,NA,NA,5,7,5,5,0.3,0.4
2026-10-04T0200,2437A,114.8986,30.3714,鄂州市,赵家坝,,12,12,14,3,4,37,37,NA,NA,7,12,4,4,0.8,0.8
2026-10-04T0200,3654A,114.8093,30.4091,鄂州市,精准医疗中心,,14,10,13,3,6,42,42,NA,NA,5,8,3,4,0.5,0.6
2026-10-04T0200,2454A,109.4978,30.2979,恩施土家族苗族自治州,湖北民院,,21,21,17,3,6,19,19,NA,NA,8,9,3,4,0.4,0.4
2026-10-04T0200,3549A,109.5061,30.3771,恩施土家族苗族自治州,龙凤新区,,14,14,10,3,6,26,26,NA,NA,3,5,5,4,0.5,0.6
2026-10-04T0200,2499A,108.3411,21.6159,防城港市,沙万,,19,NA,18,13,11,8,8,NA,NA,16,6,5,5,0.8,0.7
2026-10-04T0200,2500A,108.3515,21.7733,防城港市,防城档案局,,21,21,18,13,12,13,13,NA,NA,5,4,16,8,0.8,0.7
2026-10-04T0200,2501A,108.3506,21.6414,防城港市,大海花园,,19,19,15,12,11,16,16,NA,NA,5,5,4,4,0.8,0.7
2026-10-04T0200,1371A,113.1293,23.0065,佛山市,湾梁,,20,NA,11,14,12,62,62,NA,NA,10,13,/,/,/,/
2026-10-04T0200,1372A,113.1082,23.0477,佛山市,华材职中,,21,14,12,12,11,66,66,NA,NA,5,8,2,2,0.7,0.6
2026-10-04T0200,1373A,113.1439,23.045,佛山市,南海气象局,,22,NA,17,15,12,54,54,NA,NA,12,14,/,/,/,/
2026-10-04T0200,1374A,113.2879,22.8094,佛山市,顺德苏岗,,20,20,15,12,9,39,39,NA,NA,12,9,/,/,0.3,0.3
2026-10-04T0200,1376A,112.8384,22.8678,佛山市,高明孔堂,,21,21,20,11,11,52,52,NA,NA,8,11,/,/,/,/
2026-10-04T0200,1377A,112.8835,23.1584,佛山市,三水监测站,,35,NA,15,24,17,34,34,NA,NA,19,11,4,5,0.5,0.4
2026-10-04T0200,1378A,112.8668,23.185,佛山市,三水云东海,,30,30,21,20,15,38,38,NA,NA,17,11,/,/,/,/
2026-10-04T0200,3625A,113.2568,22.7629,佛山市,容桂街道办,,19,NA,9,8,9,60,60,NA,NA,4,5,/,/,/,/
2026-10-04T0200,1282A,119.2681,26.0506,福州市,师大,,30,30,33,7,8,84,84,NA,NA,9,8,6,5,0.3,0.3
2026-10-04T0200,1283A,119.2983,26.1028,福州市,五四北路,,24,17,29,7,9,76,76,NA,NA,8,10,4,4,0.3,0.3
2026-10-04T0200,1284A,119.2648,26.0769,福州市,杨桥西路,,32,32,31,7,10,80,80,NA,NA,9,8,4,4,/,/
2026-10-04T0200,3048A,119.5799,26.0937,福州市,九龙,,23,23,29,6,6,67,67,NA,NA,7,6,6,6,0.4,0.3
2026-10-04T0200,3526A,119.5188,25.9666,福州市,吴航,,25,25,27,10,10,45,45,NA,NA,10,6,8,8,0.4,0.4
2026-10-04T0200,4104A,119.3106,26.0648,福州市,路通桥巷6号,,30,30,29,13,13,77,77,NA,NA,9,7,/,/,/,/
2026-10-04T0200,1755A,123.7974,41.8494,抚顺市,望花区,,42,32,40,29,23,26,26,NA,NA,22,25,11,12,0.9,0.8
2026-10-04T0200,1756A,123.9161,41.8827,抚顺市,顺城区,,49,43,35,34,20,15,15,NA,NA,28,20,11,12,0.7,0.7
2026-10-04T0200,1757A,124.0437,41.8615,抚顺市,东洲区,,19,NA,24,13,17,31,31,NA,NA,10,15,9,10,0.6,0.6
2026-10-04T0200,1758A,123.9246,41.8638,抚顺市,新抚区,,49,49,38,28,23,11,11,NA,NA,22,24,11,13,0.4,0.4
2026-10-04T0200,1759A,124.0972,41.8961,抚顺市,大伙房水库,,45,36,25,31,17,32,32,NA,NA,17,17,8,9,0.6,0.5
2026-10-04T0200,1760A,123.708,41.8386,抚顺市,沈抚新城,,28,28,40,8,20,50,50,NA,NA,12,24,10,14,0.7,1.2
2026-10-04T0200,2377A,116.3544,27.9833,抚州市,市站,,14,14,23,3,15,27,27,NA,NA,2,4,4,5,0.5,0.5
2026-10-04T0200,2378A,116.3562,27.9631,抚州市,血防站,,14,14,27,3,14,29,29,NA,NA,6,8,4,5,0.6,0.6
2026-10-04T0200,2379A,116.3561,28.0007,抚州市,采茶剧团,,10,9,25,3,16,30,30,NA,NA,2,3,1,2,0.6,0.4
2026-10-04T0200,2380A,116.3854,27.9648,抚州市,医学分院,NA,NA,7,22,3,12,28,28,NA,NA,NA,6,4,4,0.9,1.3
2026-10-04T0200,2207A,121.6095,41.9978,阜新市,工业园区,,25,25,41,16,17,46,46,NA,NA,9,20,10,13,0.6,0.6
2026-10-04T0200,2208A,121.6567,42.0188,阜新市,长青街,,23,19,32,16,20,41,41,NA,NA,13,24,9,14,0.6,0.6
2026-10-04T0200,2209A,121.6672,42.07,阜新市,农业园区,,24,24,35,11,16,41,41,NA,NA,7,16,4,16,0.3,0.4
2026-10-04T0200,2211A,121.6343,42.0455,阜新市,玉龙新城,,21,21,38,10,17,47,47,NA,NA,11,25,9,14,0.5,0.5
2026-10-04T0200,2301A,115.8276,32.8929,阜阳市,市监测站,,20,20,30,12,12,40,40,NA,NA,12,10,7,7,0.2,0.3
2026-10-04T0200,2303A,115.8551,32.8606,阜阳市,开发区,,18,NA,25,12,13,29,29,NA,NA,20,14,6,6,0.4,0.5
2026-10-04T0200,2875A,115.783962,32.889217,阜阳市,阜阳职业技术学院,NA,NA,15,19,7,12,36,36,NA,NA,9,10,NA,4,0.1,0.4
2026-10-04T0200,3468A,115.79,32.8614,阜阳市,市规划展馆,,21,21,21,12,11,43,43,NA,NA,10,8,4,5,0.4,0.5
2026-10-04T0200,3469A,115.835101,32.918568,阜阳市,枣园社区,,24,24,27,10,14,52,52,NA,NA,13,15,3,3,0.4,0.5
2026-10-04T0200,2669A,102.9097,34.9841,甘南藏族自治州,州政府,颗粒物(PM10),103,127,49,51,22,66,66,NA,NA,7,11,6,8,0.3,0.4
2026-10-04T0200,3380A,102.8915,34.9618,甘南藏族自治州,甘肃民族师范学院,颗粒物(PM10),102,124,58,42,24,81,81,NA,NA,8,16,8,9,0.4,0.4
2026-10-04T0200,2570A,101.96,30.048,甘孜藏族自治州,水桥子,,22,8,7,3,4,68,68,NA,NA,5,6,2,2,0.1,0.2
2026-10-04T0200,3065A,101.9534,29.9976,甘孜藏族自治州,州环保局,,20,15,13,3,2,64,64,NA,NA,5,8,3,3,0.1,0.1
2026-10-04T0200,2363A,114.9368,25.8663,赣州市,地委,,22,22,27,14,15,52,52,NA,NA,11,5,4,3,0.7,0.6
2026-10-04T0200,2364A,114.946,25.8483,赣州市,气象台,,32,32,28,13,14,30,30,NA,NA,5,7,4,4,0.6,0.6
2026-10-04T0200,2365A,114.932,25.8332,赣州市,市图书馆,NA,NA,15,24,15,16,NA,NA,NA,NA,8,8,3,4,0.8,1
2026-10-04T0200,2366A,114.8905,25.8472,赣州市,华坚鞋城,,26,25,28,18,19,27,27,NA,NA,8,10,2,1,0.9,0.8
2026-10-04T0200,3109A,115.0094,25.8614,赣州市,赣县区卫计委,,30,NA,24,21,15,35,35,NA,NA,7,8,7,6,0.7,0.7
2026-10-04T0200,2684A,106.2753,36.0057,固原市,监测站,,46,46,63,16,16,12,12,NA,NA,35,18,7,7,0.5,0.4
2026-10-04T0200,2685A,106.2384,36.0189,固原市,新区,,46,46,60,15,17,39,39,NA,NA,21,20,9,7,0.4,0.4
2026-10-04T0200,2544A,106.6307,30.4577,广安市,市委,NA,NA,28,17,13,10,NA,NA,NA,NA,16,11,8,8,0.6,0.5
2026-10-04T0200,2545A,106.6266,30.4662,广安市,友谊中学,,26,22,13,18,11,12,12,NA,NA,15,9,8,8,0.8,0.7
2026-10-04T0200,2547A,106.6386,30.4551,广安市,广电花园,,26,23,14,18,11,6,6,NA,NA,17,12,7,7,0.7,0.6
2026-10-04T0200,2902A,106.6347,30.4868,广安市,北辰小学,NA,NA,29,19,19,11,NA,NA,NA,NA,18,13,10,9,0.8,0.7
2026-10-04T0200,2524A,105.8211,32.4444,广元市,老城,,44,44,20,16,5,60,60,NA,NA,8,12,3,3,0.6,0.6
2026-10-04T0200,2526A,105.8629,32.429,广元市,监测站,,40,40,26,12,6,25,25,NA,NA,16,10,5,4,0.6,0.5
2026-10-04T0200,3617A,105.8047,32.4167,广元市,经开区,,42,42,17,18,8,53,53,NA,NA,12,14,6,6,0.5,0.5
2026-10-04T0200,1345A,113.2346,23.1423,广州市,广雅中学,,20,20,17,10,10,50,50,NA,NA,14,13,5,5,0.6,0.7
2026-10-04T0200,1346A,113.2611,23.105,广州市,市五中,,21,21,14,13,11,54,54,NA,NA,13,11,5,5,/,/
2026-10-04T0200,1348A,113.3477,23.0916,广州市,广东商学院,,17,13,13,8,8,52,52,NA,NA,17,14,7,6,0.3,0.3
2026-10-04T0200,1349A,113.4332,23.105,广州市,市八十六中,,14,10,9,6,7,43,43,NA,NA,27,18,7,7,/,/
2026-10-04T0200,1350A,113.3506,22.9488,广州市,番禺中学,,17,13,13,8,9,52,52,NA,NA,15,11,5,5,0.4,0.4
2026-10-04T0200,1351A,113.2147,23.3918,广州市,花都师范,,20,20,19,9,12,54,54,NA,NA,15,16,3,3,0.8,0.8
2026-10-04T0200,1352A,113.2599,23.1329,广州市,市监测站,,17,14,31,10,6,54,54,NA,NA,9,11,2,1,/,/
2026-10-04T0200,1353A,113.5618,23.3119,广州市,九龙镇镇龙,,29,29,19,20,11,15,15,NA,NA,22,13,8,8,0.6,0.4
2026-10-04T0200,1354A,113.2764,23.1544,广州市,麓湖,,19,18,15,13,9,55,55,NA,NA,13,15,6,5,0.7,0.7
2026-10-04T0200,2846A,113.3209,23.1323,广州市,体育西,,16,14,15,8,9,51,51,NA,NA,19,16,5,5,0.7,0.7
2026-10-04T0200,3298A,113.5718,23.5493,广州市,从化街口,,29,29,19,14,11,42,42,NA,NA,12,8,9,8,0.7,0.6
2026-10-04T0200,3299A,113.3463,23.369,广州市,白云竹料,,17,15,20,9,13,53,53,NA,NA,14,14,5,5,0.7,0.7
2026-10-04T0200,3300A,113.2981,23.2365,广州市,白云嘉禾,,21,21,17,14,12,46,46,NA,NA,20,17,6,5,/,/
2026-10-04T0200,3301A,113.4256,23.1716,广州市,黄埔科学城,,17,11,15,7,9,52,52,NA,NA,14,16,7,6,0.6,0.6
2026-10-04T0200,3302A,113.3942,23.0485,广州市,番禺大学城,,19,12,12,3,6,60,60,NA,NA,16,14,8,8,0.4,0.4
2026-10-04T0200,3303A,113.4923,22.8169,广州市,南沙黄阁,,16,7,15,3,5,51,51,NA,NA,18,12,9,9,/,/
2026-10-04T0200,3304A,113.534,22.7893,广州市,南沙街,,14,14,11,3,6,38,38,NA,NA,15,10,8,8,0.6,0.6
2026-10-04T0200,3443A,113.2905,23.5541,广州市,花都梯面,,25,25,18,15,11,41,41,NA,NA,26,14,8,7,/,/
2026-10-04T0200,3445A,113.786,23.7479,广州市,从化良口,,17,17,13,10,7,33,33,NA,NA,8,7,5,6,/,/
2026-10-04T0200,3446A,113.805,23.2614,广州市,增城荔城,,30,30,19,14,11,40,40,NA,NA,20,12,11,10,0.5,0.5
2026-10-04T0200,2506A,109.604387,23.066791,贵港市,江南子站,,36,29,29,25,19,31,31,NA,NA,15,14,4,4,0.7,0.7
2026-10-04T0200,2508A,109.5669,23.1065,贵港市,荷城子站,,36,36,24,20,15,32,32,NA,NA,14,13,10,6,0.7,0.7
2026-10-04T0200,3405A,109.5886,23.1172,贵港市,新世纪学校,,30,29,28,21,19,26,26,NA,NA,15,13,/,/,0.6,0.6
2026-10-04T0200,4260A,109.5933,23.095,贵港市,中山路155-3号,,41,41,33,26,19,29,29,NA,NA,14,12,/,/,0.7,0.8
2026-10-04T0200,1439A,106.6863,26.6035,贵阳市,马鞍山,,12,NA,10,8,8,30,30,NA,NA,8,7,2,2,/,/
2026-10-04T0200,1441A,106.6241,26.6266,贵阳市,鉴湖路,,17,17,21,3,6,38,38,NA,NA,4,5,7,7,0.7,0.8
2026-10-04T0200,1442A,106.7468,26.6344,贵阳市,燕子冲,,22,22,19,13,9,24,24,NA,NA,9,9,5,5,0.7,0.7
2026-10-04T0200,1443A,106.6556,26.4362,贵阳市,碧云窝,,19,19,27,7,10,29,29,NA,NA,12,9,4,5,/,/
2026-10-04T0200,1445A,106.6963,26.6063,贵阳市,红边门,,11,7,11,3,7,35,35,NA,NA,6,8,3,4,/,/
2026-10-04T0200,1446A,106.7162383,26.56964667,贵阳市,新华路,,17,17,18,8,9,38,38,NA,NA,8,9,6,6,0.7,0.7
2026-10-04T0200,1447A,106.6742,26.542,贵阳市,太慈桥,,17,17,16,7,9,26,26,NA,NA,9,10,3,3,/,/
2026-10-04T0200,4230A,106.688212,26.56952,贵阳市,花果园大街66号,,16,16,16,6,9,28,28,NA,NA,10,11,2,1,/,/
2026-10-04T0200,4231A,106.687268,26.516892,贵阳市,漓江路57号,,10,9,12,6,10,32,32,NA,NA,8,10,4,4,0.5,0.5
2026-10-04T0200,1864A,110.3091,25.2705,桂林市,龙隐路小学,,16,NA,19,11,14,23,23,NA,NA,10,12,5,5,0.8,0.8
2026-10-04T0200,1865A,110.2849361,25.22909545,桂林市,八中,,10,10,21,3,6,23,23,NA,NA,8,12,4,5,0.7,0.7
2026-10-04T0200,3531A,110.296,25.1254,桂林市,旅游学院,,31,31,25,12,17,23,23,NA,NA,9,10,2,2,0.7,0.7
2026-10-04T0200,4222A,110.1835,25.2444,桂林市,环湖路276号,,15,12,28,10,12,23,23,NA,NA,8,10,3,3,0.9,0.9
2026-10-04T0200,4301A,110.2803,25.2773,桂林市,信义路13号,,7,7,20,3,17,21,21,NA,NA,7,10,5,6,0.7,0.7
2026-10-04T0200,2674A,100.2262,34.4854,果洛藏族自治州,玛沁县大武镇,,42,42,49,8,12,34,34,NA,NA,5,5,19,20,0.4,0.4
2026-10-04T0200,1130A,126.5557,45.8109,哈尔滨市,松北商大,,31,31,24,14,13,22,22,NA,NA,20,21,5,5,0.4,0.4
2026-10-04T0200,1132A,126.6162,45.719,哈尔滨市,南岗学府路,,29,29,38,7,14,30,30,NA,NA,24,28,5,5,0.3,0.4
2026-10-04T0200,1133A,126.6894,45.7733,哈尔滨市,太平宏伟公园,,20,20,42,3,19,33,33,NA,NA,16,28,8,8,0.4,0.5
2026-10-04T0200,1134A,126.6361,45.7672,哈尔滨市,道外承德广场,,43,43,41,12,12,34,34,NA,NA,19,28,4,5,0.2,0.3
2026-10-04T0200,1136A,126.644,45.7261,哈尔滨市,动力和平路,NA,NA,NA,43,NA,14,NA,NA,14,NA,NA,34,NA,8,NA,0.6
2026-10-04T0200,1137A,126.5933,45.7479,哈尔滨市,道里建国路,,25,25,36,12,12,38,38,NA,NA,9,20,5,6,0.2,0.5
2026-10-04T0200,1138A,126.6127,45.6119,哈尔滨市,平房东轻厂,,50,50,33,28,13,7,7,NA,NA,48,36,17,10,0.6,0.6
2026-10-04T0200,1139A,126.5875,45.9827,哈尔滨市,呼兰师专,,21,21,22,8,7,35,35,NA,NA,16,16,4,4,0.5,0.5
2026-10-04T0200,1140A,126.6299,45.6799,哈尔滨市,省农科院,NA,NA,NA,88,NA,22,NA,NA,3,NA,NA,50,NA,8,NA,0.6
2026-10-04T0200,4282A,126.6769,45.7379,哈尔滨市,华山路1号,,27,27,36,12,12,30,30,NA,NA,30,32,9,8,0.4,0.3
2026-10-04T0200,4283A,126.9717,45.5356,哈尔滨市,解放大街52号,NA,NA,NA,NA,NA,NA,NA,NA,NA,NA,NA,NA,NA,NA,NA,NA
2026-10-04T0200,2688A,93.5124,42.8176,哈密市,地区监测站,,25,17,32,17,14,75,75,NA,NA,7,14,3,3,0.2,0.3
2026-10-04T0200,2689A,93.5014,42.8312,哈密市,哈密师范学校,,24,NA,38,3,14,76,76,NA,NA,10,17,2,2,0.2,0.3
2026-10-04T0200,2671A,100.9016,36.9464,海北藏族自治州,海晏县西海镇,颗粒物(PM10),83,96,41,39,23,91,91,NA,NA,2,5,11,10,0.4,0.4
2026-10-04T0200,3867A,102.074,36.5056,海东市,平安区公安局北苑,颗粒物(PM10),55,57,64,24,32,77,77,NA,NA,4,8,7,9,0.4,0.5
2026-10-04T0200,4163A,102.0984,36.5119,海东市,滨河路,,40,40,72,23,32,74,74,NA,NA,14,25,11,16,0.3,0.5
2026-10-04T0200,1410A,110.3189,20.0596,海口市,海南大学,,19,19,18,13,12,29,29,NA,NA,6,5,6,6,0.7,0.6
2026-10-04T0200,1411A,110.2827,20.0051,海口市,秀英海南医院,,27,27,22,15,15,16,16,NA,NA,24,10,4,4,0.5,0.5
2026-10-04T0200,1412A,110.3391,19.9979,海口市,海南师范大学,,28,28,21,16,15,31,31,NA,NA,6,6,4,4,0.6,0.6
2026-10-04T0200,1413A,110.3303,20.0359,海口市,龙华路环保局宿舍,,23,23,21,12,13,27,27,NA,NA,5,5,/,/,0.5,0.5
2026-10-04T0200,3539A,110.5111,19.9737,海口市,桂林洋子站,,38,38,23,20,15,12,12,NA,NA,12,8,/,/,/,/
2026-10-04T0200,4134A,110.1952,20.0451,海口市,长滨二路9号,,20,17,20,14,15,26,26,NA,NA,11,7,/,/,/,/
2026-10-04T0200,2673A,100.6158,36.2985,海南藏族自治州,共和县恰卜恰镇,颗粒物(PM10),59,62,33,27,15,66,66,NA,NA,6,8,4,7,0.5,0.4
2026-10-04T0200,2676A,97.373,37.376,海西蒙古族藏族自治州,德令哈市,,25,25,27,8,9,73,73,NA,NA,7,4,10,10,0.3,0.3
2026-10-04T0200,1049A,114.492,36.5712,邯郸市,矿院,,34,34,55,10,33,68,68,NA,NA,8,22,5,9,0.4,0.7
2026-10-04T0200,1050A,114.4839,36.6136,邯郸市,丛台公园,,35,35,39,3,16,61,61,NA,NA,1,8,3,2,0.2,0.2
2026-10-04T0200,3458A,114.7893,36.5592,邯郸市,香泉濮院小区,,45,45,82,20,42,58,58,NA,NA,8,19,1,3,0.3,0.5
2026-10-04T0200,3580A,114.1998,36.4439,邯郸市,峰峰矿区临水派出所,,41,41,46,20,26,57,57,NA,NA,15,12,8,7,0.6,0.7
2026-10-04T0200,4068A,114.5209,36.7697,邯郸市,建安街268号,,40,40,76,3,29,58,58,NA,NA,11,30,1,3,0.2,0.5
2026-10-04T0200,4069A,114.5488,36.6177,邯郸市,丛台东路558号,,32,32,58,8,32,67,67,NA,NA,5,19,2,4,0.2,0.5
2026-10-04T0200,2635A,107.0155,33.0707,汉中市,市监测站,,10,7,12,3,7,31,31,NA,NA,3,4,5,5,0.3,0.3
2026-10-04T0200,2636A,107.0083,33.114,汉中市,鑫源开发区,,9,7,15,3,7,26,26,NA,NA,9,8,6,6,0.2,0.2
2026-10-04T0200,2637A,107.0072,33.0323,汉中市,南郑大河坎水厂,,8,7,15,3,9,22,22,NA,NA,11,9,3,3,0.5,0.5
2026-10-04T0200,1223A,120.2073,30.2111,杭州市,滨江,,15,7,23,3,11,46,46,NA,NA,15,22,6,6,0.6,0.6
2026-10-04T0200,1224A,120.0625,30.2737,杭州市,西溪,,13,6,18,3,10,39,39,NA,NA,14,22,4,4,0.3,0.3
2026-10-04T0200,1226A,120.3417,30.315,杭州市,下沙,,16,10,18,6,9,49,49,NA,NA,6,14,5,6,0.5,0.5
2026-10-04T0200,1227A,120.1252,30.2465,杭州市,卧龙桥,,13,9,18,3,10,41,41,NA,NA,13,17,8,7,0.3,0.3
2026-10-04T0200,1228A,120.1902,30.2691,杭州市,浙江农大,,14,6,19,3,11,43,43,NA,NA,11,25,8,8,0.4,0.5
2026-10-04T0200,1230A,120.1195,30.3121,杭州市,和睦小学,,15,8,18,3,11,48,48,NA,NA,15,24,6,6,0.6,0.6
2026-10-04T0200,1231A,120.3076,30.4146,杭州市,临平镇,,16,9,25,3,10,50,50,NA,NA,15,22,6,7,0.5,0.5
2026-10-04T0200,1232A,120.2753,30.1839,杭州市,城厢镇,,14,8,20,3,10,42,42,NA,NA,8,18,6,7,0.6,0.6
2026-10-04T0200,1233A,120.0883,30.1808,杭州市,云栖,,13,10,18,3,6,41,41,NA,NA,14,17,7,6,0.6,0.6
2026-10-04T0200,3557A,119.9463,30.0496,杭州市,镇二中,,12,6,15,3,9,36,36,NA,NA,16,19,6,6,0.6,0.6
2026-10-04T0200,3558A,119.7184,30.2367,杭州市,市府大楼,,10,6,11,3,7,32,32,NA,NA,10,15,6,7,0.5,0.5
2026-10-04T0200,3656A,120.1554,30.2863,杭州市,消防大队,,16,8,18,3,11,50,50,NA,NA,14,23,9,9,0.6,0.6
2026-10-04T0200,1270A,117.1957,31.7845,合肥市,明珠广场,,26,24,17,18,9,49,49,NA,NA,8,15,10,10,0.4,0.5
2026-10-04T0200,1271A,117.307,31.8765,合肥市,三里街,,19,19,13,13,8,44,44,NA,NA,11,16,5,5,0.6,0.7
2026-10-04T0200,1272A,117.2587,31.8703,合肥市,琥珀山庄,,19,19,16,13,7,50,50,NA,NA,8,12,6,6,0.5,0.6
2026-10-04T0200,1275A,117.2593,31.9376,合肥市,庐阳区,,19,19,13,12,7,46,46,NA,NA,6,13,5,5,0.5,0.6
2026-10-04T0200,1276A,117.345251,31.861615,合肥市,瑶海区,,20,NA,11,14,7,46,46,NA,NA,3,8,4,4,0.4,0.6
2026-10-04T0200,1277A,117.3033,31.7967,合肥市,包河区,,18,17,13,12,8,42,42,NA,NA,16,25,5,6,0.4,0.5
2026-10-04T0200,1278A,117.278,31.7392,合肥市,滨湖新区,,19,NA,13,13,8,48,48,NA,NA,10,13,7,8,0.5,0.5
2026-10-04T0200,1279A,117.1324,31.8395,合肥市,高新区,,18,17,16,12,6,48,48,NA,NA,12,17,8,7,0.4,0.5
2026-10-04T0200,3464A,117.3802,31.9148,合肥市,高教基地,,24,24,16,13,6,40,40,NA,NA,9,11,8,8,0.4,0.6
2026-10-04T0200,4098A,117.2518,31.8404,合肥市,中国科学技术大学,,20,14,13,14,7,50,50,NA,NA,12,16,7,8,0.2,0.3
2026-10-04T0200,3614A,79.9241,37.0878,和田地区,地区环保局,颗粒物(PM10),104,129,155,36,39,38,38,NA,NA,37,10,4,3,0.5,0.4
2026-10-04T0200,3615A,79.9132,37.1137,和田地区,市环保局,颗粒物(PM10),107,138,156,46,41,36,36,NA,NA,44,11,4,4,0.9,0.5
2026-10-04T0200,2517A,108.0496,24.6957,河池市,市环保站,,7,NA,22,3,11,21,21,NA,NA,2,4,6,10,0.7,0.7
2026-10-04T0200,4302A,108.0901,24.6945,河池市,上任中路54号,,9,6,21,3,9,26,26,NA,NA,2,5,7,10,0.8,0.8
2026-10-04T0200,1697A,114.6962,23.7538,河源市,东埔,,18,17,18,11,12,55,55,NA,NA,8,10,6,6,0.8,0.8
2026-10-04T0200,1698A,114.6895,23.7232,河源市,老城,,19,18,24,13,13,52,52,NA,NA,7,10,7,7,0.9,0.8
2026-10-04T0200,3374A,115.5562,35.089,菏泽市,定陶老年大学,,46,46,59,32,34,38,38,NA,NA,14,16,8,7,0.5,0.5
2026-10-04T0200,4114A,115.4239,35.2593,菏泽市,黄河路600号,,44,44,64,27,30,51,51,NA,NA,13,14,4,8,0.4,0.3
2026-10-04T0200,4115A,115.5025,35.2727,菏泽市,菏泽市人社局,,38,38,54,25,27,36,36,NA,NA,29,18,3,5,0.2,0.2
2026-10-04T0200,4184A,115.479691,35.244011,菏泽市,永昌路1号,,36,33,56,25,29,69,69,NA,NA,9,14,2,4,0.1,0.1
2026-10-04T0200,4193A,115.471542,35.280012,菏泽市,长城路999号,,39,39,52,24,25,47,47,NA,NA,18,15,6,7,0.3,0.3
2026-10-04T0200,2514A,111.5264,24.4178,贺州市,环保小区,,40,30,23,28,18,34,34,NA,NA,14,9,14,13,0.6,0.5
2026-10-04T0200,2515A,111.561,24.4074,贺州市,政协大楼,,38,NA,18,26,18,29,29,NA,NA,12,11,12,12,0.7,0.7
2026-10-04T0200,3534A,111.4744,24.455,贺州市,西湾,,40,40,33,20,19,26,26,NA,NA,11,10,10,8,0.6,0.6
2026-10-04T0200,2385A,114.17,35.9019,鹤壁市,市监测站,颗粒物(PM10),70,77,46,33,23,57,57,NA,NA,16,11,4,5,0.8,0.6
2026-10-04T0200,2386A,114.2953,35.7512,鹤壁市,市交警支队,细颗粒物(PM2.5),56,57,40,38,21,30,30,NA,NA,23,17,5,4,0.6,0.6
2026-10-04T0200,2387A,114.2877,35.7302,鹤壁市,迎宾馆,颗粒物(PM10),65,70,45,36,20,41,41,NA,NA,20,14,5,6,0.7,0.6
2026-10-04T0200,3474A,114.2616,35.6824,鹤壁市,大新区,细颗粒物(PM2.5),90,NA,44,55,27,43,43,NA,NA,17,13,7,7,0.3,0.2
2026-10-04T0200,3596A,114.1573,35.9607,鹤壁市,南山宾馆,颗粒物(PM10),76,86,51,33,28,59,59,NA,NA,18,14,8,8,0.3,0.1
2026-10-04T0200,2244A,130.2537,47.3416,鹤岗市,哈啤分公司,,24,24,22,3,5,51,51,NA,NA,4,5,9,9,0.6,0.6
2026-10-04T0200,2245A,130.2683,47.3087,鹤岗市,斯达机电,,16,16,25,11,8,42,42,NA,NA,4,9,4,5,0.5,0.5
2026-10-04T0200,2246A,130.3114,47.3388,鹤岗市,东山纸板厂,,37,37,50,9,8,18,18,NA,NA,8,12,6,5,1.0,0.6
2026-10-04T0200,2263A,127.4832,50.2524,黑河市,交通局,,11,10,55,3,7,34,34,NA,NA,1,10,6,6,0.1,0.1
2026-10-04T0200,2264A,127.5146,50.2339,黑河市,环保局,,13,NA,24,9,12,37,37,NA,NA,6,14,6,7,0.3,0.2
2026-10-04T0200,1074A,115.6839,37.754,衡水市,电机北厂,,20,20,82,3,37,61,61,NA,NA,5,17,4,9,0.2,0.5
2026-10-04T0200,1075A,115.6303,37.7318,衡水市,市监测站,,30,30,89,3,37,58,58,NA,NA,5,19,5,9,0.1,0.4
2026-10-04T0200,3188A,115.6684,37.7216,衡水市,市城管局,,42,42,110,17,42,54,54,NA,NA,6,20,1,8,0.2,0.5
2026-10-04T0200,3459A,115.599,37.5491,衡水市,地表水厂,,44,44,119,3,42,61,61,NA,NA,1,21,1,4,0.2,0.5
2026-10-04T0200,2457A,112.6209,26.9268,衡阳市,衡阳化工总厂,,9,9,15,3,7,27,27,NA,NA,12,13,9,10,0.6,0.7
2026-10-04T0200,2458A,112.621,26.8957,衡阳市,珠晖区环保局,,13,13,20,3,7,28,28,NA,NA,11,15,6,6,0.6,0.6
2026-10-04T0200,2459A,112.628,26.8654,衡阳市,市委党校,,8,6,12,3,8,24,24,NA,NA,12,12,11,10,0.8,0.8
2026-10-04T0200,2460A,112.6007,26.8977,衡阳市,市监测站,,9,9,19,3,13,28,28,NA,NA,10,12,5,6,0.8,0.9
2026-10-04T0200,2461A,112.5658,26.9013,衡阳市,真空机电公司,,11,11,19,3,10,25,25,NA,NA,10,10,6,7,0.7,0.7
2026-10-04T0200,3399A,112.6703,26.8817,衡阳市,师范学院,,7,6,12,3,9,22,22,NA,NA,11,11,6,7,0.7,0.7
2026-10-04T0200,3038A,103.3757,23.3679,红河哈尼族彝族自治州,州图书馆,,30,30,23,18,16,60,60,NA,NA,3,2,3,3,0.4,0.3
2026-10-04T0200,4154A,103.401,23.3561,红河哈尼族彝族自治州,蒙自市朝阳路,,25,NA,15,17,16,54,54,NA,NA,3,3,3,3,0.3,0.3
2026-10-04T0200,1090A,111.6506,40.7517,呼和浩特市,呼市一监,,17,6,23,3,7,52,52,NA,NA,5,5,2,2,0.4,0.4
2026-10-04T0200,1094A,111.7516,40.8369,呼和浩特市,如意水处理厂,,16,9,18,6,10,49,49,NA,NA,12,8,7,7,0.2,0.2
2026-10-04T0200,1095A,111.727798,40.806187,呼和浩特市,二十九中,,16,10,24,3,10,49,49,NA,NA,8,9,6,7,0.4,0.4
2026-10-04T0200,1097A,111.717,40.7617,呼和浩特市,化肥厂生活区,,24,24,20,9,8,30,30,NA,NA,22,10,5,5,0.5,0.5
2026-10-04T0200,3699A,111.6519,40.8389,呼和浩特市,海东办,,15,6,19,3,4,45,45,NA,NA,12,9,8,8,0.1,0.1
2026-10-04T0200,4275A,111.591512,40.827312,呼和浩特市,成吉思汗西街8号,,15,7,21,3,6,45,45,NA,NA,13,12,2,6,0.3,0.3
2026-10-04T0200,4276A,111.6597,40.8077,呼和浩特市,公园东路75号,,14,7,20,7,6,44,44,NA,NA,9,8,6,6,0.1,0.2
2026-10-04T0200,4277A,111.5427,40.7846,呼和浩特市,金海路35号,,14,8,24,3,9,24,24,NA,NA,27,11,5,6,0.2,0.2
2026-10-04T0200,3061A,119.7511,49.1576,呼伦贝尔市,国华电力东,,30,30,26,13,11,3,3,NA,NA,33,19,4,5,0.4,0.4
2026-10-04T0200,4279A,119.7569,49.2222,呼伦贝尔市,伊敏大街东7号,,24,24,29,8,15,18,18,NA,NA,23,24,6,6,0.2,0.3
2026-10-04T0200,1250A,120.075,30.867,湖州市,城西水厂,,25,6,14,3,8,78,78,NA,NA,11,18,6,6,0.5,0.5
2026-10-04T0200,2873A,120.083,30.8929,湖州市,仁皇山新区,,25,6,14,3,7,79,79,NA,NA,10,18,6,6,0.5,0.4
2026-10-04T0200,2907A,120.1846,30.8592,湖州市,吴兴区站,,22,9,16,3,10,68,68,NA,NA,6,14,7,7,0.6,0.6
2026-10-04T0200,3562A,120.4146,30.8538,湖州市,南浔区站,,22,9,16,8,10,68,68,NA,NA,6,12,8,8,0.5,0.5
2026-10-04T0200,1607A,120.904878,40.721091,葫芦岛市,龙港区,,38,34,36,26,27,50,50,NA,NA,11,30,9,19,0.5,0.8
2026-10-04T0200,1608A,120.8382,40.7521,葫芦岛市,化工街,细颗粒物(PM2.5),52,44,45,36,27,48,48,NA,NA,13,33,8,10,0.5,0.7
2026-10-04T0200,1609A,120.8339,40.7078,葫芦岛市,新区,,46,36,36,32,26,47,47,NA,NA,13,30,6,12,0.7,0.9
2026-10-04T0200,1610A,120.8697,40.7679,葫芦岛市,东城区,细颗粒物(PM2.5),56,NA,39,38,31,55,55,NA,NA,13,33,6,10,0.7,0.9
2026-10-04T0200,2483A,109.9297,27.5383,怀化市,河西地税局,,13,7,7,3,4,40,40,NA,NA,6,9,8,7,/,/
2026-10-04T0200,2484A,109.9783,27.5342,怀化市,市四医院,,10,7,11,3,6,32,32,NA,NA,8,10,6,7,0.5,0.5
2026-10-04T0200,2485A,109.9971,27.5579,怀化市,监测楼,,9,NA,11,3,7,27,27,NA,NA,11,11,3,6,0.4,0.4
2026-10-04T0200,1210A,119.0566,33.5991,淮安市,钵池山,,34,34,29,22,17,44,44,NA,NA,12,13,7,7,0.8,0.8
2026-10-04T0200,1211A,119.0083,33.578,淮安市,北京南路,,36,34,29,25,17,44,44,NA,NA,15,16,14,8,0.6,0.6
2026-10-04T0200,1212A,118.9938,33.6083,淮安市,市监测站,,46,46,19,27,17,34,34,NA,NA,26,17,25,10,0.4,0.3
2026-10-04T0200,1213A,119.135,33.5038,淮安市,楚州区监测站,NA,NA,0,22,NA,18,33,33,NA,NA,16,13,7,7,0.8,0.8
2026-10-04T0200,3426A,118.8757,33.2897,淮安市,新华书店,,36,36,26,18,15,46,46,NA,NA,10,9,10,10,1.0,0.9
2026-10-04T0200,4092A,119.119691,33.550006,淮安市,枚皋中路89号,,38,32,27,26,18,26,26,NA,NA,21,13,6,6,0.8,0.7
2026-10-04T0200,4206A,119.028838,33.631911,淮安市,承德北路606号,,36,36,31,23,17,36,36,NA,NA,14,15,8,8,0.6,0.6
2026-10-04T0200,2282A,116.8005,33.9749,淮北市,监测站,,30,26,32,21,16,41,41,NA,NA,14,12,7,6,0.7,0.7
2026-10-04T0200,2283A,116.8094,33.9008,淮北市,烈山区政府,,35,24,22,24,14,30,30,NA,NA,17,12,5,5,0.4,0.3
2026-10-04T0200,4017A,116.7926,33.9534,淮北市,市博物馆,,46,38,31,32,18,36,36,NA,NA,24,14,10,8,0.5,0.3
2026-10-04T0200,4100A,116.8322,33.9884,淮北市,杜集区第一实验学校,,40,32,19,28,13,26,26,NA,NA,20,13,7,6,0.5,0.4
2026-10-04T0200,2277A,116.8304,32.7726,淮南市,潘集区政府,,18,18,19,11,10,43,43,NA,NA,14,10,7,7,0.4,0.4
2026-10-04T0200,2279A,116.8569,32.5949,淮南市,谢家集区政府,,29,22,20,20,11,44,44,NA,NA,11,13,6,6,0.3,0.3
2026-10-04T0200,2280A,116.8279,32.6333,淮南市,八公山区政府,,27,27,21,15,10,41,41,NA,NA,12,14,4,4,0.4,0.4
2026-10-04T0200,2894A,117.0561,32.6536,淮南市,经济技术开发区消防队,,23,23,14,15,8,38,38,NA,NA,16,13,9,10,0.3,0.3
2026-10-04T0200,3329A,117.011,32.5891,淮南市,山南新区,,23,NA,12,16,10,41,41,NA,NA,18,11,4,3,0.2,0.2
2026-10-04T0200,4209A,117.003137,32.644456,淮南市,国庆中路369号,,22,22,22,15,10,34,34,NA,NA,12,12,10,10,0.2,0.2
2026-10-04T0200,2446A,114.9021,30.474,黄冈市,职工中心,,15,11,15,3,8,45,45,NA,NA,3,7,6,5,0.4,0.4
2026-10-04T0200,2929A,114.8858,30.4519,黄冈市,红卫路,,14,14,16,3,8,42,42,NA,NA,6,9,3,3,0.4,0.4
2026-10-04T0200,3398A,114.9134,30.4446,黄冈市,市林业局,,14,9,10,3,4,42,42,NA,NA,6,7,3,4,0.3,0.3
2026-10-04T0200,2672A,102.02,35.5101,黄南藏族自治州,同仁县隆务镇,颗粒物(PM10),88,102,52,40,22,88,88,NA,NA,1,3,7,7,0.2,0.3
2026-10-04T0200,2295A,118.2905,29.6965,黄山市,延安路89号,,13,6,8,3,2,39,39,NA,NA,3,5,3,4,0.2,0.2
2026-10-04T0200,2297A,118.1369,30.2755,黄山市,黄山区政府5号楼,,12,6,10,3,3,38,38,NA,NA,5,4,4,4,0.2,0.3
2026-10-04T0200,4210A,118.335445,29.720283,黄山市,滨江东路7-2号,,13,13,17,3,1,36,36,NA,NA,4,5,/,/,/,/
2026-10-04T0200,2423A,115.0547,30.2332,黄石市,沈家营,,12,12,16,3,6,35,35,NA,NA,2,4,8,8,0.7,0.6
2026-10-04T0200,2426A,114.899,30.211,黄石市,铁山,NA,NA,10,16,3,6,NA,NA,NA,NA,5,10,4,4,0.4,0.5
2026-10-04T0200,2427A,115.0259,30.2108,黄石市,团城山,NA,NA,NA,17,NA,7,NA,NA,43,NA,NA,6,NA,6,NA,0.6
2026-10-04T0200,1653A,116.6229,35.4288,济宁市,火炬城,颗粒物(PM10),55,57,43,30,18,36,36,NA,NA,26,16,2,3,0.3,0.3
2026-10-04T0200,3500A,116.5808,35.3703,济宁市,北湖一中,细颗粒物(PM2.5),88,72,44,54,24,36,36,NA,NA,21,14,8,7,0.3,0.4
2026-10-04T0200,3501A,116.8251,35.5592,济宁市,服务中心,,45,45,54,20,20,15,15,NA,NA,37,21,6,9,0.2,0.1
2026-10-04T0200,3678A,116.5907,35.4054,济宁市,市第七中学,颗粒物(PM10),65,70,49,30,21,46,46,NA,NA,24,16,4,5,0.4,0.5
2026-10-04T0200,4111A,116.6075,35.4566,济宁市,任和路,细颗粒物(PM2.5),64,44,45,42,17,20,20,NA,NA,29,16,3,4,0.4,0.3
2026-10-04T0200,4112A,116.5648,35.3921,济宁市,文体南路1号,颗粒物(PM10),68,75,49,42,23,34,34,NA,NA,26,16,7,5,0.3,0.3
2026-10-04T0200,4122A,112.6071,35.1015,济源市,市委党校,颗粒物(PM10),63,67,42,7,25,77,77,NA,NA,12,14,8,7,0.6,0.9
2026-10-04T0200,4123A,112.596,35.0702,济源市,沁园中路1号,颗粒物(PM10),67,73,39,24,24,62,62,NA,NA,21,18,7,3,1.9,0.9
2026-10-04T0200,2255A,130.2749,46.8028,佳木斯市,佳纺,NA,NA,NA,NA,NA,NA,NA,NA,NA,NA,NA,NA,NA,NA,NA,NA
2026-10-04T0200,2257A,130.3258,46.7975,佳木斯市,环保局,,49,49,30,7,11,4,4,NA,NA,26,21,1,2,0.3,0.3
2026-10-04T0200,4285A,130.363,46.806,佳木斯市,顺和街,,45,45,28,18,12,3,3,NA,NA,32,22,1,2,0.3,0.3
2026-10-04T0200,4286A,130.3952,46.8268,佳木斯市,长安路196号,,25,25,21,3,8,4,4,NA,NA,32,13,2,2,0.3,0.2
2026-10-04T0200,1252A,120.7439,30.778,嘉兴市,清河小学,,20,13,18,10,6,62,62,NA,NA,11,16,6,6,0.5,0.4
2026-10-04T0200,1253A,120.7261,30.7477,嘉兴市,嘉兴学院,NA,NA,8,14,7,8,70,70,NA,NA,NA,15,5,5,0.4,0.4
2026-10-04T0200,2872A,120.7845,30.7524,嘉兴市,南湖区残联,,22,NA,16,8,8,69,69,NA,NA,8,16,5,6,0.3,0.3
2026-10-04T0200,3407A,120.6915,30.7741,嘉兴市,秀洲住建,,21,6,14,3,5,66,66,NA,NA,12,20,6,6,0.5,0.5
2026-10-04T0200,1945A,98.291,39.7705,嘉峪关市,气象局,,22,14,59,3,12,68,68,NA,NA,11,10,5,5,0.4,0.4
2026-10-04T0200,2884A,98.2672,39.7978,嘉峪关市,酒钢宾馆,,25,14,60,8,13,78,78,NA,NA,9,15,6,6,0.3,0.6
2026-10-04T0200,3248A,98.2644,39.7723,嘉峪关市,雄关区,NA,NA,26,58,NA,15,76,76,NA,NA,6,9,3,4,0.1,0.2
2026-10-04T0200,1383A,113.1063,22.6058,江门市,北街,,15,11,13,10,8,48,48,NA,NA,5,5,/,/,/,/
2026-10-04T0200,1384A,113.073,22.5835,江门市,西区,,17,12,11,9,8,54,54,NA,NA,13,11,/,/,/,/
2026-10-04T0200,1385A,113.0218,22.531,江门市,圭峰西,,17,17,13,8,8,54,54,NA,NA,10,9,/,/,/,/
2026-10-04T0200,3311A,113.1077,22.5647,江门市,江海富民,,30,30,19,11,8,60,60,NA,NA,9,8,/,/,0.4,0.4
2026-10-04T0200,3449A,113.0496,22.4669,江门市,新会银湖,,18,NA,16,12,8,21,21,NA,NA,16,8,3,4,0.5,0.5
2026-10-04T0200,4326A,113.0794,22.5999,江门市,五邑大学,,18,13,10,8,8,56,56,NA,NA,4,5,7,6,0.5,0.5
2026-10-04T0200,3335A,113.3137,35.2643,焦作市,马村街道办,颗粒物(PM10),58,61,49,34,34,41,41,NA,NA,16,13,1,2,0.6,0.6
2026-10-04T0200,3336A,113.2464,35.2374,焦作市,焦作技师学院,NA,NA,NA,51,31,28,NA,NA,NA,NA,17,12,8,8,0.6,0.6
2026-10-04T0200,3477A,113.1656,35.2536,焦作市,中站许衡医院,颗粒物(PM10),55,56,52,20,32,60,60,NA,NA,8,14,9,8,0.6,0.6
2026-10-04T0200,3981A,113.2456,35.18,焦作市,原李万街道办,颗粒物(PM10),67,73,43,30,28,45,45,NA,NA,14,12,6,3,0.4,0.3
2026-10-04T0200,4264A,113.234,35.219,焦作市,新安路1731号,颗粒物(PM10),55,57,48,34,34,53,53,NA,NA,18,14,1,1,0.5,0.6
2026-10-04T0200,4295A,113.2722,35.2121,焦作市,人民路3066号,颗粒物(PM10),59,62,46,34,33,41,41,NA,NA,13,10,5,5,0.5,0.3
2026-10-04T0200,1708A,116.3701,23.5345,揭阳市,新兴,,26,26,34,9,18,70,70,NA,NA,7,15,7,10,0.7,0.9
2026-10-04T0200,1709A,116.3261,23.5442,揭阳市,西马,,35,35,33,12,17,62,62,NA,NA,7,10,5,7,0.8,0.9
2026-10-04T0200,1710A,116.361,23.5627,揭阳市,东兴,,22,19,32,10,18,69,69,NA,NA,7,15,5,9,/,/
2026-10-04T0200,1711A,116.4151,23.5295,揭阳市,渔湖,,26,26,29,9,15,67,67,NA,NA,5,12,5,7,/,/
2026-10-04T0200,3320A,116.4028,23.5699,揭阳市,曲溪,,33,33,33,11,17,68,68,NA,NA,5,13,8,11,0.6,0.7
2026-10-04T0200,1944A,102.1691,38.5166,金昌市,天庆家园,,36,36,57,12,12,50,50,NA,NA,7,6,1,5,0,0.3
2026-10-04T0200,4022A,102.1648,38.5369,金昌市,金川区人防中心,,29,29,45,6,15,52,52,NA,NA,5,5,5,4,0.2,0.2
2026-10-04T0200,4239A,102.193042,38.531887,金昌市,长春路96号,,47,47,56,10,12,59,59,NA,NA,7,4,4,3,0.1,0.1
2026-10-04T0200,1262A,119.6478,29.0773,金华市,十五中,,12,7,33,3,13,36,36,NA,NA,8,19,4,5,1.1,0.9
2026-10-04T0200,1263A,119.6859,29.1032,金华市,监测站,,34,34,33,20,14,40,40,NA,NA,14,22,1,3,0.8,0.7
2026-10-04T0200,3659A,119.656,29.1132,金华市,气象局,,37,37,32,23,12,31,31,NA,NA,14,20,5,6,0.9,0.8
2026-10-04T0200,1767A,121.1114,41.0879,锦州市,南山,,35,28,28,24,24,51,51,NA,NA,13,27,9,10,0.8,0.9
2026-10-04T0200,1768A,121.060361,40.842794,锦州市,开发区,,33,26,45,23,29,46,46,NA,NA,11,29,8,11,0.6,0.8
2026-10-04T0200,1769A,121.1836,41.1118,锦州市,百股街道,,32,28,34,22,25,52,52,NA,NA,11,26,9,12,0.8,0.8
2026-10-04T0200,1770A,121.1176,41.1224,锦州市,天安街道,,31,31,32,20,23,51,51,NA,NA,12,28,9,12,0.5,0.7
2026-10-04T0200,1771A,121.1303,41.1385,锦州市,北湖公园,,36,28,31,25,23,49,49,NA,NA,8,20,2,4,0.5,0.5
2026-10-04T0200,2160A,112.8496,35.5051,晋城市,自来水公司,颗粒物(PM10),51,51,45,3,17,74,74,NA,NA,16,13,7,7,0.3,0.5
2026-10-04T0200,2162A,112.8509,35.4886,晋城市,市环保局,,49,49,43,6,20,75,75,NA,NA,12,13,6,6,0.5,0.6
2026-10-04T0200,3620A,112.8258,35.4804,晋城市,泽州一中,,42,42,41,10,20,86,86,NA,NA,9,12,6,7,0.5,0.7
2026-10-04T0200,4078A,112.8246,35.5152,晋城市,前书院路,,41,41,41,9,20,81,81,NA,NA,10,14,9,10,0.7,1
2026-10-04T0200,4079A,112.8864,35.4773,晋城市,祥云街666号,,45,45,37,20,22,78,78,NA,NA,9,12,10,7,0.8,0.8
2026-10-04T0200,2174A,112.6992,37.6984,晋中市,榆次区政府,,23,14,73,9,32,72,72,NA,NA,4,16,9,14,0.3,0.7
2026-10-04T0200,2865A,112.7195,37.683,晋中市,榆次三中,,24,9,73,3,26,74,74,NA,NA,4,13,9,12,0.2,0.5
2026-10-04T0200,4080A,112.7375,37.7215,晋中市,广安街188号,,24,NA,59,10,23,74,74,NA,NA,5,11,9,13,0.1,0.3
2026-10-04T0200,4200A,112.7478,37.6954,晋中市,迎宾街26号,,24,12,65,8,26,74,74,NA,NA,3,11,10,13,0.3,0.4
2026-10-04T0200,2439A,112.2012,31.048,荆门市,竹园小学,NA,NA,17,26,10,16,NA,NA,NA,NA,7,7,7,7,0.5,0.4
2026-10-04T0200,2440A,112.1968,30.9892,荆门市,掇刀,NA,NA,16,24,11,15,NA,NA,NA,NA,11,10,7,6,0.5,0.5
2026-10-04T0200,3012A,112.1849,31.0361,荆门市,西山林语,,21,21,25,13,15,40,40,NA,NA,6,6,6,5,0.7,0.5
2026-10-04T0200,3547A,112.1631,31.0134,荆门市,龙泉中学南校,NA,NA,13,16,12,10,NA,NA,NA,NA,5,5,7,6,0.4,0.6
2026-10-04T0200,4124A,112.2213,31.0654,荆门市,新台西路6号,,26,26,19,13,16,31,31,NA,NA,6,5,6,6,0.5,0.5
2026-10-04T0200,1844A,112.2493,30.3198,荆州市,市图书馆,NA,NA,34,19,14,16,NA,NA,NA,NA,14,12,8,7,0.6,0.6
2026-10-04T0200,1845A,112.2009,30.3543,荆州市,市委党校,NA,NA,15,20,9,14,34,34,NA,NA,15,14,NA,5,0.4,0.4
2026-10-04T0200,3194A,112.2749,30.3124,荆州市,管委会,NA,NA,14,18,14,17,41,41,NA,NA,15,13,7,6,NA,0.5
2026-10-04T0200,4268A,112.1722,30.3366,荆州市,学苑路85号,NA,NA,18,19,7,16,40,40,NA,NA,10,11,NA,6,0.6,0.6
2026-10-04T0200,2343A,117.2114,29.2931,景德镇市,老干部活动中心,,10,6,7,3,5,31,31,NA,NA,2,2,3,4,0.6,0.6
2026-10-04T0200,2344A,117.1893,29.2789,景德镇市,兽医站,,27,27,26,3,3,22,22,NA,NA,11,5,4,3,0.6,0.6
2026-10-04T0200,2346A,117.246,29.2958,景德镇市,陶研所,,10,6,8,3,5,30,30,NA,NA,3,4,3,3,0.6,0.6
2026-10-04T0200,4289A,117.154766,29.256967,景德镇市,青少年活动中心,,7,7,8,3,4,18,18,NA,NA,10,7,8,6,/,/
2026-10-04T0200,1803A,115.9873,29.6816,九江市,十里,,21,6,9,3,5,66,66,NA,NA,10,11,3,2,0.5,0.6
2026-10-04T0200,1804A,115.9583,29.7047,九江市,茅山头,,18,14,10,3,5,56,56,NA,NA,8,14,4,4,0.5,0.5
2026-10-04T0200,1805A,115.9877,29.7295,九江市,西园,,17,7,12,3,5,53,53,NA,NA,5,5,6,6,0.6,0.7
2026-10-04T0200,1808A,115.9112,29.6038,九江市,综合工业园,,20,6,5,3,4,64,64,NA,NA,8,27,7,7,0.7,0.7
2026-10-04T0200,3190A,116.0254,29.6995,九江市,外国语学校,,22,8,10,3,5,70,70,NA,NA,11,14,10,10,0.5,0.5
2026-10-04T0200,4253A,116.010205,29.659402,九江市,莲花大道8号,,19,11,11,3,4,59,59,NA,NA,8,11,7,7,0.4,0.5
2026-10-04T0200,4240A,98.495752,39.733935,酒泉市,玉门东路5号,,22,22,57,11,16,56,56,NA,NA,13,6,4,5,0.3,0.2
2026-10-04T0200,4241A,98.5099,39.7506,酒泉市,北大街108号,,27,27,56,8,15,64,64,NA,NA,10,5,6,6,0.3,0.2
2026-10-04T0200,2698A,76.0071,39.466,喀什地区,巡警大队,颗粒物(PM10),150,248,153,90,60,9,9,NA,NA,66,29,5,5,0.8,0.4
2026-10-04T0200,2699A,75.9756,39.4693,喀什地区,吾办,颗粒物(PM10),141,225,151,87,52,2,2,NA,NA,65,27,3,4,1.0,0.6
2026-10-04T0200,4027A,75.9485,39.4688,喀什地区,老干局,颗粒物(PM10),137,216,143,64,36,2,2,NA,NA,78,23,5,5,0.7,0.4
2026-10-04T0200,1824A,114.3389,34.778,开封市,肿瘤医院,NA,NA,NA,32,31,29,NA,NA,NA,NA,10,12,3,4,0.6,0.5
2026-10-04T0200,1826A,114.2884,34.7966,开封市,世纪星幼儿园,,39,28,27,27,29,53,53,NA,NA,8,9,2,2,0.8,0.8
2026-10-04T0200,3147A,114.3434,34.8101,开封市,龙亭公园,NA,NA,29,31,28,24,NA,NA,NA,NA,4,6,4,4,0.6,0.6
2026-10-04T0200,3210A,114.3645,34.7955,开封市,汴京公园,颗粒物(PM10),58,60,62,31,25,50,50,NA,NA,9,9,4,3,0.0,0
2026-10-04T0200,3473A,114.2485,34.8306,开封市,技师学院,,40,33,32,28,25,57,57,NA,NA,6,7,4,5,0.3,0.3
2026-10-04T0200,3592A,114.4518,34.7503,开封市,祥符区生态环境局,,43,31,33,30,30,51,51,NA,NA,8,8,3,3,0.4,0.5
2026-10-04T0200,1951A,84.886,45.6029,克拉玛依市,长征新村,,23,12,21,3,10,71,71,NA,NA,6,8,2,3,0.3,0.3
2026-10-04T0200,1952A,84.8894,45.5827,克拉玛依市,南林小区,,17,16,20,3,2,53,53,NA,NA,11,10,6,8,0.4,0.3
2026-10-04T0200,1954A,84.896,44.3328,克拉玛依市,独山子区,,43,43,34,14,7,68,68,NA,NA,8,9,4,4,0.4,0.4
2026-10-04T0200,1955A,85.6888,46.0909,克拉玛依市,乌尔禾区商贸楼,,18,13,30,6,10,55,55,NA,NA,10,13,2,2,0.3,0.3
2026-10-04T0200,3612A,85.1045,45.6895,克拉玛依市,白碱滩区新站,,26,16,33,3,6,83,83,NA,NA,2,6,5,4,0.1,0.1
2026-10-04T0200,2697A,76.1457,39.7143,克孜勒苏柯尔克孜自治州,市人民政府,颗粒物(PM10),87,101,103,32,34,53,53,NA,NA,34,13,3,4,0.4,0.3
2026-10-04T0200,3665A,76.1654,39.7157,克孜勒苏柯尔克孜自治州,克州文化中心,颗粒物(PM10),95,113,114,35,39,73,73,NA,NA,21,9,2,3,0.2,0.2
2026-10-04T0200,1450A,102.8203,24.889,昆明市,呈贡新区,,35,35,18,12,10,35,35,NA,NA,21,8,4,3,0.7,0.6
2026-10-04T0200,1452A,102.7253,25.0904,昆明市,龙泉镇,,32,27,23,22,10,14,14,NA,NA,25,16,3,4,0.6,0.5
2026-10-04T0200,1453A,102.7267,25.0378,昆明市,东风东路,,39,39,20,13,12,31,31,NA,NA,24,13,7,6,0.7,0.6
2026-10-04T0200,1454A,102.6744,25.0671,昆明市,金鼎山,颗粒物(PM10),60,64,23,26,12,11,11,NA,NA,32,12,6,6,0.6,0.4
2026-10-04T0200,1455A,102.6643,25.0401,昆明市,碧鸡广场,,29,29,22,16,11,31,31,NA,NA,16,13,10,9,0.6,0.6
2026-10-04T0200,3179A,102.7491,25.012,昆明市,官渡区博物馆,,27,27,16,14,10,32,32,NA,NA,17,10,6,5,0.6,0.4
2026-10-04T0200,3375A,102.8016,24.8336,昆明市,青年创业园,,26,26,17,16,10,26,26,NA,NA,19,11,4,4,0.6,0.5
2026-10-04T0200,3550A,102.8,24.9787,昆明市,昆明学院,,28,28,17,15,7,36,36,NA,NA,15,8,7,6,1.0,0.8
2026-10-04T0200,3551A,102.5969,24.6738,昆明市,晋宁区生态环境分局,,33,25,20,23,11,37,37,NA,NA,11,6,2,2,0.7,0.6
2026-10-04T0200,3552A,102.6673,24.9861,昆明市,云天化总部,,32,32,16,8,7,9,9,NA,NA,38,11,6,6,0.2,0.2
2026-10-04T0200,1456A,91.132,29.6515,拉萨市,八廓街,,27,7,14,7,6,84,84,NA,NA,10,9,9,12,0.1,0.1
2026-10-04T0200,1457A,91.1221,29.6748,拉萨市,市环保局,,26,10,12,6,7,82,82,NA,NA,11,13,10,12,0.2,0.2
2026-10-04T0200,1458A,91.0874,29.6476,拉萨市,区监测站,,27,6,10,6,7,85,85,NA,NA,13,12,8,11,0.2,0.2
2026-10-04T0200,1459A,91.1774,29.6541,拉萨市,西藏大学,,27,10,12,7,6,85,85,NA,NA,11,10,9,11,0.1,0.1
2026-10-04T0200,1460A,90.9798,29.6586,拉萨市,区辐射站,,24,14,17,7,7,75,75,NA,NA,16,18,9,11,0.2,0.2
2026-10-04T0200,1461A,91.0831,29.6292,拉萨市,拉萨火车站,,25,10,10,3,7,78,78,NA,NA,15,11,6,9,0.2,0.2
2026-10-04T0200,2520A,109.2203,23.7252,来宾市,来宾技工学校,,35,35,27,18,15,44,44,NA,NA,8,7,10,10,0.5,0.5
2026-10-04T0200,3535A,109.1781,23.7293,来宾市,兴宾区政府,,26,26,27,18,17,38,38,NA,NA,12,7,6,8,0.6,0.6
2026-10-04T0200,4002A,109.2312,23.7428,来宾市,中南小学,,26,26,25,18,18,46,46,NA,NA,10,11,7,9,0.5,0.5
2026-10-04T0200,1479A,103.8309,36.0467,兰州市,铁路设计院,颗粒物(PM10),53,54,131,21,41,78,78,NA,NA,10,19,3,5,0.2,0.4
2026-10-04T0200,3241A,103.7439,36.0841,兰州市,百合公园,颗粒物(PM10),58,60,125,21,46,82,82,NA,NA,10,19,4,9,0.5,0.7
2026-10-04T0200,3242A,103.9613,35.9985,兰州市,和平,颗粒物(PM10),56,58,130,15,33,80,80,NA,NA,3,10,10,11,0.2,0.4
2026-10-04T0200,4236A,103.629272,36.093822,兰州市,庄浪东路808号,颗粒物(PM10),62,66,139,18,46,74,74,NA,NA,5,12,10,12,0.2,0.3
2026-10-04T0200,4237A,103.7251,36.104344,兰州市,安宁西路88号,颗粒物(PM10),63,68,154,16,44,85,85,NA,NA,3,10,10,13,0.2,0.3
2026-10-04T0200,4238A,103.846982,36.067567,兰州市,北滨河东路1号,颗粒物(PM10),58,60,120,22,42,77,77,NA,NA,11,18,6,7,0.3,0.5
2026-10-04T0200,1067A,116.6712,39.5109,廊坊市,药材公司,NA,NA,14,52,NA,34,59,59,NA,NA,3,21,2,5,0.2,0.4
2026-10-04T0200,1068A,116.7215,39.5592,廊坊市,开发区,,20,11,61,6,34,64,64,NA,NA,2,23,1,3,0.2,0.4
2026-10-04T0200,1070A,116.7246,39.5273,廊坊市,北华航天学院,,21,19,56,3,28,65,65,NA,NA,2,22,1,4,0.2,0.4
2026-10-04T0200,2919A,116.7022,39.5454,廊坊市,河北工业大学,,21,21,60,3,31,65,65,NA,NA,4,24,3,4,0.2,0.5
2026-10-04T0200,2536A,103.7629,29.5844,乐山市,牛耳桥,,18,18,37,12,34,24,24,NA,NA,11,13,8,7,0.7,0.7
2026-10-04T0200,2537A,103.7501,29.6002,乐山市,市第三水厂,,22,22,37,15,35,21,21,NA,NA,18,15,4,5,0.7,0.7
2026-10-04T0200,2538A,103.7571,29.5664,乐山市,市监测站,,25,25,37,16,32,16,16,NA,NA,16,10,3,4,1.0,0.9
2026-10-04T0200,3361A,103.7313,29.563,乐山市,理工大学,,28,28,34,18,32,18,18,NA,NA,14,10,7,6,0.7,0.6
2026-10-04T0200,2599A,100.2497,26.8802,丽江市,丽江古城,,16,11,14,3,5,49,49,NA,NA,8,10,3,4,0.5,0.5
2026-10-04T0200,2600A,100.2203,26.8906,丽江市,市中心,,11,6,9,3,7,33,33,NA,NA,10,10,5,6,0.5,0.5
2026-10-04T0200,1267A,119.9141,28.4513,丽水市,监测站大楼,,24,24,21,11,7,50,50,NA,NA,12,9,6,6,0.6,0.5
2026-10-04T0200,1268A,119.93,28.4589,丽水市,莲都小学,,31,31,20,11,6,44,44,NA,NA,14,8,/,/,/,/
2026-10-04T0200,1269A,119.8794,28.4232,丽水市,余庄前,,27,27,19,10,6,46,46,NA,NA,12,9,6,6,0.6,0.6
2026-10-04T0200,1173A,119.1759,34.5885,连云港市,市环境监测站,,39,39,25,22,9,17,17,NA,NA,42,16,8,8,0.5,0.5
2026-10-04T0200,3000A,119.3577,34.6971,连云港市,德源药业,,27,27,27,9,8,3,3,NA,NA,49,27,6,6,0.4,0.4
2026-10-04T0200,3007A,119.178,34.8442,连云港市,新城一中,,50,50,56,19,24,40,40,NA,NA,21,28,11,13,0.2,0.4
2026-10-04T0200,3008A,119.3607,34.7519,连云港市,胡沟管理处,,17,9,15,3,4,52,52,NA,NA,24,17,15,18,0.6,0.6
2026-10-04T0200,3009A,119.1478,34.5913,连云港市,矿山设计院,,41,41,26,22,9,2,2,NA,NA,53,15,4,4,0.5,0.5
2026-10-04T0200,3434A,119.2414,34.6539,连云港市,工贸学校,,20,12,16,7,7,62,62,NA,NA,7,11,8,8,0.3,0.4
2026-10-04T0200,3664A,119.4171,34.734,连云港市,连云街道,,20,11,24,3,9,61,61,NA,NA,7,18,10,11,0.2,0.3
2026-10-04T0200,2573A,102.2629,27.8981,凉山彝族自治州,西昌市政府,,14,13,17,7,13,42,42,NA,NA,4,9,6,8,0.7,0.9
2026-10-04T0200,2574A,102.2686,27.885,凉山彝族自治州,凉山州政府,,14,11,17,3,12,44,44,NA,NA,4,9,3,4,0.6,0.8
2026-10-04T0200,4229A,102.2342,27.8859,凉山彝族自治州,凯乐南路30号,,15,15,23,3,13,48,48,NA,NA,6,14,5,5,0.6,0.8
2026-10-04T0200,2212A,123.1978,41.2036,辽阳市,宏伟区,,31,31,24,16,14,66,66,NA,NA,11,15,8,10,0.5,0.5
2026-10-04T0200,2213A,123.1684,41.2497,辽阳市,新华园,,27,27,50,17,27,75,75,NA,NA,15,33,8,12,0.6,0.8
2026-10-04T0200,2214A,123.2355,41.2663,辽阳市,滨河路,,32,NA,45,22,26,43,43,NA,NA,19,28,7,10,0.8,1
2026-10-04T0200,4083A,123.153,41.2874,辽阳市,铁西路150号,,26,24,50,18,26,74,74,NA,NA,16,28,7,10,1.1,1.1
2026-10-04T0200,2227A,125.1359,42.8845,辽源市,环保局,,33,33,36,18,19,30,30,NA,NA,16,21,5,6,0.5,0.6
2026-10-04T0200,4085A,125.0998,42.9134,辽源市,安宁大街333号,,35,34,33,24,22,29,29,NA,NA,24,22,6,5,0.4,0.4
2026-10-04T0200,1625A,115.9789,36.4372,聊城市,区政府,细颗粒物(PM2.5),68,73,82,44,37,42,42,NA,NA,20,16,10,10,0.5,0.4
2026-10-04T0200,3200A,115.9772,36.4986,聊城市,监控中心,颗粒物(PM10),73,81,83,45,37,36,36,NA,NA,26,18,7,8,0.5,0.4
2026-10-04T0200,3513A,116.0443,36.436,聊城市,九州社区,颗粒物(PM10),65,70,80,31,33,64,64,NA,NA,16,18,9,10,0.5,0.4
2026-10-04T0200,4018A,116.0564,36.4609,聊城市,星美广场,NA,NA,80,85,37,35,NA,NA,NA,NA,15,14,7,8,0.2,0.2
2026-10-04T0200,4113A,116.0091,36.4495,聊城市,利民路,细颗粒物(PM2.5),78,78,79,49,36,49,49,NA,NA,20,18,11,11,0.7,0.7
2026-10-04T0200,2632A,94.3683,29.6373,林芝市,林芝监测站,,17,6,7,3,6,54,54,NA,NA,6,6,5,5,0.3,0.3
2026-10-04T0200,2633A,94.3616,29.6634,林芝市,林芝人民医院,,16,6,7,3,6,50,50,NA,NA,5,6,5,5,0.3,0.3
2026-10-04T0200,2603A,100.0779,23.8981,临沧市,市环保局,,17,17,16,11,12,24,24,NA,NA,9,9,9,8,0.4,0.4
2026-10-04T0200,2604A,100.0894,23.882,临沧市,市气象局,,19,NA,20,13,12,30,30,NA,NA,8,8,9,8,0.4,0.4
2026-10-04T0200,1733A,111.5552,36.0791,临汾市,临钢医院,颗粒物(PM10),56,58,52,27,34,40,40,NA,NA,21,22,5,8,0.6,0.9
2026-10-04T0200,1734A,111.4984,36.0734,临汾市,技工学校,颗粒物(PM10),55,56,56,27,36,45,45,NA,NA,20,19,5,8,0.6,0.8
2026-10-04T0200,1736A,111.5017,36.0857,临汾市,市委,颗粒物(PM10),55,57,66,11,31,61,61,NA,NA,16,17,5,9,0.4,0.8
2026-10-04T0200,3018A,111.5048,36.1015,临汾市,唐尧大酒店,颗粒物(PM10),53,53,60,8,32,54,54,NA,NA,17,15,7,10,0.4,0.8
2026-10-04T0200,4244A,111.4879,36.053,临汾市,启星学校,颗粒物(PM10),68,74,53,39,39,37,37,NA,NA,23,19,6,9,0.8,0.8
2026-10-04T0200,4271A,103.2464,35.6123,临夏回族自治州,滨河东路1号,颗粒物(PM10),97,115,124,21,46,82,82,NA,NA,3,19,8,9,0.2,0.4
2026-10-04T0200,4310A,103.207136,35.599807,临夏回族自治州,新华街21号,颗粒物(PM10),76,86,108,20,39,80,80,NA,NA,4,12,10,9,0.2,0.4
2026-10-04T0200,1618A,118.3429,35.0532,临沂市,沂河小区,颗粒物(PM10),70,78,50,32,20,11,11,NA,NA,61,26,8,6,0.6,0.5
2026-10-04T0200,1619A,118.2962,35.0568,临沂市,鲁南制药厂,颗粒物(PM10),86,100,48,46,20,2,2,NA,NA,70,28,8,7,0.8,0.6
2026-10-04T0200,1620A,118.2793,34.9976,临沂市,新光毛纺厂,细颗粒物(PM2.5),90,70,42,55,22,4,4,NA,NA,66,33,5,4,0.7,0.4
2026-10-04T0200,1621A,118.3955,35.0889,临沂市,河东保险公司,颗粒物(PM10),56,58,50,34,25,7,7,NA,NA,56,34,6,7,0.6,0.5
2026-10-04T0200,3370A,118.3563,35.0215,临沂市,十里堡居委,颗粒物(PM10),65,70,48,32,26,1,1,NA,NA,72,34,9,7,0.8,0.7
2026-10-04T0200,3496A,118.359,35.1067,临沂市,南坊新区,颗粒物(PM10),68,75,47,38,24,19,19,NA,NA,57,29,4,4,0.4,0.4
2026-10-04T0200,3860A,118.3915,35.0297,临沂市,皇山花园小区,颗粒物(PM10),62,66,46,37,25,0,0,NA,NA,61,31,7,6,0.8,0.6
2026-10-04T0200,1870A,109.4854,24.3898,柳州市,柳东小学,,31,31,32,8,16,22,22,NA,NA,6,9,7,8,0.7,0.8
2026-10-04T0200,1871A,109.4109,24.3304,柳州市,环保监测站,,35,35,29,9,16,22,22,NA,NA,8,9,10,8,0.6,0.7
2026-10-04T0200,1872A,109.3886,24.3408,柳州市,河西水厂,,29,29,30,9,16,5,5,NA,NA,24,12,22,10,2.8,1
2026-10-04T0200,1873A,109.4263,24.2951,柳州市,市四中,,13,10,27,9,15,18,18,NA,NA,6,7,10,8,0.6,0.7
2026-10-04T0200,1874A,109.396,24.3658,柳州市,市九中,,13,NA,26,9,18,17,17,NA,NA,9,9,10,10,0.9,0.8
2026-10-04T0200,1875A,109.4912,24.3164,柳州市,古亭山,,21,21,27,14,16,21,21,NA,NA,4,7,8,5,0.7,0.7
2026-10-04T0200,3402A,109.5422,24.3994,柳州市,市二中,,15,15,25,8,16,26,26,NA,NA,6,8,8,9,0.6,0.6
2026-10-04T0200,2307A,116.5078,31.7369,六安市,监测大楼,,25,18,11,17,10,45,45,NA,NA,5,10,3,3,0.3,0.3
2026-10-04T0200,2308A,116.4738,31.7642,六安市,皖西学院,,26,21,9,18,8,49,49,NA,NA,2,6,6,6,0.2,0.3
2026-10-04T0200,2309A,116.4997,31.7904,六安市,朝阳厂,,22,18,9,15,8,40,40,NA,NA,4,9,3,3,0.1,0.2
2026-10-04T0200,2310A,116.5566,31.7885,六安市,开发区,,37,37,12,13,7,46,46,NA,NA,3,7,5,5,0.2,0.2
2026-10-04T0200,2577A,104.8293,26.592,六盘水市,黄土坡,,24,6,13,3,11,74,74,NA,NA,3,6,2,3,0.3,0.3
2026-10-04T0200,2579A,104.8481,26.5898,六盘水市,民中,,24,6,13,3,11,75,75,NA,NA,4,8,3,2,0.4,0.4
2026-10-04T0200,2580A,104.9541,26.5506,六盘水市,双水,,18,NA,16,3,14,57,57,NA,NA,10,8,4,5,0.4,0.4
2026-10-04T0200,4151A,104.8899,26.5685,六盘水市,钟山大道中段564号,,20,6,20,3,12,61,61,NA,NA,8,8,5,5,0.8,0.5
2026-10-04T0200,2336A,117.022,25.1031,龙岩市,龙岩市监测站,,20,16,19,14,15,41,41,NA,NA,8,8,10,7,0.4,0.4
2026-10-04T0200,2337A,117.0257,25.0662,龙岩市,闽西职业技术学院,,20,20,23,14,12,29,29,NA,NA,7,4,5,8,0.5,0.4
2026-10-04T0200,2338A,117.0195,25.0306,龙岩市,龙岩学院,,17,17,20,9,12,38,38,NA,NA,3,4,4,6,/,/
2026-10-04T0200,2885A,104.9344,33.3827,陇南市,滨江中学,颗粒物(PM10),62,66,44,26,18,34,34,NA,NA,17,13,10,9,0.9,0.7
2026-10-04T0200,3247A,104.9551,33.3709,陇南市,市总工会,,44,44,38,19,16,56,56,NA,NA,6,8,9,8,0.6,0.6
2026-10-04T0200,2488A,111.9984,27.7346,娄底市,市监测站,,22,10,9,3,4,30,30,NA,NA,8,11,2,2,2.2,0.6
2026-10-04T0200,2491A,111.9888,27.7035,娄底市,市政府,,10,6,9,3,5,31,31,NA,NA,6,8,3,2,0.6,0.6
2026-10-04T0200,4127A,111.9812,27.7591,娄底市,涟钢职大,,24,6,4,3,3,29,29,NA,NA,6,8,3,3,2.4,1.2
2026-10-04T0200,4128A,112.0303,27.7457,娄底市,娄底体校,NA,NA,6,11,3,3,NA,NA,NA,NA,6,7,2,2,0.5,0.6
2026-10-04T0200,1894A,105.4427,28.9063,泸州市,小市上码头,,29,28,25,20,17,14,14,NA,NA,17,14,7,7,0.7,0.7
2026-10-04T0200,1895A,105.4241,28.8573,泸州市,兰田宪桥,,28,28,27,15,15,10,10,NA,NA,10,10,8,7,0.5,0.5
2026-10-04T0200,1896A,105.4378,28.8833,泸州市,市环监站,,28,28,24,16,14,16,16,NA,NA,14,12,6,6,0.8,0.8
2026-10-04T0200,4325A,105.3665,28.77434,泸州市,纳溪区委政协,,25,25,20,17,21,19,19,NA,NA,11,14,5,5,0.7,0.8
2026-10-04T0200,2183A,111.1447,37.5212,吕梁市,环保局,,32,32,66,8,14,34,34,NA,NA,23,22,2,3,0.5,0.5
2026-10-04T0200,2185A,111.1285,37.5338,吕梁市,自来水公司,,35,35,57,3,16,57,57,NA,NA,8,18,3,3,0.2,0.4
2026-10-04T0200,2867A,111.1225,37.5093,吕梁市,马茂庄小学,,29,29,57,3,12,48,48,NA,NA,16,18,1,3,0.4,0.5
2026-10-04T0200,1812A,112.3934,34.6517,洛阳市,市委党校,,40,37,33,28,26,54,54,NA,NA,11,9,9,9,0.5,0.4
2026-10-04T0200,1815A,112.494,34.6883,洛阳市,河南林校,,45,43,34,31,26,42,42,NA,NA,18,14,8,8,0.4,0.3
2026-10-04T0200,1816A,112.3843,34.623,洛阳市,开发区管委会,,38,38,32,19,22,46,46,NA,NA,6,7,6,7,0.4,0.4
2026-10-04T0200,1817A,112.4263,34.6249,洛阳市,市委新办公区,,38,38,30,26,20,46,46,NA,NA,9,8,10,10,0.4,0.4
2026-10-04T0200,3340A,112.6005,34.6323,洛阳市,伊滨,,33,28,25,23,18,49,49,NA,NA,21,14,6,6,0.6,0.5
2026-10-04T0200,3341A,112.495,34.6338,洛阳市,中移产业园,,43,37,29,30,21,43,43,NA,NA,14,9,10,9,0.4,0.3
2026-10-04T0200,3593A,112.5736,34.8993,洛阳市,吉利监测站,,50,50,32,33,22,19,19,NA,NA,19,10,8,9,0.4,0.3
2026-10-04T0200,3635A,112.3678,34.6623,洛阳市,河科大西苑校区,,44,44,33,25,24,72,72,NA,NA,12,12,7,7,0.8,0.7
2026-10-04T0200,3636A,112.4387,34.678,洛阳市,英才小学,,45,45,35,27,24,52,52,NA,NA,20,12,8,7,0.6,0.5
2026-10-04T0200,4214A,112.460027,34.694929,洛阳市,春都路1号院,细颗粒物(PM2.5),52,46,28,36,24,33,33,NA,NA,16,12,8,7,0.7,0.6
2026-10-04T0200,2399A,114.051,33.5721,漯河市,三五一五工厂,,35,25,37,24,28,51,51,NA,NA,14,16,5,6,0.6,0.6
2026-10-04T0200,2400A,114.0055,33.5698,漯河市,漯河大学,,38,NA,29,26,29,36,36,NA,NA,15,16,6,6,0.7,0.7
2026-10-04T0200,2401A,114.0134,33.5826,漯河市,市水利局,,29,NA,29,20,25,46,46,NA,NA,11,13,8,8,0.5,0.5
2026-10-04T0200,2402A,114.0261,33.5697,漯河市,市广电局,NA,NA,20,27,20,29,NA,NA,NA,NA,14,16,3,4,0.4,0.4
2026-10-04T0200,3478A,113.9691,33.568,漯河市,市图书馆,,26,22,32,18,22,55,55,NA,NA,12,13,9,9,0.8,0.7
2026-10-04T0200,4250A,114.089259,33.588274,漯河市,韶山路11号,NA,NA,30,38,21,27,NA,NA,NA,NA,11,18,8,9,0.5,0.5
2026-10-04T0200,1798A,118.5084,31.6838,马鞍山市,湖东路四小,,35,29,16,24,12,49,49,NA,NA,11,12,8,8,0.8,0.7
2026-10-04T0200,1799A,118.5019,31.6449,马鞍山市,开发区,,25,22,15,17,11,50,50,NA,NA,10,13,7,8,0.6,0.6
2026-10-04T0200,3633A,118.4914,31.681,马鞍山市,雨山,,26,21,14,18,10,48,48,NA,NA,13,14,5,5,0.6,0.6
2026-10-04T0200,4191A,118.527362,31.722269,马鞍山市,慈湖高新区,,35,29,18,24,11,46,46,NA,NA,10,10,6,6,0.7,0.7
2026-10-04T0200,1686A,111.0285,21.469,茂名市,电白南海,,18,17,22,6,11,56,56,NA,NA,4,6,3,3,0.5,0.6
2026-10-04T0200,1687A,110.9294,21.6533,茂名市,茂石化七小,,16,14,19,11,15,33,33,NA,NA,8,7,5,6,0.6,0.7
2026-10-04T0200,1688A,110.9108,21.6688,茂名市,健康路,,14,9,10,8,13,44,44,NA,NA,6,7,5,5,0.5,0.6
2026-10-04T0200,1689A,110.8592,21.6826,茂名市,高岭,,14,14,23,8,16,37,37,NA,NA,6,10,10,11,/,/
2026-10-04T0200,3450A,111.0101,21.5165,茂名市,电白水东,,17,17,14,10,13,38,38,NA,NA,10,7,5,7,/,/
2026-10-04T0200,2540A,103.8414,30.0871,眉山市,气象局,,35,27,42,24,32,29,29,NA,NA,20,16,8,11,1.0,1
2026-10-04T0200,3148A,103.829,30.0563,眉山市,区人社局,,43,43,55,18,31,33,33,NA,NA,21,19,8,11,0.7,0.8
2026-10-04T0200,4148A,103.8836,30.0695,眉山市,眉职院,,47,47,58,24,36,25,25,NA,NA,20,15,8,9,1.1,1.1
2026-10-04T0200,1690A,116.1248,24.3307,梅州市,梅江月梅,,31,31,22,14,11,35,35,NA,NA,10,7,/,/,/,/
2026-10-04T0200,1691A,116.0798,24.2719,梅州市,梅县新城,,25,25,22,14,12,26,26,NA,NA,12,9,10,10,0.6,0.6
2026-10-04T0200,3315A,116.1234,24.2994,梅州市,梅龙,,24,24,18,15,13,38,38,NA,NA,10,7,7,7,0.6,0.5
2026-10-04T0200,1878A,104.7775,31.4741,绵阳市,富乐山,NA,NA,45,32,40,20,NA,NA,NA,NA,16,15,11,11,0.9,0.9
2026-10-04T0200,1880A,104.6698,31.4668,绵阳市,高新区自来水公司,NA,NA,90,37,49,22,NA,NA,NA,NA,27,15,9,9,0.9,0.8
2026-10-04T0200,3491A,104.6899,31.5324,绵阳市,西科大附属小学,颗粒物(PM10),65,70,36,40,21,7,7,NA,NA,25,17,10,9,0.9,0.8
2026-10-04T0200,3492A,104.5647,31.5343,绵阳市,安州区旅游局,,25,23,22,17,15,8,8,NA,NA,15,13,6,6,0.4,0.4
2026-10-04T0200,4146A,104.7092,31.4972,绵阳市,科技城新区公安局,颗粒物(PM10),53,54,33,27,18,2,2,NA,NA,43,27,10,10,0.9,0.8
2026-10-04T0200,4226A,104.765114,31.453094,绵阳市,绵阳市气象局,细颗粒物(PM2.5),68,53,33,44,22,12,12,NA,NA,21,16,5,6,0.8,0.8
2026-10-04T0200,1784A,129.61,44.561,牡丹江市,环保大楼,NA,NA,NA,32,NA,4,NA,NA,NA,NA,NA,14,NA,5,NA,0.2
2026-10-04T0200,1787A,129.6364,44.6075,牡丹江市,机车工厂,NA,NA,NA,NA,NA,NA,NA,NA,NA,NA,NA,NA,NA,NA,NA,NA
2026-10-04T0200,1788A,129.6386,44.5462,牡丹江市,第一中学,,26,26,20,9,7,16,16,NA,NA,17,14,4,4,0.5,0.4
2026-10-04T0200,4287A,129.5992,44.5964,牡丹江市,东晓云街98号,,34,34,32,8,10,18,18,NA,NA,9,11,6,6,0.4,0.5
2026-10-04T0200,2531A,105.0703,29.61,内江市,市监测站,细颗粒物(PM2.5),60,NA,26,40,24,20,20,NA,NA,12,12,6,6,0.7,0.7
2026-10-04T0200,2533A,105.0657,29.5807,内江市,内江二中,,50,49,28,35,21,17,17,NA,NA,18,11,5,5,0.5,0.4
2026-10-04T0200,2534A,105.0407,29.5828,内江市,内江日报社,细颗粒物(PM2.5),56,NA,24,38,25,13,13,NA,NA,24,14,2,2,0.4,0.3
2026-10-04T0200,4147A,105.0433,29.6105,内江市,玉峰路西段888号,细颗粒物(PM2.5),52,37,24,36,25,17,17,NA,NA,16,11,5,6,0.5,0.5
2026-10-04T0200,2628A,92.0653,31.4846,那曲市,那曲监测站,,28,12,29,3,14,87,87,NA,NA,3,12,8,9,0.5,0.5
2026-10-04T0200,4243A,92.0515,31.4787,那曲市,那曲市委宣传部,,27,NA,14,11,10,86,86,NA,NA,4,7,6,6,0.2,0.2
2026-10-04T0200,1291A,115.8887,28.7006,南昌市,省林业公司,,12,NA,5,8,5,36,36,NA,NA,8,6,6,5,0.6,0.5
2026-10-04T0200,1292A,115.813,28.7443,南昌市,林科所,,13,6,0,3,3,40,40,NA,NA,10,11,7,7,1.0,0.9
2026-10-04T0200,1294A,115.8518,28.687,南昌市,建工学校,,19,19,9,3,4,32,32,NA,NA,12,13,9,9,1.0,0.9
2026-10-04T0200,1295A,115.8926,28.6425,南昌市,象湖,,10,NA,1,6,6,29,29,NA,NA,12,12,8,8,0.9,0.8
2026-10-04T0200,3046A,115.9084,28.6062,南昌市,机电学校,,11,NA,10,3,8,34,34,NA,NA,7,10,9,8,0.5,0.5
2026-10-04T0200,3690A,115.9718,28.7032,南昌市,外国语学校,,10,6,9,3,7,30,30,NA,NA,15,18,8,7,0.4,0.4
2026-10-04T0200,4106A,115.7923,28.6873,南昌市,工业二路,,11,7,8,3,7,35,35,NA,NA,6,9,6,6,0.8,0.7
2026-10-04T0200,4192A,115.931587,28.686774,南昌市,南京东路235号,,12,7,5,3,6,32,32,NA,NA,9,10,4,4,1.2,1
2026-10-04T0200,1906A,106.0791,30.8022,南充市,南充市委,,22,22,16,10,8,1,1,NA,NA,11,11,6,6,0.4,0.4
2026-10-04T0200,1907A,106.1038,30.8215,南充市,南充炼油厂,,31,31,18,16,9,3,3,NA,NA,17,12,7,6,0.4,0.4
2026-10-04T0200,4227A,106.108336,30.788436,南充市,梨树横街98号,,38,38,21,14,10,1,1,NA,NA,21,13,8,7,0.5,0.5
2026-10-04T0200,4304A,106.1172,30.843,南充市,清泉寺北路188号,,16,15,19,11,8,11,11,NA,NA,9,11,8,8,0.4,0.4
2026-10-04T0200,4305A,106.067,30.7616,南充市,同庆路1号,,25,25,15,10,8,7,7,NA,NA,19,13,7,7,0.5,0.5
2026-10-04T0200,1151A,118.8033,32.1085,南京市,迈皋桥,,17,14,10,8,5,53,53,NA,NA,10,10,6,6,0.2,0.3
2026-10-04T0200,1152A,118.7487,32.057,南京市,草场门,,22,22,11,15,5,57,57,NA,NA,21,17,5,5,0.6,0.6
2026-10-04T0200,1154A,118.770105,32.004342,南京市,中华门,,22,NA,7,15,6,47,47,NA,NA,10,10,6,6,0.1,0.1
2026-10-04T0200,1155A,118.8059,32.0329,南京市,瑞金路,,24,24,12,14,6,46,46,NA,NA,12,10,4,4,0.4,0.3
2026-10-04T0200,1156A,118.7946,32.0774,南京市,玄武湖,,25,22,14,17,4,45,45,NA,NA,12,8,4,4,0.4,0.4
2026-10-04T0200,1157A,118.6415,32.0964,南京市,浦口,,30,30,16,15,6,43,43,NA,NA,19,21,5,5,0.4,0.5
2026-10-04T0200,1158A,118.730129,32.000956,南京市,奥体中心,,19,17,14,12,5,60,60,NA,NA,17,16,7,6,0.7,0.6
2026-10-04T0200,1159A,118.9072,32.1047,南京市,仙林大学城,,22,22,13,11,6,45,45,NA,NA,16,13,3,4,0.3,0.4
2026-10-04T0200,3422A,118.8443,31.919,南京市,江宁彩虹桥,,19,18,14,10,5,59,59,NA,NA,7,7,4,4,0.6,0.5
2026-10-04T0200,3427A,118.8497,32.3599,南京市,六合雄州,,19,19,16,3,2,53,53,NA,NA,7,11,4,4,0.3,0.4
2026-10-04T0200,4086A,118.7641,32.0841,南京市,新模范马路66号,,18,14,10,10,5,57,57,NA,NA,13,14,4,4,0.3,0.4
2026-10-04T0200,2619A,98.8607,25.8168,怒江傈僳族自治州,泸水一中,,18,15,17,12,14,22,22,NA,NA,10,11,6,5,0.4,0.4
2026-10-04T0200,1888A,101.6891,26.571,攀枝花市,弄弄坪,,29,29,32,3,9,50,50,NA,NA,8,14,5,13,0.6,1
2026-10-04T0200,1889A,101.577,26.5914,攀枝花市,河门口,,18,9,19,3,8,55,55,NA,NA,5,9,7,13,0.7,0.9
2026-10-04T0200,1891A,101.7365,26.4986,攀枝花市,仁和,,15,6,15,3,10,46,46,NA,NA,4,8,6,8,0.7,0.7
2026-10-04T0200,2835A,101.7222,26.567,攀枝花市,四十中小,NA,NA,NA,23,0,8,58,58,NA,NA,3,10,7,14,0.6,0.8
2026-10-04T0200,1604A,122.0303,41.1489,盘锦市,开发区,,30,NA,36,21,23,56,56,NA,NA,14,22,6,12,0.5,0.7
2026-10-04T0200,1605A,122.0486,41.0883,盘锦市,兴隆台,,34,15,37,15,28,108,108,NA,NA,9,28,4,10,0.5,0.9
2026-10-04T0200,1606A,121.8297,41.1026,盘锦市,新生街道,,45,NA,34,31,27,16,16,NA,NA,23,26,8,8,0.7,0.9
2026-10-04T0200,1832A,113.3257,33.7423,平顶山市,新华旅馆,,36,31,31,25,21,33,33,NA,NA,15,12,8,8,0.5,0.4
2026-10-04T0200,1833A,113.2917,33.737,平顶山市,规划设计院,NA,NA,29,24,13,22,NA,NA,NA,NA,22,15,7,7,0.8,0.8
2026-10-04T0200,1834A,113.182,33.7738,平顶山市,平顶山工学院,NA,NA,31,31,20,23,NA,NA,NA,NA,14,13,9,9,0.7,0.7
2026-10-04T0200,3594A,112.8736,33.9068,平顶山市,石龙区,NA,NA,30,16,7,16,NA,NA,NA,NA,18,12,7,6,0.5,0.5
2026-10-04T0200,4116A,113.284,33.7139,平顶山市,姚电大道23号,NA,NA,39,34,34,25,NA,NA,NA,NA,23,15,8,8,0.8,0.8
2026-10-04T0200,2656A,106.6633,35.5338,平凉市,聚贤嘉苑,,44,44,75,11,22,44,44,NA,NA,19,15,2,8,0.5,0.5
2026-10-04T0200,2657A,106.7021,35.5307,平凉市,博物馆,,44,44,72,9,25,46,46,NA,NA,15,13,13,11,0.4,0.5
2026-10-04T0200,2348A,113.8384,27.6436,萍乡市,中医院,,20,20,22,6,14,0,0,NA,NA,26,20,16,11,1.4,1.1
2026-10-04T0200,2350A,113.8677,27.6438,萍乡市,市环保局,,12,10,23,8,19,3,3,NA,NA,23,20,2,4,0.7,0.9
2026-10-04T0200,2351A,113.8663,27.6202,萍乡市,安源区政府,,9,NA,19,3,15,2,2,NA,NA,17,14,7,8,0.6,0.7
2026-10-04T0200,4107A,113.8686,27.6668,萍乡市,联洪村委会,,12,12,23,3,15,4,4,NA,NA,24,20,16,13,1.2,1
2026-10-04T0200,2319A,119.0142,25.4324,莆田市,荔城区仓后路,,38,38,30,12,10,64,64,NA,NA,6,7,/,/,/,/
2026-10-04T0200,2320A,119.0016,25.4553,莆田市,莆田市监测站,,28,28,26,14,10,51,51,NA,NA,4,5,5,5,0.7,0.7
2026-10-04T0200,2321A,119.112,25.4561,莆田市,涵江区六中,,29,29,30,10,10,80,80,NA,NA,5,5,/,/,0.5,0.5
2026-10-04T0200,2322A,119.1014,25.3215,莆田市,秀屿区政府,,31,31,32,6,8,75,75,NA,NA,6,6,3,4,0.5,0.5
2026-10-04T0200,2392A,115.0312,35.7636,濮阳市,环保局,,45,35,47,31,28,59,59,NA,NA,11,13,4,6,0.5,0.4
2026-10-04T0200,3021A,115,35.7667,濮阳市,濮水河管理处,,38,38,54,21,30,30,30,NA,NA,11,13,6,6,0.6,0.6
2026-10-04T0200,4118A,115.0552,35.7816,濮阳市,中原东路68号,,45,45,54,19,25,61,61,NA,NA,11,12,4,4,0.7,0.6
2026-10-04T0200,4216A,115.0923632,35.76857718,濮阳市,任丘路479号,NA,NA,44,55,26,32,NA,NA,NA,NA,12,13,5,4,0.7,0.7
2026-10-04T0200,2601A,100.9801,22.7634,普洱市,市环保局,,31,31,32,14,12,23,23,NA,NA,5,6,7,8,0.7,0.6
2026-10-04T0200,2602A,100.9763,22.8237,普洱市,普洱第二中学,,26,26,28,9,13,10,10,NA,NA,18,7,10,10,0.8,0.7
2026-10-04T0200,3345A,131.0413,45.7795,七台河市,中波台,NA,NA,NA,NA,NA,NA,NA,NA,NA,NA,NA,NA,NA,NA,NA,NA
2026-10-04T0200,3637A,131.0136,45.7688,七台河市,人民广场,NA,NA,NA,NA,NA,NA,NA,NA,NA,NA,NA,NA,NA,NA,NA,NA
2026-10-04T0200,3684A,130.8639,45.8144,七台河市,新建矿广场,NA,NA,NA,58,NA,7,NA,NA,29,NA,NA,16,NA,8,NA,0.1
2026-10-04T0200,1779A,123.9307,47.3641,齐齐哈尔市,安居小区,NA,NA,NA,23,NA,3,NA,NA,60,NA,NA,10,NA,4,NA,0.2
2026-10-04T0200,1780A,123.9497,47.3389,齐齐哈尔市,中心广场,,36,36,24,17,10,31,31,NA,NA,25,22,3,2,0.1,0.2
2026-10-04T0200,1781A,123.9483,47.3229,齐齐哈尔市,农牧车辆厂,NA,NA,NA,25,NA,5,NA,NA,58,NA,NA,11,NA,5,NA,0.3
2026-10-04T0200,1783A,123.9442,47.2994,齐齐哈尔市,市环境监测站,NA,NA,NA,32,NA,6,NA,NA,51,NA,NA,20,NA,5,NA,0.2
2026-10-04T0200,3662A,123.6341,47.2079,齐齐哈尔市,富区青少年活动中心,,50,50,50,21,14,12,12,NA,NA,26,21,3,4,0.8,0.7
2026-10-04T0200,2591A,107.9765,26.5724,黔东南苗族侗族自治州,市环境监测站,,8,NA,10,3,6,23,23,NA,NA,2,5,3,3,0.5,0.5
2026-10-04T0200,2881A,107.8909,26.531,黔东南苗族侗族自治州,凯里学院,,9,NA,2,6,6,26,26,NA,NA,2,4,5,4,0.4,0.4
2026-10-04T0200,2593A,107.5223,26.2371,黔南布依族苗族自治州,小围寨,,6,NA,6,3,6,14,14,NA,NA,8,8,4,5,0.3,0.3
2026-10-04T0200,3538A,107.5175,26.2977,黔南布依族苗族自治州,沙坝,,8,6,9,3,7,10,10,NA,NA,6,6,3,2,0.5,0.5
2026-10-04T0200,2589A,104.9022,25.0943,黔西南布依族苗族自治州,场坝街,,15,15,22,7,18,43,43,NA,NA,6,8,6,7,0.4,0.4
2026-10-04T0200,2590A,104.8812,25.0994,黔西南布依族苗族自治州,坪东大道,,18,18,22,8,18,41,41,NA,NA,4,9,5,6,0.4,0.4
2026-10-04T0200,2502A,108.6238,21.9667,钦州市,市环保站,,9,9,20,3,11,15,15,NA,NA,10,10,7,9,0.6,0.6
2026-10-04T0200,2503A,108.655,21.9481,钦州市,沙埠小学,,27,27,30,14,15,3,3,NA,NA,20,11,8,10,0.5,0.5
2026-10-04T0200,2504A,108.5989,21.7435,钦州市,港区一小,,14,14,23,7,9,17,17,NA,NA,7,6,4,4,0.8,0.7
2026-10-04T0200,3404A,108.5959,21.9634,钦州市,北职校,,12,12,25,7,11,10,10,NA,NA,10,9,6,8,0.6,0.6
2026-10-04T0200,1046A,119.5247,39.9346,秦皇岛市,建设大厦,颗粒物(PM10),99,118,65,55,25,74,74,NA,NA,23,29,10,7,0.8,0.4
2026-10-04T0200,3132A,119.5979,39.938,秦皇岛市,文明里,颗粒物(PM10),81,93,54,48,20,76,76,NA,NA,17,14,9,6,0.8,0.4
2026-10-04T0200,4066A,119.7458,39.9952,秦皇岛市,南园路157号,细颗粒物(PM2.5),84,90,43,52,16,79,79,NA,NA,26,16,11,8,0.7,0.4
2026-10-04T0200,4067A,119.5131,39.8858,秦皇岛市,翠岛大街1号,颗粒物(PM10),85,99,40,38,18,69,69,NA,NA,19,14,13,11,0.7,0.3
2026-10-04T0200,4198A,119.509013,39.825305,秦皇岛市,北戴河轮滑馆,颗粒物(PM10),58,61,40,17,17,68,68,NA,NA,14,14,17,10,0.7,0.5
2026-10-04T0200,1310A,120.404,36.0625,青岛市,市南区东部子站,NA,NA,31,15,15,3,NA,NA,NA,NA,20,9,9,7,0.7,0.5
2026-10-04T0200,1311A,120.362344,36.10282,青岛市,四方区子站,,24,24,14,13,4,75,75,NA,NA,18,13,5,4,0.6,0.4
2026-10-04T0200,1312A,120.294373,36.054183,青岛市,市南区西部子站,,31,31,11,20,3,79,79,NA,NA,15,11,9,6,0.6,0.4
2026-10-04T0200,1313A,120.4581,36.0858,青岛市,崂山区子站,,21,17,13,10,3,65,65,NA,NA,15,6,10,10,0.5,0.5
2026-10-04T0200,1315A,120.3945,36.3083,青岛市,城阳区子站,,24,24,19,10,7,46,46,NA,NA,23,16,4,4,0.4,0.3
2026-10-04T0200,3642A,120.3454,36.0735,青岛市,市北区南部,,23,18,13,16,4,69,69,NA,NA,15,6,10,7,0.7,0.4
2026-10-04T0200,3643A,120.3897,36.18,青岛市,李沧区北部,NA,NA,29,20,15,5,NA,NA,NA,NA,21,14,5,4,0.6,0.5
2026-10-04T0200,4110A,120.5222,36.4089,青岛市,盟旺路653号,,17,13,15,7,4,54,54,NA,NA,16,13,6,6,0.4,0.4
2026-10-04T0200,4290A,120.196923,35.954556,青岛市,珠江路669号,NA,NA,24,15,14,5,NA,NA,NA,NA,11,9,6,4,0.8,0.5
2026-10-04T0200,4291A,120.0424,35.8656,青岛市,黄岛区人民政府广场,,24,19,17,13,7,75,75,NA,NA,15,18,7,4,0.5,0.3
2026-10-04T0200,1703A,113.0218,23.7086,清远市,凤城街办,,33,33,22,20,13,53,53,NA,NA,17,9,/,/,/,/
2026-10-04T0200,3025A,113.0479,23.6343,清远市,技师学院,,31,31,22,16,13,45,45,NA,NA,23,16,6,8,0.7,0.7
2026-10-04T0200,3318A,112.9898,23.7403,清远市,清新太和,,34,34,24,17,14,55,55,NA,NA,15,6,10,9,0.8,0.8
2026-10-04T0200,3455A,113.076,23.72,清远市,清城东城,,33,33,23,17,12,49,49,NA,NA,16,12,/,/,/,/
2026-10-04T0200,2661A,107.6325,35.7357,庆阳市,庆阳五中,,37,37,76,13,28,72,72,NA,NA,4,8,2,4,0.2,0.3
2026-10-04T0200,2662A,107.6361,35.7067,庆阳市,市环保局,,43,43,78,11,30,74,74,NA,NA,5,9,1,3,0.4,0.5
2026-10-04T0200,1916A,103.7897,25.5036,曲靖市,环境监测站,,14,11,17,3,9,42,42,NA,NA,6,7,3,4,0.6,0.6
2026-10-04T0200,1917A,103.8013,25.5357,曲靖市,烟厂办公区,,17,9,19,3,9,54,54,NA,NA,3,6,2,3,0.6,0.6
2026-10-04T0200,3376A,103.7926,25.4651,曲靖市,南苑二区,,17,NA,15,7,9,53,53,NA,NA,5,6,4,4,0.6,0.5
2026-10-04T0200,3377A,103.7442,25.5259,曲靖市,曲靖师范学院,,15,11,20,3,11,45,45,NA,NA,9,7,3,4,0.5,0.5
2026-10-04T0200,1264A,118.8694,28.94,衢州市,环保大楼,,11,8,20,3,11,34,34,NA,NA,13,11,/,/,/,/
2026-10-04T0200,1266A,118.8622,28.9809,衢州市,衢州学院,,11,8,16,3,9,24,24,NA,NA,21,13,7,7,0.4,0.3
2026-10-04T0200,4097A,118.9646,28.9832,衢州市,衢州三中,,10,7,18,3,9,31,31,NA,NA,13,11,4,4,0.6,0.6
2026-10-04T0200,1611A,118.5818,24.9116,泉州市,涂山街,,26,26,30,14,14,72,72,NA,NA,13,10,9,5,0.4,0.5
2026-10-04T0200,1612A,118.597,24.8976,泉州市,津头埔,,32,32,34,12,14,63,63,NA,NA,15,12,8,4,0.5,0.4
2026-10-04T0200,1613A,118.6669,24.9422,泉州市,万安,,31,31,34,13,13,67,67,NA,NA,8,7,8,6,0.7,0.7
2026-10-04T0200,4105A,118.6355,24.9148,泉州市,霞新路6号,,29,29,31,13,14,70,70,NA,NA,12,10,/,/,0.4,0.4
2026-10-04T0200,2626A,88.8873,29.2723,日喀则市,日喀则监测站,,32,14,18,3,7,100,100,NA,NA,5,11,4,4,0.3,0.3
2026-10-04T0200,3726A,88.8775,29.2425,日喀则市,林业技术推广中心,,28,16,19,3,3,88,88,NA,NA,2,5,2,2,0.2,0.3
2026-10-04T0200,1659A,119.4711,35.421,日照市,监测站,,38,36,26,26,14,8,8,NA,NA,43,38,8,9,0.6,0.5
2026-10-04T0200,1660A,119.523,35.4216,日照市,市政府广场,,34,34,25,19,11,62,62,NA,NA,20,26,7,6,0.9,0.9
2026-10-04T0200,1661A,119.5511,35.4113,日照市,港务局,,29,29,24,16,9,70,70,NA,NA,16,20,8,6,0.7,0.7
2026-10-04T0200,3507A,119.5326,35.4627,日照市,职业技术学院,,34,34,26,21,12,45,45,NA,NA,24,22,10,10,0.5,0.4
2026-10-04T0200,3604A,119.3267,35.1043,日照市,岚山环保分局,颗粒物(PM10),51,51,37,21,12,43,43,NA,NA,34,22,26,14,1.0,0.7
2026-10-04T0200,1835A,111.1922,34.7752,三门峡市,市政府,,44,44,34,24,26,5,5,NA,NA,26,16,6,8,0.5,0.6
2026-10-04T0200,1836A,111.1588,34.794,三门峡市,开发区,,49,49,39,26,25,1,1,NA,NA,32,16,5,6,0.4,0.4
2026-10-04T0200,3039A,111.1911,34.7829,三门峡市,三门峡市第一小学,,44,44,36,20,26,6,6,NA,NA,28,15,3,5,0.6,0.6
2026-10-04T0200,3598A,111.1031,34.719,三门峡市,富达温泉假日酒店,,46,39,38,32,28,12,12,NA,NA,16,18,9,10,0.5,0.5
2026-10-04T0200,2324A,117.621,26.2626,三明市,三钢,,25,23,16,17,13,16,16,NA,NA,11,10,8,7,0.3,0.4
2026-10-04T0200,2325A,117.6352,26.2714,三明市,三明二中,,30,30,18,11,8,16,16,NA,NA,12,8,8,6,0.6,0.6
2026-10-04T0200,2326A,117.6028,26.2377,三明市,三元区政府,,29,28,17,20,12,9,9,NA,NA,8,9,8,9,0.7,0.7
2026-10-04T0200,1877A,109.4962,18.2682,三亚市,河西子站,,22,22,15,8,9,8,8,NA,NA,10,6,4,4,0.7,0.6
2026-10-04T0200,3540A,109.7348,18.3443,三亚市,君悦子站,,21,21,16,7,9,6,6,NA,NA,13,8,4,4,0.6,0.7
2026-10-04T0200,4135A,109.1714,18.3739,三亚市,城东小学站,,13,10,22,9,11,5,5,NA,NA,10,6,/,/,/,/
2026-10-04T0200,2624A,91.7592,29.234,山南市,山南监测站,,35,6,11,3,2,109,109,NA,NA,1,4,6,6,0.2,0.2
2026-10-04T0200,2625A,91.7701,29.2436,山南市,山南人民医院,,33,7,14,3,4,104,104,NA,NA,1,4,4,6,0.1,0.2
2026-10-04T0200,1674A,116.6795,23.3666,汕头市,金平子站,,26,25,23,9,11,83,83,NA,NA,5,8,4,4,0.5,0.5
2026-10-04T0200,1675A,116.7248,23.3632,汕头市,龙湖子站,,35,35,30,12,11,82,82,NA,NA,3,4,5,6,/,/
2026-10-04T0200,1676A,116.7257,23.2774,汕头市,濠江子站,,34,34,27,10,9,79,79,NA,NA,5,6,6,6,/,/
2026-10-04T0200,1677A,116.7518,23.4712,汕头市,澄海子站,,27,27,29,8,10,83,83,NA,NA,1,4,4,5,0.7,0.7
2026-10-04T0200,1678A,116.6088,23.2539,汕头市,潮阳子站,,25,22,20,10,10,78,78,NA,NA,3,4,6,6,0.5,0.6
2026-10-04T0200,3444A,116.4539,23.2684,汕头市,潮南峡山,,23,20,21,9,10,73,73,NA,NA,5,7,7,8,0.8,0.8
2026-10-04T0200,3624A,116.4069,23.2533,汕头市,潮南子站,,36,36,26,14,11,69,69,NA,NA,5,6,7,7,/,/
2026-10-04T0200,1693A,115.3653,22.7751,汕尾市,市环保局,,25,NA,16,15,9,77,77,NA,NA,13,11,6,6,0.5,0.4
2026-10-04T0200,1695A,115.362,22.7926,汕尾市,新城中学,,22,14,17,10,9,69,69,NA,NA,6,5,8,11,0.6,0.5
2026-10-04T0200,2645A,109.9155,33.8714,商洛市,监测站,,29,29,18,16,12,24,24,NA,NA,9,9,4,4,0.4,0.5
2026-10-04T0200,3045A,109.9647,33.8486,商洛市,商州区中学,,34,34,19,16,12,23,23,NA,NA,13,13,5,6,0.3,0.6
2026-10-04T0200,2408A,115.6701,34.4283,商丘市,环境监测站,,24,24,43,16,28,48,48,NA,NA,12,19,6,4,0.4,0.6
2026-10-04T0200,2409A,115.6458,34.4047,商丘市,粮食局,NA,NA,27,36,19,25,NA,NA,NA,NA,24,24,7,7,0.2,0.2
2026-10-04T0200,3171A,115.6069,34.4465,商丘市,梁园区档案局,NA,NA,36,44,17,25,NA,NA,NA,NA,39,23,5,5,0.6,0.5
2026-10-04T0200,4119A,115.6701,34.3767,商丘市,北海东路185号,NA,NA,25,52,24,26,NA,NA,NA,NA,9,19,5,5,0.4,0.8
2026-10-04T0200,4120A,115.6172,34.3704,商丘市,中山大街3号,,41,41,51,25,27,27,27,NA,NA,30,21,4,5,0.4,0.5
2026-10-04T0200,1141A,121.401,31.2382,上海市,普陀,,26,NA,13,6,9,83,83,NA,NA,11,18,5,5,0.3,0.3
2026-10-04T0200,1142A,121.4774,31.2043,上海市,十五厂,,26,NA,13,3,9,82,82,NA,NA,1,8,6,6,0.7,0.7
2026-10-04T0200,1143A,121.4673,31.3011,上海市,虹口,,25,NA,16,8,10,78,78,NA,NA,11,18,4,4,0.2,0.2
2026-10-04T0200,1147A,121.4253,31.226,上海市,静安监测站,,30,6,14,3,9,94,94,NA,NA,7,15,7,7,0.6,0.6
2026-10-04T0200,1148A,121.7029,31.1905,上海市,浦东川沙,,29,8,12,3,5,91,91,NA,NA,5,10,10,11,0.4,0.4
2026-10-04T0200,1149A,121.5339,31.229,上海市,浦东新区监测站,,24,6,11,6,7,75,75,NA,NA,13,16,8,8,0.3,0.3
2026-10-04T0200,1150A,121.5776,31.2038,上海市,浦东张江,,29,NA,12,7,9,90,90,NA,NA,7,17,6,6,0.3,0.4
2026-10-04T0200,3265A,121.4242,31.3303,上海市,宝山庙行,,25,6,15,3,8,80,80,NA,NA,9,16,8,8,0.4,0.4
2026-10-04T0200,3266A,121.8789,31.4662,上海市,崇明上实东滩,,31,7,11,3,5,98,98,NA,NA,4,5,10,11,0.3,0.2
2026-10-04T0200,3268A,121.316,31.2839,上海市,嘉定南翔,,28,NA,13,6,8,87,87,NA,NA,6,15,6,6,0.2,0.2
2026-10-04T0200,3269A,121.3357,30.7455,上海市,金山新城,,23,8,13,7,8,71,71,NA,NA,9,14,4,4,0.6,0.6
2026-10-04T0200,3270A,121.4996,31.0741,上海市,闵行浦江,,25,7,13,6,8,79,79,NA,NA,5,11,6,6,0.3,0.3
2026-10-04T0200,3271A,121.2886,31.1663,上海市,青浦徐泾,,22,12,15,11,10,69,69,NA,NA,14,22,6,6,0.4,0.4
2026-10-04T0200,3272A,121.2193,31.0382,上海市,松江图书馆,,24,16,18,12,11,74,74,NA,NA,10,19,7,7,0.5,0.5
2026-10-04T0200,3273A,121.3904,31.206,上海市,长宁仙霞,,24,7,14,7,9,76,76,NA,NA,10,18,2,2,0.2,0.2
2026-10-04T0200,3274A,121.7964,31.0507,上海市,浦东惠南,NA,NA,10,13,3,6,NA,NA,NA,NA,9,10,10,10,0.6,0.5
2026-10-04T0200,3544A,121.4891,30.925,上海市,奉贤南桥新城,,22,9,14,8,8,70,70,NA,NA,8,11,5,5,0.3,0.2
2026-10-04T0200,4183A,121.417401,31.16637,上海市,冠生园路458号,,26,6,12,3,8,82,82,NA,NA,10,18,8,8,0.3,0.4
2026-10-04T0200,4205A,121.541914,31.268301,上海市,宁武路151号,,26,NA,13,6,9,81,81,NA,NA,11,23,8,9,0.2,0.3
2026-10-04T0200,2382A,117.9758,28.4439,上饶市,市监测站,,18,18,21,3,10,51,51,NA,NA,6,4,2,2,/,/
2026-10-04T0200,2383A,117.9521,28.4637,上饶市,凤凰光学,,16,16,23,6,10,28,28,NA,NA,9,5,3,5,0.3,0.3
2026-10-04T0200,3685A,117.897,28.4316,上饶市,双创科技城,,14,10,21,3,12,42,42,NA,NA,10,10,5,7,0.5,0.5
2026-10-04T0200,4211A,118.190438,28.444845,上饶市,裕丰大道,,15,14,27,9,13,46,46,NA,NA,6,7,12,12,0.8,0.7
2026-10-04T0200,1669A,113.5821,24.7733,韶关市,市八中,,26,26,28,15,19,38,38,NA,NA,15,10,10,12,0.5,0.6
2026-10-04T0200,1671A,113.5916,24.7973,韶关市,园林处,,38,38,26,26,20,26,26,NA,NA,21,14,13,12,/,/
2026-10-04T0200,1673A,113.5971,24.6864,韶关市,曲江监测站,,34,34,25,23,20,39,39,NA,NA,18,14,11,14,0.7,0.8
2026-10-04T0200,2809A,113.6668,24.7756,韶关市,大学路288号,,32,32,35,21,21,35,35,NA,NA,8,9,17,18,/,/
2026-10-04T0200,3622A,113.5556,24.8082,韶关市,碧湖山庄,,28,28,29,14,19,28,28,NA,NA,11,10,6,6,1.1,1
2026-10-04T0200,2464A,111.5277,27.2442,邵阳市,市化工厂,NA,NA,NA,13,3,13,NA,NA,NA,NA,5,7,3,6,0.4,0.4
2026-10-04T0200,2466A,111.4327,27.2276,邵阳市,市环保局,,14,14,17,7,13,31,31,NA,NA,8,9,8,7,0.7,0.7
2026-10-04T0200,4218A,111.446,27.2472,邵阳市,北塔二期4-26地块,,8,6,14,3,9,24,24,NA,NA,8,9,5,6,0.7,0.7
2026-10-04T0200,4219A,111.4739,27.2282,邵阳市,邵水西路287号,,11,6,17,3,12,33,33,NA,NA,6,7,10,11,0.4,0.4
2026-10-04T0200,1247A,120.6053,29.9927,绍兴市,城东开发委,,14,11,24,7,11,43,43,NA,NA,18,19,5,6,0.6,0.5
2026-10-04T0200,2921A,120.5482,30.0003,绍兴市,树下王站,,13,8,18,3,9,41,41,NA,NA,21,20,4,4,0.6,0.6
2026-10-04T0200,3408A,120.5685,29.936,绍兴市,绍兴中专,,15,7,21,3,10,48,48,NA,NA,14,14,6,6,0.6,0.7
2026-10-04T0200,3409A,120.4905,30.086,绍兴市,柯桥区政府,,16,12,17,6,9,51,51,NA,NA,14,18,6,6,0.5,0.5
2026-10-04T0200,3410A,120.8751,30.0249,绍兴市,重华小学,,21,6,22,3,11,66,66,NA,NA,2,10,6,8,0.7,0.7
2026-10-04T0200,3411A,120.837,30.0137,绍兴市,上虞中学,,22,6,24,3,11,70,70,NA,NA,9,17,4,5,0.7,0.7
2026-10-04T0200,3560A,120.4715,30.0414,绍兴市,柯桥妇保,,15,6,22,3,11,47,47,NA,NA,12,12,6,7,0.7,0.7
2026-10-04T0200,3658A,120.6156,30.0762,绍兴市,袍江中学,,16,7,19,3,9,49,49,NA,NA,13,17,6,7,0.5,0.5
2026-10-04T0200,1356A,114.0948,22.5506,深圳市,通心岭子站,,20,16,10,7,5,64,64,NA,NA,4,8,3,3,0.8,0.8
2026-10-04T0200,1357A,114.1153,22.5713,深圳市,洪湖,,23,15,12,3,4,71,71,NA,NA,7,14,1,1,0.6,0.6
2026-10-04T0200,1358A,113.9823,22.5398,深圳市,华侨城,,18,18,10,12,5,48,48,NA,NA,10,17,/,/,/,/
2026-10-04T0200,1359A,113.9181,22.517,深圳市,南海子站,,20,19,11,10,10,62,62,NA,NA,11,21,1,1,0.6,0.6
2026-10-04T0200,1360A,114.2345,22.565,深圳市,盐田,,18,18,13,7,5,51,51,NA,NA,2,12,6,7,0.7,0.7
2026-10-04T0200,1363A,114.4911,22.5381,深圳市,南澳,,19,19,11,8,3,50,50,NA,NA,2,4,/,/,/,/
2026-10-04T0200,1364A,114.41,22.6346,深圳市,葵涌,,22,22,12,3,3,28,28,NA,NA,5,4,7,7,0.9,0.8
2026-10-04T0200,1365A,114.2967,22.5978,深圳市,梅沙,,18,18,12,6,5,57,57,NA,NA,5,7,/,/,/,/
2026-10-04T0200,1366A,114.0563,22.7353,深圳市,观澜,,29,29,16,14,7,35,35,NA,NA,20,21,4,4,0.6,0.6
2026-10-04T0200,3305A,114.0614,22.556,深圳市,莲花,,18,14,10,7,5,55,55,NA,NA,6,12,/,/,/,/
2026-10-04T0200,3306A,114.0144,22.6163,深圳市,民治,,22,NA,8,13,7,70,70,NA,NA,2,8,/,/,/,/
2026-10-04T0200,3307A,114.1756,22.6421,深圳市,横岗,,17,17,12,10,7,54,54,NA,NA,19,12,/,/,/,/
2026-10-04T0200,3447A,114.344,22.7115,深圳市,坪山,,19,19,11,8,6,34,34,NA,NA,18,10,5,5,0.6,0.6
2026-10-04T0200,3623A,113.8952,22.586,深圳市,西乡,,19,19,13,7,5,43,43,NA,NA,13,21,3,4,0.6,0.6
2026-10-04T0200,4220A,114.214113,22.713717,深圳市,黄阁路,,24,12,10,7,5,74,74,NA,NA,5,10,6,6,0.8,0.9
2026-10-04T0200,1099A,123.5058,41.7084,沈阳市,浑南东路,,32,32,31,11,19,40,40,NA,NA,15,25,9,12,0.6,0.8
2026-10-04T0200,1100A,123.4238,41.6992,沈阳市,新秀街,,15,15,47,8,24,46,46,NA,NA,22,32,7,11,0.5,1
2026-10-04T0200,1102A,123.5903,41.8412,沈阳市,东陵路,,19,19,30,7,15,44,44,NA,NA,6,17,11,13,0.5,0.8
2026-10-04T0200,1103A,123.4267,41.8466,沈阳市,陵东街,,36,36,36,13,20,33,33,NA,NA,7,14,6,7,0.6,0.9
2026-10-04T0200,1104A,123.4116,41.7654,沈阳市,文化路,,25,25,42,7,22,64,64,NA,NA,10,27,9,12,0.6,1
2026-10-04T0200,1105A,123.4673,41.787,沈阳市,小河沿,,36,36,35,11,20,22,22,NA,NA,11,25,6,8,0.5,0.8
2026-10-04T0200,1106A,123.4019,41.7978,沈阳市,太原街,,19,17,46,9,25,59,59,NA,NA,9,31,4,7,0.6,1
2026-10-04T0200,1108A,123.3778,41.9233,沈阳市,京沈街,,37,37,37,19,21,32,32,NA,NA,24,27,5,6,0.5,0.5
2026-10-04T0200,2897A,123.2429,41.7341,沈阳市,沈辽西路,,32,32,57,17,28,44,44,NA,NA,19,35,10,9,0.9,1
2026-10-04T0200,2900A,123.5951,41.9085,沈阳市,裕农路,,31,31,25,14,17,40,40,NA,NA,14,19,6,6,0.9,0.5
2026-10-04T0200,2429A,110.78,32.6494,十堰市,滨河新村,NA,NA,24,20,3,8,NA,NA,NA,NA,9,10,/,/,0.9,1
2026-10-04T0200,2430A,110.7305,32.6408,十堰市,刘家沟,,12,10,11,8,7,23,23,NA,NA,4,6,/,/,/,/
2026-10-04T0200,2431A,110.8843,32.5712,十堰市,铁二处,,14,14,18,3,11,8,8,NA,NA,7,10,7,6,0.7,0.7
2026-10-04T0200,3545A,110.8053,32.8401,十堰市,郧阳区金沙路,NA,NA,8,15,3,5,NA,NA,NA,NA,5,6,8,7,0.9,0.9
2026-10-04T0200,2709A,86.0391,44.298,石河子市,艾青诗歌馆,颗粒物(PM10),56,58,58,8,10,61,61,NA,NA,21,18,6,8,0.5,0.6
2026-10-04T0200,3442A,86.047,44.2331,石河子市,南区管委会,颗粒物(PM10),63,68,51,8,7,74,74,NA,NA,8,14,6,6,0.2,0.2
2026-10-04T0200,4051A,86.0791,44.3018,石河子市,世纪广场,颗粒物(PM10),71,79,53,15,12,47,47,NA,NA,36,21,6,6,0.7,0.7
2026-10-04T0200,4167A,86.0126,44.2349,石河子市,城南景苑小区,颗粒物(PM10),54,55,41,10,10,59,59,NA,NA,12,11,7,8,0.2,0.6
2026-10-04T0200,1030A,114.5919,38.0328,石家庄市,高新区,,32,32,79,7,35,68,68,NA,NA,5,24,1,5,0.2,0.6
2026-10-04T0200,1032A,114.4556,38.0136,石家庄市,西南高教,,33,33,78,6,21,72,72,NA,NA,7,20,3,8,0.2,0.5
2026-10-04T0200,1033A,114.533,38.0177,石家庄市,世纪公园,,33,33,77,3,33,63,63,NA,NA,1,15,3,6,0.2,0.5
2026-10-04T0200,1034A,114.5105,38.0489,石家庄市,人民会堂,,24,24,81,3,24,63,63,NA,NA,7,23,3,4,0.2,0.6
2026-10-04T0200,3456A,114.2887,38.0905,石家庄市,鹿泉一中,,44,44,89,3,25,75,75,NA,NA,1,15,2,7,0.1,0.5
2026-10-04T0200,4024A,114.6491,37.9014,石家庄市,栾城区星河路,,21,16,97,3,55,66,66,NA,NA,6,28,2,7,0.0,0.5
2026-10-04T0200,4059A,114.4563,38.0365,石家庄市,裕华西路63号,,20,9,64,3,25,64,64,NA,NA,2,21,3,8,0.2,0.6
2026-10-04T0200,4060A,114.5586,38.0581,石家庄市,和平路363号,,21,14,64,7,26,66,66,NA,NA,5,22,3,4,0.2,0.5
2026-10-04T0200,4061A,114.8347,38.0213,石家庄市,廉州西路160号,,27,27,100,3,36,66,66,NA,NA,4,26,3,6,0.2,0.7
2026-10-04T0200,4062A,114.4498,38.0729,石家庄市,北城路41号,,31,31,76,3,32,62,62,NA,NA,8,24,4,10,0.1,0.5
2026-10-04T0200,4314A,114.0494,38.059,石家庄市,矿区区委大楼,,22,22,84,3,26,67,67,NA,NA,5,23,7,16,0.2,0.5
2026-10-04T0200,1948A,106.3668,39.0145,石嘴山市,大武口朝阳西街,,24,24,97,8,21,50,50,NA,NA,15,10,5,5,0.5,0.1
2026-10-04T0200,1949A,106.7713,39.2278,石嘴山市,惠农南大街,,29,29,110,3,21,42,42,NA,NA,14,5,11,15,0.3,0.5
2026-10-04T0200,1950A,106.7074,39.1332,石嘴山市,红果子镇惠新街,,29,29,133,8,23,34,34,NA,NA,17,9,3,8,0,0.2
2026-10-04T0200,3520A,106.3495,38.9837,石嘴山市,妇女儿童医院,,25,25,96,3,21,66,66,NA,NA,10,7,6,6,0.4,0.3
2026-10-04T0200,3521A,106.7495,39.2068,石嘴山市,石大公路,,27,27,105,10,20,26,26,NA,NA,20,16,4,7,0.4,0.4
2026-10-04T0200,2248A,131.1509,46.6936,双鸭山市,双合村,颗粒物(PM10),65,71,52,26,18,2,2,NA,NA,29,18,15,13,1.7,0.7
2026-10-04T0200,2249A,131.1651,46.6191,双鸭山市,南小市,,18,NA,20,12,12,16,16,NA,NA,8,12,5,7,0.4,0.2
2026-10-04T0200,2250A,131.1526,46.6554,双鸭山市,环保局,颗粒物(PM10),51,51,46,13,15,3,3,NA,NA,26,22,7,6,0.5,0.3
2026-10-04T0200,2166A,112.4399,39.3521,朔州市,平朔,,15,14,41,3,13,46,46,NA,NA,6,5,4,7,0.1,0.1
2026-10-04T0200,2167A,112.4574,39.362,朔州市,朔唯,NA,NA,26,44,3,11,17,17,NA,NA,36,6,NA,8,/,/
2026-10-04T0200,2168A,112.426,39.3199,朔州市,区政府,,19,12,38,3,13,58,58,NA,NA,3,6,4,4,0.1,0.3
2026-10-04T0200,2169A,112.4075,39.3277,朔州市,市环保局,,18,6,40,3,14,56,56,NA,NA,3,7,3,4,/,/
2026-10-04T0200,2170A,112.4273,39.3682,朔州市,市二中,,16,7,40,3,12,50,50,NA,NA,11,11,3,5,/,/
2026-10-04T0200,3571A,112.2938,39.5296,朔州市,一水厂,,17,16,52,3,12,53,53,NA,NA,4,8,1,3,0.4,0.6
2026-10-04T0200,2226A,124.3744,43.1842,四平市,境园,,19,NA,27,11,17,60,60,NA,NA,6,18,7,5,0.2,0.3
2026-10-04T0200,3486A,124.4029,43.1411,四平市,植物园,,27,27,25,15,14,57,57,NA,NA,10,16,7,5,0.2,0.1
2026-10-04T0200,3713A,124.3286,43.1726,四平市,世纪城,,24,24,43,12,19,66,66,NA,NA,6,24,4,5,0.3,0.4
2026-10-04T0200,2233A,124.8007,45.1213,松原市,江南,,23,23,45,15,20,35,35,NA,NA,17,23,2,2,0.2,0.3
2026-10-04T0200,2234A,124.7967,45.1721,松原市,江北,,36,36,39,19,16,17,17,NA,NA,30,22,2,1,0.3,0.4
2026-10-04T0200,1163A,120.5974,31.3247,苏州市,轧钢厂,,25,6,10,3,5,78,78,NA,NA,16,21,5,5,0.4,0.4
2026-10-04T0200,1164A,120.6329,31.2741,苏州市,吴中区,,24,6,12,3,5,76,76,NA,NA,10,15,6,6,0.7,0.8
2026-10-04T0200,1165A,120.5566,31.3049,苏州市,苏州新区,,23,6,12,3,8,72,72,NA,NA,11,14,6,6,0.5,0.5
2026-10-04T0200,1166A,120.668709,31.312523,苏州市,苏州工业园区,,26,6,11,3,6,83,83,NA,NA,6,11,6,6,0.5,0.5
2026-10-04T0200,1167A,120.6408,31.3707,苏州市,相城区,,25,6,12,3,2,78,78,NA,NA,8,11,8,9,0.6,0.7
2026-10-04T0200,3289A,120.7431,31.3188,苏州市,方洲路,,24,6,11,3,6,75,75,NA,NA,7,14,8,8,0.4,0.5
2026-10-04T0200,3290A,120.4979,31.2777,苏州市,木渎中学,,26,6,10,3,6,81,81,NA,NA,11,15,5,5,0.6,0.6
2026-10-04T0200,3425A,120.642,31.1733,苏州市,越秀幼儿园,NA,NA,NA,16,NA,7,NA,NA,59,NA,NA,23,NA,4,NA,0.6
2026-10-04T0200,3431A,120.6502,31.4117,苏州市,高铁新城,NA,NA,6,11,3,4,82,82,NA,NA,10,15,NA,7,0.6,0.6
2026-10-04T0200,4090A,120.4282,31.3228,苏州市,学森路9号,,28,6,10,3,1,87,87,NA,NA,15,17,8,8,0.4,0.4
2026-10-04T0200,1220A,118.2924,33.933,宿迁市,宿迁学院,NA,NA,32,31,21,15,NA,NA,NA,NA,11,15,2,2,0.5,0.4
2026-10-04T0200,1221A,118.2321,33.9572,宿迁市,宿迁中学,,38,38,32,25,16,37,37,NA,NA,18,14,3,4,0.4,0.4
2026-10-04T0200,2996A,118.2781,33.9658,宿迁市,市供电局,NA,NA,32,32,21,17,NA,NA,NA,NA,14,17,4,5,0.6,0.5
2026-10-04T0200,3191A,118.3243,33.95,宿迁市,宿豫区政府,,33,28,28,23,17,47,47,NA,NA,17,14,6,6,0.5,0.4
2026-10-04T0200,4094A,118.352,33.7886,宿迁市,春华路,,32,32,33,21,18,41,41,NA,NA,14,14,5,6,0.4,0.4
2026-10-04T0200,3187A,116.9508,33.666,宿州市,远航博物馆,,30,27,29,21,17,27,27,NA,NA,18,14,6,6,0.5,0.5
2026-10-04T0200,3463A,116.9708,33.5911,宿州市,社会福利中心,,30,23,28,21,19,41,41,NA,NA,17,18,8,12,0.5,0.4
2026-10-04T0200,3701A,116.9647,33.6252,宿州市,皖北煤电集团,,29,29,31,20,16,45,45,NA,NA,13,14,9,8,0.4,0.4
2026-10-04T0200,4103A,116.9929,33.6412,宿州市,中兴路,,50,50,39,24,18,22,22,NA,NA,24,22,10,11,0.5,0.5
2026-10-04T0200,2266A,126.9783,46.6365,绥化市,人和东街,,22,22,25,11,19,24,24,NA,NA,28,13,2,3,0.7,0.7
2026-10-04T0200,2267A,126.964,46.6527,绥化市,党政办公中心,,30,30,25,13,10,38,38,NA,NA,15,12,8,8,0.6,0.6
2026-10-04T0200,2451A,113.3587,31.7275,随州市,市委党校,,26,26,32,10,13,40,40,NA,NA,7,7,7,8,0.6,0.7
2026-10-04T0200,2452A,113.3745,31.6926,随州市,市林业局,NA,NA,22,28,12,12,47,47,NA,NA,NA,8,6,6,0.7,0.7
2026-10-04T0200,2453A,113.3984,31.7309,随州市,市立交桥水厂,,22,22,27,10,12,35,35,NA,NA,10,10,6,6,0.6,0.6
2026-10-04T0200,2528A,105.5581,30.5231,遂宁市,市监测站,,30,30,19,14,10,3,3,NA,NA,17,11,7,7,0.7,0.6
2026-10-04T0200,2530A,105.5917,30.4727,遂宁市,美宁食品公司,,31,31,19,16,15,2,2,NA,NA,20,12,10,10,0.6,0.5
2026-10-04T0200,4303A,105.5911,30.5368,遂宁市,环岛商务中心9号楼,,24,24,15,13,7,0,0,NA,NA,16,12,6,7,0.7,0.7
2026-10-04T0200,2706A,82.9993,46.7432,塔城地区,东门外小游园,,35,35,35,14,10,42,42,NA,NA,8,7,2,2,0.3,0.4
2026-10-04T0200,4165A,82.9716,46.7464,塔城地区,文化广场,,20,20,18,13,7,46,46,NA,NA,6,7,2,2,0.4,0.4
2026-10-04T0200,1255A,121.2727,28.6461,台州市,黄岩环保大楼,,30,30,33,13,11,57,57,NA,NA,4,6,/,/,/,/
2026-10-04T0200,1256A,121.4188,28.6545,台州市,台州环保大楼,,26,26,30,17,10,69,69,NA,NA,6,7,/,/,0.8,0.7
2026-10-04T0200,1257A,121.3768,28.5772,台州市,路桥田洋王,,29,29,33,14,10,83,83,NA,NA,6,8,6,7,0.6,0.6
2026-10-04T0200,3564A,121.25678,28.66823971,台州市,台州科技职业学院,,24,24,27,12,11,75,75,NA,NA,6,9,8,9,0.7,0.7
2026-10-04T0200,1081A,112.5138,37.8916,太原市,尖草坪,NA,NA,NA,NA,NA,NA,NA,NA,NA,NA,NA,NA,NA,NA,NA,NA
2026-10-04T0200,1084A,112.4691,37.7125,太原市,晋源,,41,41,64,3,23,66,66,NA,NA,8,17,6,12,0.3,0.5
2026-10-04T0200,1085A,112.5595,37.7391,太原市,小店,,20,14,54,12,25,64,64,NA,NA,18,19,11,14,0.9,0.7
2026-10-04T0200,1087A,112.5705,37.8199,太原市,坞城,,22,10,47,3,25,70,70,NA,NA,10,18,9,18,0.6,0.8
2026-10-04T0200,1088A,112.5495,37.9853,太原市,南寨,,19,19,54,3,19,50,50,NA,NA,8,18,4,8,0.5,0.8
2026-10-04T0200,3618A,112.4702,37.7821,太原市,金胜,,23,15,53,7,18,71,71,NA,NA,8,17,6,11,0,0.2
2026-10-04T0200,4010A,112.5608,37.8807,太原市,育英中学,,23,15,50,3,22,71,71,NA,NA,6,16,4,10,0.4,0.6
2026-10-04T0200,4074A,112.449,37.8509,太原市,西矿街336号,,22,20,62,3,20,69,69,NA,NA,10,17,8,11,0.3,0.5
2026-10-04T0200,4075A,112.4792,37.9393,太原市,迎宾北路9号,,23,23,50,3,21,57,57,NA,NA,10,19,6,10,0.2,0.4
2026-10-04T0200,4076A,112.551,37.8575,太原市,迎泽大街248号,,20,18,59,9,22,64,64,NA,NA,12,18,9,11,0.4,0.3
2026-10-04T0200,1656A,117.1436,36.1938,泰安市,监测站,,36,36,58,23,26,86,86,NA,NA,13,15,7,12,0.5,0.6
2026-10-04T0200,1657A,117.0905,36.2002,泰安市,人口学校,,48,48,55,22,22,82,82,NA,NA,11,16,10,13,0.6,0.7
2026-10-04T0200,1658A,117.0992,36.1757,泰安市,电力学校,,39,39,57,25,27,78,78,NA,NA,16,15,6,9,0.3,0.4
2026-10-04T0200,3502A,117.1812,36.2273,泰安市,国网新校,,22,22,43,10,26,64,64,NA,NA,7,9,4,7,0.3,0.4
2026-10-04T0200,3503A,117.0315,36.2017,泰安市,交通技校,NA,NA,29,46,17,22,65,65,NA,NA,NA,21,8,9,0.7,0.8
2026-10-04T0200,3504A,117.083,36.13,泰安市,山东第一医科大学,NA,NA,39,60,20,32,70,70,NA,NA,21,22,NA,12,0.5,0.5
2026-10-04T0200,1206A,119.9042,32.488,泰州市,公园路,,20,14,11,14,7,53,53,NA,NA,9,7,9,8,0.4,0.4
2026-10-04T0200,1207A,119.9189,32.4626,泰州市,莲花,,20,20,11,7,3,52,52,NA,NA,8,7,9,9,0.6,0.6
2026-10-04T0200,1209A,119.8877,32.4636,泰州市,留学生创业园,,23,23,17,16,10,55,55,NA,NA,8,6,9,8,0.5,0.4
2026-10-04T0200,2997A,119.8767,32.3291,泰州市,王营,,22,NA,11,15,7,54,54,NA,NA,8,9,7,7,0.6,0.6
2026-10-04T0200,3295A,120.1226,32.515,泰州市,姜堰区政府广场,,19,19,17,13,10,60,60,NA,NA,6,7,8,8,0.5,0.5
2026-10-04T0200,3435A,119.9186,32.4322,泰州市,周山河街区,,20,17,16,14,10,62,62,NA,NA,10,9,12,12,0.4,0.5
2026-10-04T0200,1040A,118.1707,39.6505,唐山市,十二中,,16,8,52,7,24,49,49,NA,NA,8,23,4,12,0.2,0.8
2026-10-04T0200,1041A,118.1868,39.6219,唐山市,小山,,18,12,61,3,24,55,55,NA,NA,7,21,8,12,0.2,0.8
2026-10-04T0200,3457A,118.4357,39.277,唐山市,冀东油田职工医院,,18,9,63,3,22,56,56,NA,NA,6,21,3,4,0.2,0.6
2026-10-04T0200,3575A,118.0927,39.5807,唐山市,正泰大街热力站,,23,23,65,3,28,50,50,NA,NA,8,24,1,6,0.2,0.8
2026-10-04T0200,3576A,118.1561,39.8322,唐山市,丰润区政府,,21,21,57,3,23,39,39,NA,NA,18,21,5,12,0.3,0.9
2026-10-04T0200,3577A,118.436906,39.73802,唐山市,金山小学,,30,30,59,3,17,51,51,NA,NA,15,22,1,9,0.2,0.7
2026-10-04T0200,3578A,118.2449,39.6693,唐山市,政府服务中心,,25,25,61,3,28,50,50,NA,NA,14,26,3,13,0.2,0.7
2026-10-04T0200,3692A,118.2043,39.6703,唐山市,消防缸窑路中队,,28,28,74,3,23,54,54,NA,NA,8,21,10,18,0.2,0.8
2026-10-04T0200,3693A,118.1432,39.6203,唐山市,路南电大,,19,19,68,3,28,51,51,NA,NA,7,22,1,8,0.2,0.8
2026-10-04T0200,4065A,118.1267,39.6579,唐山市,光明北路515号,,28,28,50,3,22,50,50,NA,NA,15,27,4,10,0.2,0.7
2026-10-04T0200,4197A,118.130859,39.636026,唐山市,友谊北路34号,,23,23,66,3,23,47,47,NA,NA,13,26,5,11,0.2,0.8
2026-10-04T0200,1015A,117.1446,39.1659,天津市,勤俭道,,20,8,52,3,23,62,62,NA,NA,8,16,5,9,0.5,0.7
