timepoint,stationcode,longitude,latitude,area,positionname,primarypollutant,aqi,pm10,pm10_24h,pm2_5,pm2_5_24h,o3,o3_24h,o3_8h,o3_8h_24h,no2,no2_24h,so2,so2_24h,co,co_24h
2026-10-03T2000,1676A,116.7257,23.2774,汕头市,濠江子站,,31,25,24,13,9,97,97,102,102,7,6,7,6,/,/
2026-10-03T2000,1677A,116.7518,23.4712,汕头市,澄海子站,,30,29,27,13,12,94,94,106,106,6,5,5,5,0.7,0.7
2026-10-03T2000,1678A,116.6088,23.2539,汕头市,潮阳子站,,31,31,19,12,10,98,98,101,101,5,5,7,7,0.6,0.6
2026-10-03T2000,3444A,116.4539,23.2684,汕头市,潮南峡山,,38,38,19,15,11,82,82,97,97,10,9,8,8,0.9,0.9
2026-10-03T2000,3624A,116.4069,23.2533,汕头市,潮南子站,,34,34,25,13,12,88,88,100,100,7,8,7,7,/,/
2026-10-03T2000,1693A,115.3653,22.7751,汕尾市,市环保局,,31,13,16,7,10,98,98,98,98,11,12,6,6,0.4,0.4
2026-10-03T2000,1695A,115.362,22.7926,汕尾市,新城中学,,31,7,15,7,10,99,99,95,95,5,6,11,11,0.5,0.5
2026-10-03T2000,2645A,109.9155,33.8714,商洛市,监测站,,33,30,15,23,10,49,49,69,68,15,9,5,5,0.5,0.6
2026-10-03T2000,3045A,109.9647,33.8486,商洛市,商州区中学,,23,19,16,16,10,54,54,70,70,10,12,5,6,0.4,0.6
2026-10-03T2000,2408A,115.6701,34.4283,商丘市,环境监测站,,23,19,51,14,31,72,72,85,85,13,21,1,4,0.6,0.7
2026-10-03T2000,2409A,115.6458,34.4047,商丘市,粮食局,,25,18,36,17,31,70,70,75,75,20,27,6,7,0.2,0.4
2026-10-03T2000,3171A,115.6069,34.4465,商丘市,梁园区档案局,,31,31,54,18,29,71,71,80,80,15,29,5,5,0.4,0.5
2026-10-03T2000,4119A,115.6701,34.3767,商丘市,北海东路185号,,23,23,60,16,29,68,68,80,80,13,22,5,6,0.8,0.9
2026-10-03T2000,4120A,115.6172,34.3704,商丘市,中山大街3号,,40,40,63,27,32,40,40,75,73,24,26,4,5,0.5,0.5
2026-10-03T2000,1141A,121.401,31.2382,上海市,普陀,,24,19,17,14,10,76,76,75,75,19,18,5,5,0.4,0.3
2026-10-03T2000,1142A,121.4774,31.2043,上海市,十五厂,,23,21,16,16,9,71,71,72,72,15,9,6,6,0.7,0.7
2026-10-03T2000,1143A,121.4673,31.3011,上海市,虹口,,23,16,20,12,10,71,71,69,69,20,18,4,4,0.2,0.2
2026-10-03T2000,1147A,121.4253,31.226,上海市,静安监测站,,28,17,18,12,10,87,87,84,84,16,15,7,8,0.7,0.6
2026-10-03T2000,1148A,121.7029,31.1905,上海市,浦东川沙,,30,9,17,3,6,96,96,88,88,10,10,11,11,0.4,0.3
2026-10-03T2000,1149A,121.5339,31.229,上海市,浦东新区监测站,,21,16,14,11,8,67,67,72,72,24,17,8,8,0.3,0.3
2026-10-03T2000,1150A,121.5776,31.2038,上海市,浦东张江,,27,14,16,12,9,84,84,77,77,20,18,6,6,0.4,0.3
2026-10-03T2000,3265A,121.4242,31.3303,上海市,宝山庙行,,24,16,20,10,9,74,74,71,71,17,17,8,8,0.4,0.4
2026-10-03T2000,3266A,121.8789,31.4662,上海市,崇明上实东滩,,31,8,14,3,6,97,97,92,92,5,6,10,11,0.2,0.2
2026-10-03T2000,3268A,121.316,31.2839,上海市,嘉定南翔,,26,13,16,10,9,83,83,76,76,12,17,6,6,0.3,0.2
2026-10-03T2000,3269A,121.3357,30.7455,上海市,金山新城,,23,15,18,12,10,73,73,71,71,14,15,4,4,0.6,0.6
2026-10-03T2000,3270A,121.4996,31.0741,上海市,闵行浦江,,25,22,17,15,8,77,77,76,76,13,12,6,6,0.3,0.3
2026-10-03T2000,3271A,121.2886,31.1663,上海市,青浦徐泾,,23,21,17,16,9,63,63,64,63,26,22,6,6,0.4,0.4
2026-10-03T2000,3272A,121.2193,31.0382,上海市,松江图书馆,,25,19,23,14,12,77,77,72,72,15,19,7,7,0.5,0.5
2026-10-03T2000,3273A,121.3904,31.206,上海市,长宁仙霞,,22,20,17,14,9,70,70,70,69,19,17,2,2,0.3,0.2
2026-10-03T2000,3274A,121.7964,31.0507,上海市,浦东惠南,,29,12,17,7,7,92,92,88,88,10,11,10,10,0.6,0.5
2026-10-03T2000,3544A,121.4891,30.925,上海市,奉贤南桥新城,,24,13,18,9,8,75,75,72,72,11,12,5,5,0.3,0.2
2026-10-03T2000,4183A,121.417401,31.16637,上海市,冠生园路458号,,21,16,16,12,9,67,67,73,73,25,18,8,8,0.4,0.4
2026-10-03T2000,4205A,121.541914,31.268301,上海市,宁武路151号,,22,13,17,10,9,68,68,66,65,26,24,8,9,0.3,0.3
2026-10-03T2000,2382A,117.9758,28.4439,上饶市,市监测站,,19,19,21,8,10,59,59,66,66,4,3,1,3,/,/
2026-10-03T2000,2383A,117.9521,28.4637,上饶市,凤凰光学,,17,17,23,11,10,53,53,55,55,3,5,3,5,0.3,0.3
2026-10-03T2000,3683A,109.8332,40.6577,包头市,昆区政府,,21,13,47,6,13,66,66,79,70,9,11,5,8,0.3,0.4
2026-10-03T2000,1931A,107.0802,34.3129,宝鸡市,竹园沟,,46,46,36,15,19,44,44,84,81,12,9,5,5,0.4,0.3
2026-10-03T2000,1933A,107.1429,34.3549,宝鸡市,监测站,颗粒物(PM10),61,65,46,26,24,45,45,90,87,21,16,2,3,0.7,0.6
2026-10-03T2000,1934A,107.1172,34.3759,宝鸡市,技工学校,颗粒物(PM10),55,56,45,28,28,54,54,94,90,22,12,7,7,0.8,0.7
2026-10-03T2000,1936A,107.2025,34.3518,宝鸡市,文理学院,颗粒物(PM10),61,65,42,24,25,40,40,96,92,28,14,10,5,0.6,0.5
2026-10-03T2000,1937A,107.2396,34.3626,宝鸡市,三迪小学,,45,45,43,26,26,50,50,86,NA,35,17,4,4,0.8,0.6
2026-10-03T2000,4155A,107.1721,34.3558,宝鸡市,滨河北路,颗粒物(PM10),58,60,40,29,23,54,54,91,88,21,16,4,4,0.5,0.4
2026-10-03T2000,4308A,107.3898,34.3601,宝鸡市,陈仓区北开路21号,颗粒物(PM10),63,68,49,39,29,73,73,99,99,29,16,5,5,0.6,0.6
2026-10-03T2000,1051A,115.4803,38.8568,保定市,游泳馆,颗粒物(PM10),65,70,88,20,39,77,77,173,165,2,27,1,6,0.4,0.7
2026-10-03T2000,1052A,115.509,38.8895,保定市,华电二区,NA,NA,43,63,3,15,NA,NA,NA,NA,NA,NA,NA,NA,NA,NA
2026-10-03T2000,1053A,115.4588,38.9037,保定市,接待中心,颗粒物(PM10),58,61,77,18,53,80,80,174,166,5,28,2,5,0.4,0.7
2026-10-03T2000,1054A,115.4484,38.8344,保定市,地表水厂,颗粒物(PM10),52,52,89,13,50,76,76,166,159,8,32,2,7,0.3,0.7
2026-10-03T2000,3581A,115.3136,38.9511,保定市,满城区生态环境分局,颗粒物(PM10),62,66,87,11,32,82,82,168,162,2,17,3,4,0.3,0.5
2026-10-03T2000,3582A,115.4709,38.7628,保定市,清苑区第二中学,颗粒物(PM10),71,79,92,17,58,94,94,180,174,6,34,5,8,0.3,0.5
2026-10-03T2000,3583A,115.6231,39.0223,保定市,徐水物探局,颗粒物(PM10),79,90,96,37,45,77,77,169,164,4,24,1,6,0.1,0.5
2026-10-03T2000,4004A,115.4199,38.8665,保定市,双鹰农机,颗粒物(PM10),85,98,100,6,40,79,79,170,163,2,22,2,7,0.4,0.7
2026-10-03T2000,4034A,115.515,38.8589,保定市,植保所站,颗粒物(PM10),55,57,75,12,48,84,84,180,173,4,24,3,6,0.5,0.7
2026-10-03T2000,2594A,99.1589,25.1137,保山市,市环境监测站,,33,27,16,23,8,70,70,83,80,5,5,8,7,0.3,0.3
2026-10-03T2000,2595A,99.1616,25.1381,保山市,市环保局,,22,21,7,13,10,70,70,79,77,3,4,4,4,0.6,0.5
2026-10-03T2000,1867A,109.1435,21.4085,北海市,海滩公园,,27,27,29,11,15,36,36,78,66,3,4,3,4,0.6,0.6
2026-10-03T2000,1868A,109.0983,21.466,北海市,新市环保局,,16,NA,22,11,12,40,40,92,76,7,7,2,3,0.6,0.6
2026-10-03T2000,1869A,109.1775,21.5232,北海市,北海工业园,,28,NA,29,19,17,33,33,79,70,9,10,2,8,0.7,0.7
2026-10-03T2000,3400A,109.1844,21.4396,北海市,龙潭自来水厂,,14,14,22,8,12,35,35,73,65,5,6,5,5,0.7,0.7
2026-10-03T2000,1001A,116.3611,39.8786,北京市,万寿西宫,,21,19,54,3,30,65,65,137,128,5,26,1,4,0.2,0.5
2026-10-03T2000,1003A,116.4174,39.9289,北京市,东四,,23,13,56,3,27,71,71,147,137,4,24,1,5,0.2,0.5
2026-10-03T2000,1004A,116.4073,39.8858,北京市,天坛,NA,NA,NA,56,NA,31,NA,NA,152,152,NA,27,NA,4,NA,0.6
2026-10-03T2000,1005A,116.4622,39.9364,北京市,农展馆,,20,14,57,3,27,63,63,127,120,4,28,3,5,0.2,0.5
2026-10-03T2000,1006A,116.3399,39.9293,北京市,官园,,21,16,62,3,30,65,65,129,121,6,28,5,8,0.3,0.6
2026-10-03T2000,1007A,116.2879,39.9613,北京市,海淀万柳,,20,11,62,3,28,63,63,124,116,4,27,3,5,0.2,0.5
2026-10-03T2000,1008A,116.6635,40.1349,北京市,顺义新城,,20,15,58,3,31,63,63,135,128,10,25,2,6,0.3,0.6
2026-10-03T2000,1009A,116.6275,40.327,北京市,怀柔镇,,21,11,43,3,19,65,65,109,107,2,15,2,4,0.1,0.5
2026-10-03T2000,1010A,116.2295,40.217,北京市,昌平镇,,18,12,50,3,24,56,56,93,92,9,22,3,6,0.2,0.6
2026-10-03T2000,3300A,113.2981,23.2365,广州市,白云嘉禾,,25,21,16,12,11,80,80,108,106,26,14,5,5,/,/
2026-10-03T2000,3301A,113.4256,23.1716,广州市,黄埔科学城,,23,23,16,14,10,34,34,92,82,44,13,7,6,0.7,0.6
2026-10-03T2000,3302A,113.3942,23.0485,广州市,番禺大学城,,25,8,13,7,8,78,78,112,110,22,16,8,8,0.5,0.5
2026-10-03T2000,3303A,113.4923,22.8169,广州市,南沙黄阁,,27,12,20,3,9,85,85,98,98,12,12,9,9,/,/
2026-10-03T2000,3304A,113.534,22.7893,广州市,南沙街,,24,16,14,6,9,76,76,90,90,9,11,8,8,0.6,0.6
2026-10-03T2000,3443A,113.2905,23.5541,广州市,花都梯面,,20,20,15,13,9,48,48,114,110,12,11,6,7,/,/
2026-10-03T2000,3445A,113.786,23.7479,广州市,从化良口,,14,12,13,6,7,43,43,81,79,12,7,6,6,/,/
2026-10-03T2000,3446A,113.805,23.2614,广州市,增城荔城,,26,26,14,15,9,67,67,117,114,17,9,10,10,0.6,0.5
2026-10-03T2000,2506A,109.604387,23.066791,贵港市,江南子站,,22,22,24,14,18,50,50,72,67,13,9,2,4,0.6,0.6
2026-10-03T2000,2508A,109.5669,23.1065,贵港市,荷城子站,,22,17,22,15,15,56,56,70,67,13,10,5,6,0.6,0.7
2026-10-03T2000,3405A,109.5886,23.1172,贵港市,新世纪学校,,24,24,24,14,18,53,53,70,65,14,10,/,/,0.6,0.6
2026-10-03T2000,4260A,109.5933,23.095,贵港市,中山路155-3号,,22,22,30,11,19,54,54,74,70,11,9,/,/,0.7,0.8
2026-10-03T2000,1439A,106.6863,26.6035,贵阳市,马鞍山,,19,17,12,13,8,36,36,33,33,6,7,2,2,/,/
2026-10-03T2000,1441A,106.6241,26.6266,贵阳市,鉴湖路,,22,22,23,8,8,47,47,43,43,5,5,8,7,0.8,0.8
2026-10-03T2000,1442A,106.7468,26.6344,贵阳市,燕子冲,,39,39,18,17,8,36,36,30,30,9,9,5,5,0.6,0.6
2026-10-03T2000,1443A,106.6556,26.4362,贵阳市,碧云窝,,34,34,28,15,10,46,46,44,41,10,8,5,5,/,/
2026-10-03T2000,1445A,106.6963,26.6063,贵阳市,红边门,,25,24,13,17,8,45,45,38,38,6,9,3,4,/,/
2026-10-03T2000,1446A,106.7162383,26.56964667,贵阳市,新华路,,34,34,19,20,8,47,47,43,43,10,9,6,6,0.7,0.7
2026-10-03T2000,1447A,106.6742,26.542,贵阳市,太慈桥,,23,22,16,16,10,43,43,38,38,9,10,4,3,/,/
2026-10-03T2000,4230A,106.688212,26.56952,贵阳市,花果园大街66号,,32,32,18,21,9,41,41,35,35,11,12,1,1,/,/
2026-10-03T2000,4231A,106.687268,26.516892,贵阳市,漓江路57号,,19,19,12,10,9,42,42,38,38,9,10,4,4,0.5,0.5
2026-10-03T2000,1864A,110.3091,25.2705,桂林市,龙隐路小学,,25,22,17,17,13,30,30,45,44,16,12,5,5,0.8,0.8
2026-10-03T2000,1865A,110.2849361,25.22909545,桂林市,八中,,31,31,19,12,5,29,29,48,47,18,11,5,4,0.8,0.7
2026-10-03T2000,3531A,110.296,25.1254,桂林市,旅游学院,,40,36,22,28,15,34,34,62,62,17,9,3,2,0.8,0.7
2026-10-03T2000,4222A,110.1835,25.2444,桂林市,环湖路276号,,44,44,26,23,10,30,30,43,42,17,9,3,3,1.0,0.8
2026-10-03T2000,4301A,110.2803,25.2773,桂林市,信义路13号,,38,34,18,26,16,27,27,41,40,17,10,6,6,0.8,0.7
2026-10-03T2000,2674A,100.2262,34.4854,果洛藏族自治州,玛沁县大武镇,颗粒物(PM10),75,84,39,22,10,77,77,102,102,7,4,20,20,0.4,0.4
2026-10-03T2000,1130A,126.5557,45.8109,哈尔滨市,松北商大,NA,NA,NA,21,NA,12,NA,NA,44,NA,NA,18,NA,6,NA,0.4
2026-10-03T2000,1132A,126.6162,45.719,哈尔滨市,南岗学府路,细颗粒物(PM2.5),76,73,34,48,12,6,6,57,40,54,24,5,5,0.8,0.4
2026-10-03T2000,1133A,126.6894,45.7733,哈尔滨市,太平宏伟公园,细颗粒物(PM2.5),104,93,29,64,14,4,4,57,52,68,18,9,7,0.8,0.4
2026-10-03T2000,1134A,126.6361,45.7672,哈尔滨市,道外承德广场,NA,NA,NA,NA,NA,NA,NA,NA,NA,NA,NA,NA,NA,NA,NA,NA
2026-10-03T2000,1136A,126.644,45.7261,哈尔滨市,动力和平路,NA,NA,NA,38,NA,13,NA,NA,50,NA,NA,35,NA,7,NA,0.6
2026-10-03T2000,1137A,126.5933,45.7479,哈尔滨市,道里建国路,,40,40,35,18,8,16,16,57,42,44,21,5,6,0.6,0.5
2026-10-03T2000,1138A,126.6127,45.6119,哈尔滨市,平房东轻厂,颗粒物(PM10),61,65,23,30,8,2,2,57,34,62,33,11,9,0.9,0.5
2026-10-03T2000,1139A,126.5875,45.9827,哈尔滨市,呼兰师专,NA,NA,NA,NA,NA,NA,NA,NA,NA,NA,NA,NA,NA,NA,NA,NA
2026-10-03T2000,1458A,91.0874,29.6476,拉萨市,区监测站,,35,NA,12,11,8,112,112,110,110,12,16,7,12,0.1,0.2
2026-10-03T2000,1459A,91.1774,29.6541,拉萨市,西藏大学,,36,10,12,6,6,114,114,113,113,9,12,8,11,0.1,0.1
2026-10-03T2000,1460A,90.9798,29.6586,拉萨市,区辐射站,,35,17,21,6,8,111,111,97,97,5,22,7,11,0.1,0.2
2026-10-03T2000,1461A,91.0831,29.6292,拉萨市,拉萨火车站,,36,12,11,6,7,114,114,106,106,7,14,6,9,0.2,0.3
2026-10-03T2000,2520A,109.2203,23.7252,来宾市,来宾技工学校,,28,28,26,14,14,68,68,84,82,4,6,10,9,0.5,0.5
2026-10-03T2000,3535A,109.1781,23.7293,来宾市,兴宾区政府,,29,29,28,16,17,68,68,90,88,9,6,5,8,0.5,0.7
2026-10-03T2000,4002A,109.2312,23.7428,来宾市,中南小学,,27,27,23,15,16,70,70,87,85,7,9,8,8,0.5,0.5
2026-10-03T2000,1479A,103.8309,36.0467,兰州市,铁路设计院,颗粒物(PM10),139,219,118,42,42,82,82,95,94,15,25,3,5,0.2,0.5
2026-10-03T2000,3241A,103.7439,36.0841,兰州市,百合公园,颗粒物(PM10),81,93,121,37,48,87,87,96,96,11,26,11,9,0.6,0.7
2026-10-03T2000,3242A,103.9613,35.9985,兰州市,和平,颗粒物(PM10),107,136,114,39,32,78,78,94,93,10,13,10,11,0.2,0.4
2026-10-03T2000,4236A,103.629272,36.093822,兰州市,庄浪东路808号,颗粒物(PM10),85,98,134,36,47,77,77,89,89,12,22,15,12,0.4,0.4
2026-10-03T2000,4237A,103.7251,36.104344,兰州市,安宁西路88号,颗粒物(PM10),96,114,148,35,46,97,97,105,105,3,16,13,13,0.2,0.4
2026-10-03T2000,4238A,103.846982,36.067567,兰州市,北滨河东路1号,颗粒物(PM10),87,101,112,36,41,85,85,94,94,12,21,5,7,0.3,0.7
2026-10-03T2000,1067A,116.6712,39.5109,廊坊市,药材公司,,37,37,56,3,31,66,66,152,147,2,25,2,5,0.2,0.5
2026-10-03T2000,1068A,116.7215,39.5592,廊坊市,开发区,颗粒物(PM10),58,60,72,12,42,72,72,161,156,2,35,3,4,0.2,0.5
2026-10-03T2000,1070A,116.7246,39.5273,廊坊市,北华航天学院,颗粒物(PM10),62,66,70,3,35,71,71,161,155,2,29,2,5,0.2,0.5
2026-10-03T2000,2919A,116.7022,39.5454,廊坊市,河北工业大学,颗粒物(PM10),62,66,69,3,36,71,71,163,158,3,30,3,4,0.3,0.5
2026-10-03T2000,2536A,103.7629,29.5844,乐山市,牛耳桥,细颗粒物(PM2.5),58,42,41,39,36,60,60,79,79,15,11,8,7,0.7,0.7
2026-10-03T2000,2537A,103.7501,29.6002,乐山市,市第三水厂,细颗粒物(PM2.5),62,41,39,41,35,67,67,84,84,18,12,6,5,0.7,0.6
2026-10-03T2000,2538A,103.7571,29.5664,乐山市,市监测站,细颗粒物(PM2.5),52,41,41,36,36,67,67,82,82,11,9,4,3,0.9,0.9
2026-10-03T2000,3361A,103.7313,29.563,乐山市,理工大学,,48,37,37,33,35,58,58,79,79,14,9,7,6,0.6,0.5
2026-10-03T2000,2599A,100.2497,26.8802,丽江市,丽江古城,,20,20,14,13,6,53,53,56,56,11,11,4,4,0.5,0.5
2026-10-03T2000,2600A,100.2203,26.8906,丽江市,市中心,,15,13,9,8,7,46,46,50,50,13,10,5,6,0.5,0.5
2026-10-03T2000,1267A,119.9141,28.4513,丽水市,监测站大楼,,20,NA,17,9,6,61,61,73,70,10,8,6,6,0.5,0.5
2026-10-03T2000,1268A,119.93,28.4589,丽水市,莲都小学,,22,22,15,6,4,66,66,72,70,8,8,/,/,/,/
2026-10-03T2000,1269A,119.8794,28.4232,丽水市,余庄前,,22,22,15,6,4,66,66,81,76,9,9,6,5,0.6,0.6
2026-10-03T2000,1173A,119.1759,34.5885,连云港市,市环境监测站,,31,31,22,12,7,57,57,85,78,20,12,8,8,0.4,0.5
2026-10-03T2000,3000A,119.3577,34.6971,连云港市,德源药业,,36,36,28,9,8,29,29,69,60,36,26,6,7,0.4,0.4
2026-10-03T2000,3007A,119.178,34.8442,连云港市,新城一中,,47,47,48,14,22,41,41,74,67,33,30,12,12,0.3,0.4
2026-10-03T2000,3008A,119.3607,34.7519,连云港市,胡沟管理处,,20,17,16,3,4,62,62,92,71,20,17,19,19,0.6,0.6
2026-10-03T2000,3009A,119.1478,34.5913,连云港市,矿山设计院,,34,34,23,9,8,52,52,80,75,16,10,4,4,0.4,0.5
2026-10-03T2000,3434A,119.2414,34.6539,连云港市,工贸学校,,20,18,18,9,8,63,63,84,75,14,12,8,9,0.3,0.4
2026-10-03T2000,2568A,102.2503,31.8896,阿坝藏族羌族自治州,马师校,,41,41,24,6,6,55,55,75,74,6,4,4,4,0.5,0.5
2026-10-03T2000,3994A,102.2174,31.9016,阿坝藏族羌族自治州,马尔康中学西区,,26,26,11,9,7,66,66,76,76,2,2,5,5,0.3,0.2
2026-10-03T2000,2695A,80.2899,41.1684,阿克苏地区,电视台,,33,33,61,13,15,98,98,96,96,6,12,4,4,0.2,0.1
2026-10-03T2000,2696A,80.2592,41.1541,阿克苏地区,艺术中心,,35,31,80,18,18,109,109,107,107,7,16,5,6,0.2,0.3
2026-10-03T2000,2205A,105.699,38.8409,阿拉善盟,蒙二幼,,27,26,102,10,28,84,84,94,86,4,4,7,7,0.3,0.3
2026-10-03T2000,2206A,105.7198,38.8508,阿拉善盟,环保局新楼,,26,21,86,6,27,83,83,96,82,3,3,8,9,0.4,0.4
2026-10-03T2000,2708A,88.1266,47.8515,阿勒泰地区,市站,,41,41,44,16,6,45,45,76,73,10,10,3,2,0.5,0.4
2026-10-03T2000,4166A,88.1198,47.7931,阿勒泰地区,阿勒泰路33号,,32,32,41,3,3,63,63,81,80,20,11,3,3,0.3,0.3
2026-10-03T2000,2630A,80.1171,32.4999,阿里地区,阿里监测站,,35,17,14,3,3,109,109,113,113,6,9,4,7,0.3,0.3
2026-10-03T2000,3192A,80.0906,32.5029,阿里地区,阿里藏医院,NA,NA,NA,11,NA,3,122,122,121,121,4,7,6,7,0.2,0.2
2026-10-03T2000,2644A,109.0088,32.6974,安康市,汉滨区检察院,,19,19,13,10,7,21,21,47,45,16,7,4,5,1.0,0.9
2026-10-03T2000,4054A,109.0324,32.6913,安康市,市邮政管理局,,28,26,13,19,7,18,18,47,44,16,8,2,14,1.2,1.1
2026-10-03T2000,2291A,117.0806,30.5181,安庆市,环科院,NA,NA,6,12,3,9,54,54,52,52,NA,9,6,6,0.6,0.6
2026-10-03T2000,2292A,117.0331,30.5118,安庆市,马山宾馆,,16,7,12,3,10,49,49,50,49,10,7,4,5,0.8,0.7
2026-10-03T2000,2294A,116.9897,30.6146,安庆市,安庆大学,,19,10,10,3,7,58,58,54,54,4,3,4,4,0.3,0.3
2026-10-03T2000,3173A,117.0598,30.5351,安庆市,市人大,,16,8,11,6,9,49,49,50,49,6,5,6,6,0.6,0.6
2026-10-03T2000,3123A,105.9408,26.2431,安顺市,凤凰山,,18,14,16,12,14,50,50,52,49,5,4,5,6,0.6,0.5
2026-10-03T2000,3124A,105.9443,26.2567,安顺市,金钟山,,18,14,15,9,15,55,55,56,53,5,4,5,6,0.4,0.4
2026-10-03T2000,3125A,105.8983,26.248,安顺市,娄家坡,,16,12,18,11,16,47,47,52,46,5,4,8,9,0.6,0.5
2026-10-03T2000,1819A,114.3552,36.1017,安阳市,红庙街,,39,38,61,27,32,98,98,113,112,18,23,3,3,0.6,0.6
2026-10-03T2000,1820A,114.361,36.0681,安阳市,银杏小区,,43,42,67,30,36,98,98,116,115,17,22,4,7,0.4,0.7
2026-10-03T2000,3141A,114.3921,36.0879,安阳市,信访局,NA,NA,47,63,28,35,91,91,117,114,NA,21,3,5,0.4,0.4
2026-10-03T2000,3669A,114.4706,36.0634,安阳市,左辅环卫站,颗粒物(PM10),63,68,105,22,36,74,74,106,99,22,35,5,7,0.5,0.5
2026-10-03T2000,4117A,114.2918,36.0769,安阳市,钢三路198号,,37,37,66,24,34,83,83,100,98,10,17,6,8,0.7,0.7
2026-10-03T2000,1748A,123.0441,41.1201,鞍山市,深沟寺,,32,32,27,15,15,58,58,70,64,14,15,6,7,0.4,0.4
2026-10-03T2000,1749A,123.011,41.0931,鞍山市,太阳城,,34,34,26,15,15,61,61,67,63,13,18,9,10,0.5,0.7
2026-10-03T2000,1750A,123.0483,41.1445,鞍山市,太平,,47,47,42,20,18,56,56,65,60,20,23,10,10,0.9,1
2026-10-03T2000,1751A,122.964,41.0968,鞍山市,铁西三道街,颗粒物(PM10),54,55,52,25,24,51,51,68,63,23,28,7,8,0.9,1.1
2026-10-03T2000,1753A,123.0219,41.0822,鞍山市,明达新区,,30,30,27,15,15,66,66,70,66,10,13,10,10,0.9,1
2026-10-03T2000,4201A,122.944647,41.082639,鞍山市,兴盛南路290号,,49,49,53,18,23,62,62,75,70,22,28,9,10,0.5,0.8
2026-10-03T2000,2195A,107.4206,40.7609,巴彦淖尔市,附二中,颗粒物(PM10),62,66,73,18,20,49,49,78,71,18,8,8,8,0.5,0.5
2026-10-03T2000,2196A,107.37,40.7372,巴彦淖尔市,市环保大楼,,48,48,66,15,13,54,54,80,72,12,7,4,5,0.5,0.6
2026-10-03T2000,1956A,86.1476,41.7529,巴音郭楞蒙古自治州,孔雀公园,,44,44,40,22,9,105,105,107,107,9,7,3,3,0.3,0.3
2026-10-03T2000,1957A,86.1971,41.7166,巴音郭楞蒙古自治州,棉纺厂,,39,39,44,14,13,104,104,102,102,6,10,/,/,/,/
2026-10-03T2000,1958A,86.236,41.7172,巴音郭楞蒙古自治州,经济开发区,,39,39,31,20,11,101,101,105,105,10,5,3,4,0.2,0.2
2026-10-03T2000,3181A,106.776805,31.852614,巴中市,市五中,,32,32,14,15,7,20,20,37,37,17,8,11,11,0.8,0.8
2026-10-03T2000,3183A,106.7419,31.8654,巴中市,圣泉水务公司,,29,NA,13,20,5,24,24,39,39,16,9,13,12,1.1,0.9
2026-10-03T2000,3616A,106.7617,31.8343,巴中市,市中心医院,,32,32,16,11,5,18,18,41,40,15,6,10,10,1.0,0.9
2026-10-03T2000,2235A,122.7909,45.608,白城市,洮北区环保局,,30,NA,73,21,19,35,35,58,53,22,19,6,5,1.3,1.2
2026-10-03T2000,2236A,122.8741,45.5725,白城市,市环保局,,31,31,32,14,14,30,30,45,36,27,31,3,4,0.6,0.7
2026-10-03T2000,2231A,126.4219,41.9172,白山市,喜丰,颗粒物(PM10),55,57,52,26,13,13,13,75,63,49,24,10,9,0.9,0.7
2026-10-03T2000,2232A,126.4082,41.9416,白山市,环保局,,26,26,19,16,6,37,37,70,63,14,9,3,4,0.3,0.2
2026-10-03T2000,2647A,104.1727,36.5448,白银市,第三小学,颗粒物(PM10),65,70,124,24,37,72,72,86,84,8,9,4,9,0.4,0.7
2026-10-03T2000,2648A,104.1467,36.5482,白银市,动力公司,NA,NA,59,120,NA,38,79,79,86,86,4,12,5,5,0.2,0.3
2026-10-03T2000,2512A,106.6102,23.901,百色市,市监测站,,31,31,38,20,20,72,72,99,94,8,11,14,14,0.5,0.5
2026-10-03T2000,2513A,106.6524,23.8842,百色市,市中心血站,,33,32,38,23,28,73,73,95,91,8,9,15,18,0.5,0.6
2026-10-03T2000,4133A,106.6273,23.8798,百色市,龙景西路,NA,NA,46,49,27,26,56,56,87,82,NA,12,14,18,0.3,0.4
2026-10-03T2000,2270A,117.396,32.9389,蚌埠市,工人疗养院,,18,8,23,8,9,57,57,70,68,11,17,5,6,0.5,0.5
2026-10-03T2000,2271A,117.3606,32.9428,蚌埠市,百货大楼,,21,11,23,6,8,65,65,71,71,12,21,9,10,0.5,0.6
2026-10-03T2000,2273A,117.4183,32.8909,蚌埠市,蚌埠学院,,16,9,18,3,7,51,51,67,61,26,22,6,6,0.3,0.2
2026-10-03T2000,2274A,117.3534,32.9672,蚌埠市,淮上区政府,,20,12,25,8,10,61,61,74,72,9,18,4,5,0.4,0.4
2026-10-03T2000,2275A,117.3143,32.8977,蚌埠市,高新区,,18,14,20,6,6,56,56,68,63,17,19,5,5,0.4,0.3
2026-10-03T2000,3715A,117.3091,32.9314,蚌埠市,蚌埠田家炳中学,,20,18,28,6,9,63,63,73,73,12,17,7,8,0.4,0.4
2026-10-03T2000,1585A,109.8761,40.6533,包头市,市环境监测站,,22,19,50,3,10,68,68,84,74,10,12,5,5,0.4,0.4
2026-10-03T2000,1587A,109.9992,40.5843,包头市,包头八中,,21,16,46,8,10,66,66,81,73,10,10,5,5,0.2,0.3
2026-10-03T2000,1589A,109.8641,40.6288,包头市,惠龙物流,,22,NA,45,13,13,68,68,81,72,7,11,6,7,0.4,0.5
2026-10-03T2000,1590A,110.0376,40.5546,包头市,东河鸿龙湾,,21,14,45,10,12,66,66,82,74,12,14,3,4,0.2,0.3
2026-10-03T2000,3283A,109.9154,40.5684,包头市,滨河大厦,,21,7,37,7,12,66,66,76,71,4,10,6,7,0.2,0.3
2026-10-03T2000,3419A,109.9449,40.6259,包头市,包头市委党校,,21,14,34,3,10,66,66,81,70,8,10,2,3,0.2,0.2
2026-10-03T2000,1011A,116.3968,39.982,北京市,奥体中心,,20,15,56,3,28,61,61,118,112,6,26,3,5,0.2,0.6
2026-10-03T2000,3418A,116.8336,40.4095,北京市,密云新城,,22,10,46,3,23,68,68,120,116,2,16,2,4,0.2,0.4
2026-10-03T2000,3671A,116.0879,39.9725,北京市,门头沟三家店,,22,11,63,3,30,70,70,125,117,5,31,2,4,0.2,0.5
2026-10-03T2000,3672A,116.1507,39.8246,北京市,丰台云岗,,20,16,70,3,36,63,63,129,121,5,24,4,7,0.2,0.5
2026-10-03T2000,3674A,115.9578,39.7602,北京市,房山燕山,,20,9,58,3,31,64,64,123,115,7,16,2,4,0.3,0.5
2026-10-03T2000,3675A,116.4669,39.7734,北京市,大兴旧宫,,22,14,58,3,26,68,68,140,132,5,26,3,6,0.2,0.5
2026-10-03T2000,3694A,115.9859,40.4562,北京市,延庆石河营,,21,10,47,3,24,65,65,95,90,4,15,4,5,0.3,0.5
2026-10-03T2000,3695A,116.6151,40.3052,北京市,怀柔新城,,21,10,40,3,22,65,65,106,103,4,13,2,4,0.0,0.4
2026-10-03T2000,3696A,116.2542,39.8764,北京市,丰台小屯,,20,12,61,3,30,64,64,129,121,5,30,2,5,0.2,0.5
2026-10-03T2000,3697A,116.8399,40.3843,北京市,密云镇,,21,17,54,3,24,66,66,116,112,4,23,4,6,0.2,0.6
2026-10-03T2000,4057A,115.9423,40.4431,北京市,延庆百泉,,20,7,45,3,22,63,63,86,82,6,18,3,4,0.3,0.6
2026-10-03T2000,4058A,116.6598,39.9164,北京市,通州新华,,22,22,59,3,30,53,53,119,112,8,22,3,4,0.3,0.7
2026-10-03T2000,4182A,116.1942,39.9158,北京市,石景山八角,,22,9,69,3,29,68,68,128,121,6,36,1,4,0.3,0.5
2026-10-03T2000,4194A,117.078628,40.151726,北京市,平谷新城,,27,27,47,11,22,74,74,131,128,6,10,3,7,0.5,0.8
2026-10-03T2000,1761A,123.8274146,41.31234549,本溪市,大峪,,26,11,24,6,12,81,81,75,75,5,15,8,7,0.7,0.9
2026-10-03T2000,1763A,123.7169,41.3094,本溪市,彩屯,颗粒物(PM10),65,71,41,35,20,25,25,58,52,37,25,10,12,1.2,1.1
2026-10-03T2000,1764A,123.7672166,41.28649327,本溪市,东明,,27,15,27,3,11,85,85,80,80,2,9,4,5,0.6,0.7
2026-10-03T2000,1765A,123.799345,41.266614,本溪市,新立屯,,23,23,19,3,7,50,50,63,60,27,21,9,9,0.5,0.6
2026-10-03T2000,1766A,123.829144,41.336777,本溪市,威宁,,37,37,29,17,14,32,32,57,52,29,17,5,5,0.5,0.6
2026-10-03T2000,2587A,105.287,27.3133,毕节市,八中,,21,11,10,10,7,65,65,64,64,4,4,6,6,0.5,0.5
2026-10-03T2000,2588A,105.3079,27.2987,毕节市,师专,,20,12,9,8,6,61,61,62,62,6,5,6,6,0.5,0.4
2026-10-03T2000,4263A,105.3688,27.3598,毕节市,工业大道,,21,10,8,3,6,65,65,69,68,5,5,7,9,/,/
2026-10-03T2000,1629A,117.9961,37.3604,滨州市,第二水厂,颗粒物(PM10),83,95,80,21,38,116,116,150,148,19,26,9,14,0.5,0.6
2026-10-03T2000,1630A,117.9789,37.3931,滨州市,北中新校,颗粒物(PM10),56,58,62,22,32,112,112,145,143,19,22,8,14,0.7,0.8
2026-10-03T2000,3514A,117.9379,37.3959,滨州市,中海酒店,颗粒物(PM10),75,85,57,28,29,103,103,144,141,25,21,11,16,0.6,0.6
2026-10-03T2000,3515A,117.9381509,37.35547456,滨州市,开发区一中,颗粒物(PM10),95,112,78,32,36,102,102,141,138,22,20,11,16,0.6,0.7
2026-10-03T2000,3516A,118.0914,37.6938,滨州市,金海六路,颗粒物(PM10),117,163,97,40,29,NA,NA,NA,NA,44,32,8,8,0.7,0.9
2026-10-03T2000,4028A,117.9955,37.3752,滨州市,滨州市西街道办事处,颗粒物(PM10),74,83,73,26,33,112,112,145,142,18,23,10,13,0.7,0.8
2026-10-03T2000,2311A,115.8071,33.8399,亳州市,污水处理厂,,21,15,30,3,14,67,67,78,78,9,14,3,5,0.3,0.3
2026-10-03T2000,2312A,115.7789,33.8519,亳州市,三国揽胜宫,,22,14,28,3,12,68,68,76,76,10,13,5,6,0.3,0.4
2026-10-03T2000,3332A,115.7631,33.803,亳州市,亳州学院,,22,22,35,3,13,70,70,79,79,11,12,3,4,0.4,0.4
2026-10-03T2000,2693A,82.0482,44.8553,博尔塔拉蒙古自治州,市党校,,45,45,51,15,12,94,94,93,93,9,9,4,4,0.3,0.3
2026-10-03T2000,2694A,82.0805,44.8966,博尔塔拉蒙古自治州,市环保局,颗粒物(PM10),55,56,42,12,10,84,84,90,90,15,15,6,5,0.2,0.3
2026-10-03T2000,1071A,116.8733,38.2922,沧州市,沧县城建局,颗粒物(PM10),88,103,70,44,34,110,110,151,148,18,17,6,10,0.3,0.3
2026-10-03T2000,1072A,116.8462,38.3189,沧州市,电视转播站,颗粒物(PM10),96,114,71,38,36,112,112,151,148,14,15,11,12,0.1,0.1
2026-10-03T2000,1073A,116.8588,38.3161,沧州市,市环保局,颗粒物(PM10),99,118,79,44,35,104,104,135,133,17,17,6,6,0.2,0.3
2026-10-03T2000,3324A,116.8011,38.294,沧州市,河北水利电力学院,颗粒物(PM10),110,146,100,44,35,96,96,133,130,21,18,8,11,0.4,0.5
2026-10-03T2000,2622A,97.1813,31.1289,昌都市,昌都监测站,,35,6,8,3,4,112,112,110,110,6,6,4,4,0.2,0.2
2026-10-03T2000,3719A,97.1707,31.1428,昌都市,昌都会议中心,,35,7,8,6,5,111,111,111,111,5,4,4,3,0.3,0.3
2026-10-03T2000,2692A,87.2722,44.0298,昌吉回族自治州,新区政务中心,,30,24,50,17,15,94,94,97,97,8,15,6,8,0.1,0.3
2026-10-03T2000,3613A,87.3069,44.0093,昌吉回族自治州,亚心广场,,48,48,72,21,14,101,101,104,104,10,19,9,10,0.2,0.4
2026-10-03T2000,4164A,87.2057,43.9289,昌吉回族自治州,财政所,,45,45,70,17,18,83,83,98,98,25,10,8,8,0.5,0.4
2026-10-03T2000,1120A,125.2874,43.9024,长春市,客车厂,,49,49,63,25,33,19,19,44,38,49,34,7,6,0.5,0.8
2026-10-03T2000,1121A,125.2943,43.8508,长春市,邮电学院,,38,38,39,24,27,30,30,42,41,21,22,7,6,0.4,0.5
2026-10-03T2000,1122A,125.3648,43.8745,长春市,劳动公园,颗粒物(PM10),53,54,43,36,26,28,28,53,49,36,26,10,6,0.4,0.6
2026-10-03T2000,1123A,125.3233,43.8781,长春市,园林处,,50,49,51,35,30,30,30,51,48,30,26,8,8,0.7,0.8
2026-10-03T2000,1124A,125.4604,43.7904,长春市,净月潭,,21,21,17,13,14,44,44,57,54,12,8,8,8,0.3,0.3
2026-10-03T2000,1126A,125.38,43.8422,长春市,经开区环卫处,,42,42,41,27,21,12,12,52,40,49,27,10,9,0.5,0.5
2026-10-03T2000,1127A,125.234,43.7761,长春市,高新区管委会,,50,50,48,21,26,11,11,50,37,44,26,9,9,0.5,0.5
2026-10-03T2000,1128A,125.1695,43.83,长春市,岱山公园,,45,45,49,24,26,16,16,43,38,45,35,5,5,0.6,0.7
2026-10-03T2000,4281A,125.334645,43.916281,长春市,北亚泰大街1068号,颗粒物(PM10),54,55,66,34,33,22,22,44,42,41,37,8,8,0.4,0.6
2026-10-03T2000,1335A,113.082,28.2421,长沙市,经开区环保局,,11,11,11,6,6,24,24,24,23,11,9,5,4,0.5,0.5
2026-10-03T2000,1336A,112.8873,28.2202,长沙市,高开区环保局,,15,15,10,3,5,32,32,27,24,3,10,4,4,0.6,0.8
2026-10-03T2000,1337A,113.0785,28.2012,长沙市,马坡岭,,12,12,12,7,7,25,25,24,24,14,13,7,7,0.6,0.5
2026-10-03T2000,1338A,112.9448,28.1894,长沙市,湖南师范大学,,14,14,10,6,7,34,34,29,29,11,12,1,2,0.6,0.6
2026-10-03T2000,1339A,113.0177,28.1322,长沙市,雨花区环保局,,12,12,9,7,6,27,27,26,23,14,14,7,7,0.6,0.6
2026-10-03T2000,1340A,112.9795,28.2593,长沙市,伍家岭,,10,10,9,6,5,32,32,32,28,10,10,4,4,0.4,0.3
2026-10-03T2000,1341A,113.002,28.1944,长沙市,火车新站,,12,12,11,7,7,31,31,27,24,13,14,4,4,0.8,0.8
2026-10-03T2000,1342A,112.9846,28.1177,长沙市,天心区环保局,,13,9,10,9,6,36,36,35,33,18,16,4,4,0.6,0.5
2026-10-03T2000,1343A,112.8906,28.1307,长沙市,湖南中医药大学,,17,17,10,8,5,31,31,29,28,10,8,7,7,0.8,0.8
2026-10-03T2000,1727A,113.1146,36.1547,长治市,清华站,,43,43,33,19,20,108,108,117,112,10,9,12,11,0.4,0.5
2026-10-03T2000,1730A,113.0887,36.2126,长治市,审计局,颗粒物(PM10),51,51,36,29,27,103,103,121,116,15,12,13,13,0.5,0.6
2026-10-03T2000,1731A,113.0845,36.1856,长治市,长治八中,颗粒物(PM10),54,55,42,15,24,101,101,115,108,12,12,16,14,0.6,0.7
2026-10-03T2000,2845A,113.1561,36.1912,长治市,德盛苑,,43,43,34,26,23,106,106,124,119,15,12,14,14,0.6,0.6
2026-10-03T2000,3568A,113.0603,36.0464,长治市,向阳小学,,49,49,50,32,23,103,103,118,111,16,8,12,10,0.6,0.4
2026-10-03T2000,3569A,112.8788,36.315,长治市,屯留一中,,38,38,46,10,31,109,109,121,117,17,14,13,15,0.2,0.4
2026-10-03T2000,4189A,113.113092,36.199482,长治市,英华南巷50号,细颗粒物(PM2.5),56,53,38,38,23,97,97,119,111,19,12,12,13,0.5,0.5
2026-10-03T2000,4190A,113.23666,36.33435,长治市,学府街1号,颗粒物(PM10),58,61,50,17,24,109,109,124,122,4,5,11,12,0.8,0.8
2026-10-03T2000,1854A,111.696,28.9725,常德市,市二中,,19,11,13,3,8,60,60,58,58,10,10,8,9,0.6,0.6
2026-10-03T2000,3138A,111.7152,29.0288,常德市,武陵区永安,,19,11,15,3,9,58,58,58,58,10,11,8,8,0.8,0.7
2026-10-03T2000,3139A,111.6891,28.9881,常德市,鼎城区玉霞,,19,11,14,3,8,60,60,60,60,7,8,9,9,0.8,0.7
2026-10-03T2000,3140A,111.6651,29.0526,常德市,武陵区长庚,,16,12,14,3,10,50,50,56,56,10,8,6,6,0.9,0.8
2026-10-03T2000,1196A,119.9524,31.7586,常州市,市监测站,,36,36,25,13,5,58,58,72,66,23,19,8,8,0.5,0.5
2026-10-03T2000,1200A,119.9351,31.703,常州市,武进监测站,,27,27,26,11,7,62,62,66,61,18,18,6,8,0.6,0.7
2026-10-03T2000,3002A,119.9701,31.813,常州市,行政中心,,28,21,16,19,6,62,62,69,65,19,18,6,7,0.4,0.4
2026-10-03T2000,3003A,120.0434,31.7726,常州市,经开区,,24,24,21,13,5,58,58,69,63,19,16,9,9,0.6,0.6
2026-10-03T2000,3010A,119.8919,31.7892,常州市,钟楼,,29,29,14,20,7,54,54,72,65,16,13,8,9,0.5,0.4
2026-10-03T2000,3429A,119.8595,31.706,常州市,武进经发区,,30,30,24,16,10,55,55,64,61,19,17,7,8,0.9,0.8
2026-10-03T2000,3430A,119.5812,31.7256,常州市,金坛城区,,26,NA,14,18,9,48,48,67,63,22,16,5,6,0.9,0.7
2026-10-03T2000,4089A,119.9551,31.863,常州市,崇义南街5-H号,,20,20,17,8,6,52,52,62,58,20,19,8,9,0.5,0.5
2026-10-03T2000,2220A,120.4318,41.588,朝阳市,西梁,,29,27,38,20,17,40,40,43,42,17,25,10,11,0.7,0.6
2026-10-03T2000,2221A,120.452,41.565,朝阳市,河畔小区,,29,21,34,20,19,43,43,47,46,13,22,12,13,0.8,0.8
2026-10-03T2000,2222A,120.4176,41.5648,朝阳市,八里堡,,26,26,38,18,20,47,47,44,43,16,23,15,14,1.0,0.9
2026-10-03T2000,3026A,116.6179,23.6608,潮州市,市政府,"颗粒物(PM10),细颗粒物(PM2.5)",54,55,30,37,16,38,38,88,78,38,13,21,9,1.0,0.6
2026-10-03T2000,4036A,116.646,23.676,潮州市,金山,,26,23,21,18,12,45,45,82,75,12,7,3,3,0.7,0.6
2026-10-03T2000,2473A,113.0116,25.8228,郴州市,市职中,,38,36,34,26,23,29,29,40,40,9,10,7,8,0.6,0.5
2026-10-03T2000,2475A,113.0381,25.8074,郴州市,市审计局,,43,43,32,24,26,28,28,38,38,10,9,10,10,/,/
2026-10-03T2000,2476A,113.0348,25.7757,郴州市,市环保局,,38,37,28,26,24,29,29,38,38,9,9,9,11,0.8,0.8
2026-10-03T2000,4252A,113.0138,25.8011,郴州市,好美居路49号,,32,29,31,22,19,31,31,41,41,9,10,8,8,/,/
2026-10-03T2000,1431A,103.9727,30.7242,成都市,金泉两河,,49,49,43,23,32,78,78,110,109,11,13,2,3,0.6,0.6
2026-10-03T2000,1432A,104.1423,30.6765,成都市,十里店,颗粒物(PM10),54,55,43,30,36,102,102,102,102,13,11,6,6,0.7,0.6
2026-10-03T2000,1433A,104.0594,30.5765,成都市,三瓦窑,细颗粒物(PM2.5),54,49,44,37,38,89,89,112,112,20,19,8,8,1.1,1
2026-10-03T2000,1434A,104.1122,30.6306,成都市,沙河铺,颗粒物(PM10),52,52,48,32,36,71,71,88,88,20,16,8,8,0.6,0.9
2026-10-03T2000,2880A,104.0219,30.6561,成都市,大石西路,细颗粒物(PM2.5),62,65,52,41,42,85,85,102,102,19,14,4,4,0.4,0.4
2026-10-03T2000,3136A,104.2724,30.559,成都市,龙泉驿区区政府,,42,39,32,29,31,85,85,84,84,16,13,4,4,0.8,0.8
2026-10-03T2000,3357A,104.0028,30.6891,成都市,金博路,,46,44,37,32,34,83,83,105,105,18,15,2,2,0.7,0.7
2026-10-03T2000,3359A,104.056,30.5228,成都市,华阳,,50,46,44,35,36,90,90,110,110,13,13,5,2,0.6,0.6
2026-10-03T2000,3488A,104.387954,30.746684,成都市,青白江技师分院,,26,18,32,18,28,52,52,62,62,11,11,3,4,0.9,0.8
2026-10-03T2000,3489A,104.0788,30.4054,成都市,科学城,细颗粒物(PM2.5),52,44,46,36,34,93,93,108,108,15,11,9,8,0.8,0.8
2026-10-03T2000,4011A,103.8505,30.6946,成都市,光华大道三段,,36,36,44,24,31,64,64,102,99,14,10,3,4,0.9,0.9
2026-10-03T2000,4144A,104.3257,30.6406,成都市,八角井街185号,,34,34,39,13,29,51,51,70,70,11,14,7,7,0.7,0.7
2026-10-03T2000,4224A,104.2433276,30.53529463,成都市,鲸龙路1057号,NA,NA,104,44,45,33,NA,NA,62,NA,NA,14,10,9,0.6,0.8
2026-10-03T2000,1062A,117.9531,40.908,承德市,铁路,NA,NA,0,0,NA,NA,60,60,NA,NA,3,3,8,8,0.4,0.4
2026-10-03T2000,1063A,117.9397,40.9763,承德市,中国银行,,33,33,33,3,11,67,67,109,109,7,16,7,8,0.4,0.5
2026-10-03T2000,4073A,117.9462,40.95,承德市,杏林街1号,,31,31,34,3,18,74,74,122,122,3,16,6,7,0.2,0.5
2026-10-03T2000,4274A,117.7994,40.9605,承德市,滨河大街98号,,42,42,38,7,15,79,79,134,132,3,14,8,10,0.1,0.4
2026-10-03T2000,2314A,117.4698,30.6617,池州市,池州学院,,16,13,13,11,10,47,47,46,46,19,15,4,4,0.5,0.5
2026-10-03T2000,3237A,117.4918,30.6617,池州市,展览馆,,15,14,14,8,8,46,46,47,45,14,10,3,3,0.5,0.5
2026-10-03T2000,3333A,117.5626,30.695,池州市,第八中学,,18,18,14,12,9,42,42,49,47,23,13,6,5,0.5,0.5
2026-10-03T2000,3334A,117.5037,30.6242,池州市,第十二中学,,20,17,10,14,9,46,46,52,52,22,13,4,3,0.8,0.7
2026-10-03T2000,1744A,118.9229,42.2816,赤峰市,松山一中,,49,NA,39,34,26,63,63,60,60,26,28,9,21,0.6,0.8
2026-10-03T2000,1745A,118.9588,42.2733,赤峰市,哈达街,,46,32,40,32,23,62,62,56,56,22,32,7,26,1.0,1.2
2026-10-03T2000,1746A,118.8792,42.2551,赤峰市,天义路,,23,23,34,12,23,62,62,66,66,12,27,4,15,0.3,0.6
2026-10-03T2000,3058A,119.2656,42.0356,赤峰市,银河街,,35,35,41,20,19,93,93,58,58,17,25,5,15,0.9,1
2026-10-03T2000,3286A,118.9359,42.3146,赤峰市,桥北物流园区,,36,36,29,25,21,29,29,59,54,45,25,5,13,1.0,1
2026-10-03T2000,2521A,107.3473,22.4137,崇左市,市环保局江州分局,,30,30,31,16,17,84,84,83,83,6,10,3,4,0.6,0.6
2026-10-03T2000,4256A,107.375,22.3736,崇左市,石景林东路7号,,32,NA,23,22,16,74,74,85,84,11,9,7,8,0.6,0.5
2026-10-03T2000,3207A,118.31131,32.3033,滁州市,市政府原办公楼,,22,NA,17,15,19,57,57,72,69,19,16,11,8,0.2,0.4
2026-10-03T2000,3331A,118.3268,32.2633,滁州市,图书馆,,20,9,16,6,11,61,61,65,65,11,18,7,7,0.1,0.4
2026-10-03T2000,4101A,118.3196,32.3335,滁州市,银山路666号,,22,11,19,7,12,68,68,70,70,9,16,4,5,0.3,0.4
2026-10-03T2000,4102A,118.3426,32.2979,滁州市,黄山路555号,,20,17,24,8,12,62,62,66,64,12,18,13,10,0.3,0.5
2026-10-03T2000,2606A,101.5379,25.0492,楚雄彝族自治州,市经济开发区,,23,NA,10,16,8,43,43,49,49,15,9,2,2,0.5,0.5
2026-10-03T2000,4153A,101.5536,25.0343,楚雄彝族自治州,团结路562号,,17,15,9,8,4,54,54,54,54,6,4,5,4,0.3,0.3
2026-10-03T2000,2549A,107.5087,31.2186,达州市,市环境监测站,,43,43,20,18,2,14,14,30,30,35,16,7,7,0.6,0.4
2026-10-03T2000,2550A,107.4988,31.2132,达州市,凤凰小区,,36,36,15,13,4,20,20,34,34,31,16,6,6,0.6,0.4
2026-10-03T2000,2551A,107.5081,31.1987,达州市,达县机关宾馆,颗粒物(PM10),51,51,16,22,5,15,15,32,32,36,20,8,6,0.5,0.3
2026-10-03T2000,2552A,107.4644,31.2124,达州市,市政中心,,37,37,24,3,2,32,32,37,37,20,16,6,6,0.4,0.4
2026-10-03T2000,2614A,100.2168,25.5818,大理白族自治州,大理市环境监测站,,22,19,9,12,6,68,68,61,61,8,6,5,5,0.2,0.2
2026-10-03T2000,2615A,100.1542,25.7055,大理白族自治州,大理古城,,22,16,13,10,6,69,69,62,62,9,9,5,4,0.3,0.4
2026-10-03T2000,1109A,121.6119,38.974,大连市,甘井子,,37,18,22,8,10,116,116,113,113,11,20,4,5,0.5,0.6
2026-10-03T2000,1110A,121.565,38.9509,大连市,周水子,,37,29,49,14,14,116,116,114,114,13,30,5,5,0.4,0.4
2026-10-03T2000,1111A,121.5637,38.8849,大连市,星海三站,,37,20,24,8,8,118,118,114,114,9,19,5,5,0.5,0.6
2026-10-03T2000,1112A,121.6301,38.9117,大连市,青泥洼桥,,36,18,23,8,11,113,113,110,110,11,21,9,8,0.4,0.4
2026-10-03T2000,1113A,121.6248,38.8643,大连市,傅家庄,NA,NA,21,21,3,8,117,117,116,116,7,13,NA,7,0.5,0.6
2026-10-03T2000,1114A,121.5117,38.8636,大连市,七贤岭,,37,26,18,6,6,118,118,116,116,11,14,6,6,0.6,0.6
2026-10-03T2000,1116A,121.7507,39.1339,大连市,金州,,37,15,18,6,9,117,117,113,113,8,9,8,8,0.6,0.8
2026-10-03T2000,1117A,121.7811,39.0495,大连市,开发区,,36,25,24,8,11,113,113,111,111,11,18,3,5,0.5,0.6
2026-10-03T2000,1118A,121.9762,39.0631,大连市,双D港,,37,18,17,3,7,118,118,113,113,6,7,7,7,0.5,0.6
2026-10-03T2000,4082A,121.2548,38.8188,大连市,旅顺,,35,15,19,3,9,111,111,109,109,8,10,7,6,0.6,0.6
2026-10-03T2000,1789A,124.8085,46.0381,大庆市,大同区,,22,21,35,15,11,47,47,72,61,21,18,5,5,0.2,0.3
2026-10-03T2000,1790A,125.1166,46.5255,大庆市,龙凤区,颗粒物(PM10),55,57,34,21,17,36,36,59,50,22,27,6,8,0.4,0.5
2026-10-03T2000,1791A,124.8894,46.4007,大庆市,红岗区,,41,41,32,17,11,36,36,60,56,26,26,29,7,0.4,0.4
2026-10-03T2000,1792A,125.1391,46.578,大庆市,萨尔图区,,22,22,39,11,15,51,51,57,55,11,21,8,9,0.6,0.6
2026-10-03T2000,1793A,124.9026,46.6217,大庆市,让胡路区,,34,34,40,15,17,17,17,31,NA,41,21,3,4,0.7,0.4
2026-10-03T2000,3481A,125.127,46.6277,大庆市,萨区政府监测点,,19,18,18,9,9,58,58,68,66,6,13,6,7,0.4,0.5
2026-10-03T2000,1723A,113.2926,40.0759,大同市,云冈宾馆,,22,14,44,3,15,70,70,96,76,9,17,7,11,0.6,0.7
2026-10-03T2000,1724A,113.3437,40.0921,大同市,大同大学,,22,20,44,8,14,69,69,92,75,13,14,4,7,0.3,0.5
2026-10-03T2000,1725A,113.2637,40.129,大同市,安家小村,,21,12,46,6,15,67,67,90,72,6,15,4,8,0.4,0.6
2026-10-03T2000,3282A,113.3399,40.0586,大同市,大同市卫生学校,,23,22,46,14,14,71,71,94,77,8,14,6,9,0.2,0.4
2026-10-03T2000,3565A,113.1371,40.1122,大同市,云冈站,,22,13,52,3,15,70,70,86,75,4,11,6,10,0.2,0.4
2026-10-03T2000,3566A,113.1186,40.2556,大同市,图书馆,,22,16,48,8,15,69,69,81,70,4,12,7,12,0.4,0.5
2026-10-03T2000,3567A,113.5931,40.0459,大同市,区一中,,24,14,44,3,13,75,75,89,80,2,10,6,8,0.4,0.6
2026-10-03T2000,4199A,113.2798248,40.09972476,大同市,魏都大道141号,,22,15,62,6,15,68,68,93,73,9,15,8,12,0.3,0.5
2026-10-03T2000,2269A,124.1068,50.4091,大兴安岭地区,科技局,NA,NA,NA,18,NA,7,NA,NA,58,NA,NA,3,NA,3,NA,0.4
2026-10-03T2000,3663A,124.117,50.4279,大兴安岭地区,红旗社区,NA,NA,NA,6,NA,7,NA,NA,61,NA,NA,7,NA,2,NA,0.3
2026-10-03T2000,1600A,124.33,40.0625,丹东市,江湾东路,,44,44,32,25,15,27,27,75,68,42,17,14,10,0.8,0.7
2026-10-03T2000,1601A,124.4242,40.1513,丹东市,临江后街,颗粒物(PM10),77,87,26,35,14,21,21,74,66,48,18,9,5,1.2,0.7
2026-10-03T2000,1602A,124.3935,40.1461,丹东市,元宝山,,23,23,21,11,13,64,64,73,73,14,14,11,8,0.6,0.7
2026-10-03T2000,1603A,124.3634,40.1093,丹东市,民主桥,细颗粒物(PM2.5),56,50,32,38,17,12,12,66,57,52,20,8,8,0.6,0.4
2026-10-03T2000,3541A,109.5726195,19.51688767,儋州市,第一中学子站,,17,13,23,3,17,52,52,59,58,5,4,3,3,0.6,0.6
2026-10-03T2000,3542A,109.5567,19.5187,儋州市,东坡学校子站,,19,19,21,6,15,55,55,62,61,4,4,6,6,0.5,0.5
2026-10-03T2000,2616A,98.5611,24.4273,德宏傣族景颇族自治州,德宏州监测站,,38,31,14,26,14,73,73,91,90,13,9,8,9,0.7,0.7
2026-10-03T2000,3677A,98.5887,24.4366,德宏傣族景颇族自治州,芒市人民政府综合楼,颗粒物(PM10),59,62,35,26,13,66,66,78,78,11,8,6,6,0.6,0.6
2026-10-03T2000,1901A,104.424,31.1209,德阳市,东山公园,,23,18,18,16,24,55,55,80,80,8,8,9,8,1.0,1
2026-10-03T2000,1902A,104.3827,31.1318,德阳市,西小区,,33,33,31,20,22,58,58,80,80,31,13,11,10,0.7,0.6
2026-10-03T2000,1904A,104.3553,31.1091,德阳市,耐火材料厂,,37,37,31,16,24,49,49,76,76,30,9,2,2,0.9,0.8
2026-10-03T2000,4145A,104.4144,31.1495,德阳市,市林业局,,24,24,35,14,25,46,46,77,76,29,12,13,14,1.1,1.1
2026-10-03T2000,1622A,116.3034,37.4675,德州市,儿童乐园,颗粒物(PM10),103,127,112,33,47,113,113,147,144,20,24,8,15,0.5,0.4
2026-10-03T2000,1624A,116.2992,37.4449,德州市,监理站,颗粒物(PM10),101,122,110,32,46,114,114,145,142,19,22,7,14,0.5,0.6
2026-10-03T2000,3066A,116.2722,37.438,德州市,九衢泉纯净水厂,颗粒物(PM10),100,119,109,32,46,84,84,151,142,46,26,11,18,0.4,0.5
2026-10-03T2000,3371A,116.3693,37.44,德州市,开发区人民医院,颗粒物(PM10),101,122,120,39,31,110,110,80,80,17,18,NA,5,0.6,0.8
2026-10-03T2000,3511A,116.5687,37.3331,德州市,陵城艺术中心,颗粒物(PM10),106,134,114,26,46,100,100,137,134,23,25,11,18,0.7,0.8
2026-10-03T2000,4292A,116.352738,37.420875,德州市,新河东路,颗粒物(PM10),83,95,103,29,48,103,103,144,140,26,31,8,11,0.3,0.6
2026-10-03T2000,2621A,99.7054,27.8319,迪庆藏族自治州,迪庆州站,,16,12,16,3,5,50,50,56,55,10,9,6,8,0.3,0.4
2026-10-03T2000,3180A,99.7122,27.8129,迪庆藏族自治州,质量技术监督局,,18,18,13,10,5,47,47,56,55,13,8,7,7,0.4,0.3
2026-10-03T2000,4257A,104.6092,35.5962,定西市,将台街,颗粒物(PM10),92,108,90,19,28,90,90,98,98,6,13,7,7,0.2,0.3
2026-10-03T2000,4309A,104.6159,35.5701,定西市,正龙路62号,颗粒物(PM10),80,91,80,22,26,79,79,88,88,5,6,3,4,0.2,0.3
2026-10-03T2000,4071A,114.9883,38.5232,定州市,交通局,颗粒物(PM10),86,100,103,25,50,82,82,154,150,25,39,9,8,1.1,0.6
2026-10-03T2000,4072A,115.0045,38.5136,定州市,第五中学,颗粒物(PM10),82,94,107,18,51,88,88,162,160,18,47,5,6,0.8,0.6
2026-10-03T2000,1390A,113.7943,23.0132,东莞市,东城石井,,17,14,11,9,8,54,54,93,86,6,6,6,6,0.6,0.6
2026-10-03T2000,1391A,113.7384,22.9659,东莞市,南城西平,,25,18,13,7,8,79,79,104,102,12,9,6,6,0.7,0.7
2026-10-03T2000,3319A,113.7283,23.041,东莞市,万江金泰,,30,19,13,15,10,93,93,113,112,13,9,5,5,0.8,0.8
2026-10-03T2000,4129A,113.8666,23.1062,东莞市,裕兴路,,27,14,10,7,7,86,86,124,121,22,11,5,6,1.0,0.9
2026-10-03T2000,4130A,114.0076,22.9739,东莞市,教育路1号,,26,21,17,6,10,83,83,111,110,18,14,11,11,0.8,0.7
2026-10-03T2000,4131A,113.7981,22.8124,东莞市,长怡路1号,,26,20,15,9,7,82,82,103,101,15,8,5,4,0.6,0.6
2026-10-03T2000,1666A,118.6612,37.4313,东营市,市环保局,,46,46,44,15,19,67,67,128,122,22,17,7,11,0.5,0.5
2026-10-03T2000,3036A,118.6903,37.4337,东营市,开发区管委会,颗粒物(PM10),53,54,43,3,13,86,86,149,142,15,14,18,11,0.4,0.3
2026-10-03T2000,3365A,118.5721,37.5654,东营市,垦利区民丰路,,31,31,42,7,15,91,91,154,147,16,17,4,3,0.3,0.4
2026-10-03T2000,3498A,118.5063,37.8606,东营市,河口城区,颗粒物(PM10),67,73,50,18,16,111,111,173,165,21,13,8,8,0.6,0.6
2026-10-03T2000,3646A,118.4979,37.4623,东营市,胜利站,,42,42,47,3,19,88,88,157,148,17,19,9,11,0.2,0.3
2026-10-03T2000,3734A,118.5753,37.4405,东营市,理想之城,颗粒物(PM10),56,58,45,28,18,79,79,144,137,15,18,10,12,0.6,0.6
2026-10-03T2000,1591A,110.0024,39.8127,鄂尔多斯市,综合楼,,22,22,46,7,12,60,60,81,72,15,11,6,7,0.2,0.3
2026-10-03T2000,1592A,109.9485,39.8259,鄂尔多斯市,巴音孟克林场办事处,,24,24,44,8,8,52,52,82,70,21,11,5,6,0.4,0.5
2026-10-03T2000,1593A,109.7734,39.5987,鄂尔多斯市,康泽苑,,24,24,37,8,9,63,63,81,76,10,7,2,3,0.3,0.3
2026-10-03T2000,1594A,109.8121,39.5987,鄂尔多斯市,华泰汽车城,,24,24,38,8,10,62,62,82,76,12,7,6,6,0.3,0.4
2026-10-03T2000,1595A,109.9734,39.7884,鄂尔多斯市,奥林花园,,24,24,44,3,9,58,58,81,72,15,9,4,4,0.2,0.3
2026-10-03T2000,2436A,114.894,30.3989,鄂州市,市政府,,11,10,16,3,6,33,33,39,37,9,9,5,5,0.4,0.4
2026-10-03T2000,2437A,114.8986,30.3714,鄂州市,赵家坝,,13,13,20,3,7,34,34,38,35,11,13,4,5,0.8,0.8
2026-10-03T2000,3654A,114.8093,30.4091,鄂州市,精准医疗中心,,13,6,17,3,8,39,39,45,45,6,9,4,4,0.6,0.6
2026-10-03T2000,2454A,109.4978,30.2979,恩施土家族苗族自治州,湖北民院,,20,20,17,6,6,38,38,35,35,8,9,4,4,0.4,0.4
2026-10-03T2000,3549A,109.5061,30.3771,恩施土家族苗族自治州,龙凤新区,,9,9,11,6,7,27,27,34,34,9,6,4,5,0.6,0.6
2026-10-03T2000,2499A,108.3411,21.6159,防城港市,沙万,,21,21,19,12,12,27,27,51,39,7,6,4,5,0.7,0.7
2026-10-03T2000,2500A,108.3515,21.7733,防城港市,防城档案局,,17,17,18,11,13,27,27,51,43,5,4,6,8,0.7,0.7
2026-10-03T2000,2501A,108.3506,21.6414,防城港市,大海花园,,21,21,16,13,11,28,28,56,44,5,5,4,4,0.7,0.6
2026-10-03T2000,1371A,113.1293,23.0065,佛山市,湾梁,,27,22,10,15,13,85,85,102,102,14,14,/,/,/,/
2026-10-03T2000,1372A,113.1082,23.0477,佛山市,华材职中,,30,22,11,14,11,96,96,108,108,10,9,2,2,0.6,0.6
2026-10-03T2000,1373A,113.1439,23.045,佛山市,南海气象局,,25,NA,16,16,12,80,80,94,94,17,14,/,/,/,/
2026-10-03T2000,1374A,113.2879,22.8094,佛山市,顺德苏岗,,32,32,17,9,11,72,72,111,108,13,10,/,/,0.2,0.3
2026-10-03T2000,1376A,112.8384,22.8678,佛山市,高明孔堂,,29,29,23,11,14,58,58,77,76,9,12,/,/,/,/
2026-10-03T2000,1377A,112.8835,23.1584,佛山市,三水监测站,,26,22,13,18,16,69,69,100,99,16,10,4,5,0.4,0.4
2026-10-03T2000,1378A,112.8668,23.185,佛山市,三水云东海,,24,24,19,15,14,69,69,100,100,15,9,/,/,/,/
2026-10-03T2000,3625A,113.2568,22.7629,佛山市,容桂街道办,,20,17,11,12,12,62,62,95,93,8,7,/,/,/,/
2026-10-03T2000,1282A,119.2681,26.0506,福州市,师大,,39,39,29,12,7,88,88,91,91,8,7,5,5,0.3,0.3
2026-10-03T2000,1283A,119.2983,26.1028,福州市,五四北路,,41,41,27,10,8,86,86,85,85,10,10,4,4,0.3,0.3
2026-10-03T2000,1284A,119.2648,26.0769,福州市,杨桥西路,,37,37,24,12,9,85,85,91,91,9,7,4,3,/,/
2026-10-03T2000,3048A,119.5799,26.0937,福州市,九龙,,33,26,29,3,5,105,105,101,101,4,5,6,6,0.3,0.3
2026-10-03T2000,3526A,119.5188,25.9666,福州市,吴航,,29,28,26,10,9,92,92,90,90,5,4,8,8,0.3,0.3
2026-10-03T2000,4104A,119.3106,26.0648,福州市,路通桥巷6号,,29,29,25,12,11,86,86,86,86,6,6,/,/,/,/
2026-10-03T2000,1755A,123.7974,41.8494,抚顺市,望花区,颗粒物(PM10),53,54,46,33,22,32,32,61,55,33,27,12,11,0.9,0.8
2026-10-03T2000,1756A,123.9161,41.8827,抚顺市,顺城区,细颗粒物(PM2.5),66,66,33,43,17,24,24,63,55,38,21,15,12,0.9,0.6
2026-10-03T2000,1757A,124.0437,41.8615,抚顺市,东洲区,细颗粒物(PM2.5),56,53,26,38,15,30,30,66,59,32,18,12,10,0.8,0.6
2026-10-03T2000,1758A,123.9246,41.8638,抚顺市,新抚区,颗粒物(PM10),67,73,38,40,21,23,23,62,50,38,24,15,12,0.6,0.4
2026-10-03T2000,1759A,124.0972,41.8961,抚顺市,大伙房水库,,48,48,21,28,13,32,32,69,62,36,18,10,8,0.6,0.5
2026-10-03T2000,1760A,123.708,41.8386,抚顺市,沈抚新城,颗粒物(PM10),53,53,41,30,20,31,31,66,62,28,26,11,14,0.8,1.2
2026-10-03T2000,2377A,116.3544,27.9833,抚州市,市站,,19,19,24,10,15,24,24,25,24,4,5,6,5,0.5,0.6
2026-10-03T2000,2378A,116.3562,27.9631,抚州市,血防站,,27,27,27,11,14,25,25,27,25,8,9,4,5,0.5,0.6
2026-10-03T2000,2379A,116.3561,28.0007,抚州市,采茶剧团,NA,NA,31,26,25,16,24,24,29,25,3,3,NA,2,0.2,0.5
2026-10-03T2000,2380A,116.3854,27.9648,抚州市,医学分院,,24,24,22,9,12,27,27,27,26,5,6,4,4,1.3,1.4
2026-10-03T2000,2207A,121.6095,41.9978,阜新市,工业园区,,22,20,51,15,22,54,54,56,49,13,27,12,13,0.6,0.6
2026-10-03T2000,2208A,121.6567,42.0188,阜新市,长青街,,25,17,36,17,21,46,46,52,44,16,31,10,13,0.5,0.6
2026-10-03T2000,2209A,121.6672,42.07,阜新市,农业园区,,25,NA,40,17,17,39,39,61,51,21,17,5,17,0.4,0.3
2026-10-03T2000,2211A,121.6343,42.0455,阜新市,玉龙新城,,25,20,46,17,18,46,46,61,49,19,31,11,14,0.5,0.5
2026-10-03T2000,2301A,115.8276,32.8929,阜阳市,市监测站,,21,21,36,3,15,66,66,75,74,8,12,7,8,0.2,0.3
2026-10-03T2000,2303A,115.8551,32.8606,阜阳市,开发区,,18,18,35,9,16,55,55,69,67,14,14,6,6,0.5,0.5
2026-10-03T2000,2875A,115.783962,32.889217,阜阳市,阜阳职业技术学院,,22,12,26,3,14,68,68,77,76,8,11,4,5,0.3,0.4
2026-10-03T2000,3468A,115.79,32.8614,阜阳市,市规划展馆,,23,12,26,3,12,71,71,77,77,6,9,4,5,0.4,0.5
2026-10-03T2000,3469A,115.835101,32.918568,阜阳市,枣园社区,,20,19,32,7,17,62,62,76,74,14,15,3,3,0.4,0.5
2026-10-03T2000,2669A,102.9097,34.9841,甘南藏族自治州,州政府,颗粒物(PM10),61,65,48,23,20,66,66,77,76,6,20,6,8,0.3,0.4
2026-10-03T2000,3380A,102.8915,34.9618,甘南藏族自治州,甘肃民族师范学院,颗粒物(PM10),63,68,55,28,20,87,87,94,94,8,22,8,8,0.4,0.4
2026-10-03T2000,2570A,101.96,30.048,甘孜藏族自治州,水桥子,,21,11,8,3,3,66,66,64,64,5,9,1,2,0.2,0.2
2026-10-03T2000,3065A,101.9534,29.9976,甘孜藏族自治州,州环保局,,18,14,14,3,2,55,55,59,59,9,10,3,2,0.2,0.1
2026-10-03T2000,2363A,114.9368,25.8663,赣州市,地委,,31,31,25,15,14,58,58,81,81,3,5,3,3,0.6,0.5
2026-10-03T2000,2364A,114.946,25.8483,赣州市,气象台,,37,37,27,18,13,58,58,76,76,7,7,6,5,0.6,0.6
2026-10-03T2000,2365A,114.932,25.8332,赣州市,市图书馆,,26,26,22,17,15,69,69,79,79,8,8,4,4,0.7,1.1
2026-10-03T2000,2366A,114.8905,25.8472,赣州市,华坚鞋城,,36,36,26,24,17,61,61,79,79,9,10,1,1,0.8,0.7
2026-10-03T2000,3109A,115.0094,25.8614,赣州市,赣县区卫计委,,46,46,22,24,13,72,72,84,84,11,8,6,6,0.7,0.7
2026-10-03T2000,2684A,106.2753,36.0057,固原市,监测站,颗粒物(PM10),55,56,52,12,14,75,75,92,90,14,11,8,7,0.3,0.4
2026-10-03T2000,2685A,106.2384,36.0189,固原市,新区,颗粒物(PM10),52,52,48,11,16,57,57,89,85,29,13,8,6,0.4,0.4
2026-10-03T2000,2544A,106.6307,30.4577,广安市,市委,,30,29,13,21,8,8,8,30,27,24,9,7,8,0.6,0.5
2026-10-03T2000,2545A,106.6266,30.4662,广安市,友谊中学,,25,22,10,17,8,18,18,35,33,20,6,8,8,0.8,0.6
2026-10-03T2000,2547A,106.6386,30.4551,广安市,广电花园,,26,NA,11,18,9,7,7,29,26,24,9,7,7,0.8,0.6
2026-10-03T2000,2902A,106.6347,30.4868,广安市,北辰小学,,38,38,15,22,9,26,26,38,37,22,10,9,9,0.9,0.7
2026-10-03T2000,2524A,105.8211,32.4444,广元市,老城,,42,42,15,16,2,9,9,50,45,42,8,3,3,0.8,0.6
2026-10-03T2000,2526A,105.8629,32.429,广元市,监测站,,42,42,20,16,2,32,32,52,50,17,8,4,4,0.6,0.5
2026-10-03T2000,3617A,105.8047,32.4167,广元市,经开区,,26,26,9,12,4,28,28,54,51,27,8,6,6,0.6,0.5
2026-10-03T2000,1345A,113.2346,23.1423,广州市,广雅中学,,32,21,17,12,10,102,102,108,108,11,13,5,5,0.6,0.7
2026-10-03T2000,1346A,113.2611,23.105,广州市,市五中,,35,20,14,14,12,110,110,126,126,11,11,5,5,/,/
2026-10-03T2000,1348A,113.3477,23.0916,广州市,广东商学院,,27,17,15,10,9,86,86,109,109,19,14,7,6,0.4,0.4
2026-10-03T2000,1349A,113.4332,23.105,广州市,市八十六中,,25,8,10,3,9,80,80,105,103,22,17,7,6,/,/
2026-10-03T2000,1350A,113.3506,22.9488,广州市,番禺中学,,25,18,14,12,11,79,79,113,112,15,12,4,5,0.5,0.4
2026-10-03T2000,1351A,113.2147,23.3918,广州市,花都师范,,29,23,17,16,11,92,92,121,121,20,15,3,2,0.8,0.8
2026-10-03T2000,1352A,113.2599,23.1329,广州市,市监测站,,32,12,71,8,7,101,101,112,112,13,10,2,1,/,/
2026-10-03T2000,1353A,113.5618,23.3119,广州市,九龙镇镇龙,,28,28,14,13,8,53,53,102,96,28,9,8,8,0.5,0.4
2026-10-03T2000,1354A,113.2764,23.1544,广州市,麓湖,,30,21,16,13,10,95,95,100,100,14,15,5,5,0.7,0.7
2026-10-03T2000,2846A,113.3209,23.1323,广州市,体育西,,31,26,15,17,10,98,98,115,115,22,15,5,5,0.8,0.7
2026-10-03T2000,3298A,113.5718,23.5493,广州市,从化街口,,27,21,16,13,10,85,85,107,106,12,7,8,8,0.7,0.6
2026-10-03T2000,3299A,113.3463,23.369,广州市,白云竹料,,27,27,16,16,11,78,78,114,112,21,10,5,4,0.8,0.7
2026-10-03T2000,1140A,126.6299,45.6799,哈尔滨市,省农科院,NA,NA,NA,75,NA,20,NA,NA,3,NA,NA,49,NA,7,NA,0.6
2026-10-03T2000,4282A,126.6769,45.7379,哈尔滨市,华山路1号,颗粒物(PM10),58,61,35,24,12,9,9,63,53,68,32,8,8,0.6,0.3
2026-10-03T2000,4283A,126.9717,45.5356,哈尔滨市,解放大街52号,NA,NA,NA,NA,NA,NA,NA,NA,54,NA,NA,NA,NA,NA,NA,NA
2026-10-03T2000,2688A,93.5124,42.8176,哈密市,地区监测站,,29,29,31,20,10,74,74,82,82,18,10,3,3,0.3,0.3
2026-10-03T2000,2689A,93.5014,42.8312,哈密市,哈密师范学校,颗粒物(PM10),55,57,34,31,13,54,54,85,83,23,12,2,2,0.4,0.3
2026-10-03T2000,2671A,100.9016,36.9464,海北藏族自治州,海晏县西海镇,,32,28,26,17,18,102,102,110,108,2,9,5,9,0.3,0.5
2026-10-03T2000,3867A,102.074,36.5056,海东市,平安区公安局北苑,颗粒物(PM10),104,128,61,56,32,81,81,93,93,14,11,8,10,0.5,0.6
2026-10-03T2000,4163A,102.0984,36.5119,海东市,滨河路,颗粒物(PM10),111,148,70,58,33,81,81,98,96,21,30,16,18,0.3,0.6
2026-10-03T2000,1410A,110.3189,20.0596,海口市,海南大学,,20,18,18,14,12,38,38,54,52,7,4,6,6,0.7,0.6
2026-10-03T2000,1411A,110.2827,20.0051,海口市,秀英海南医院,,27,27,21,18,14,35,35,58,56,12,10,4,4,0.6,0.5
2026-10-03T2000,1412A,110.3391,19.9979,海口市,海南师范大学,,28,20,19,19,15,37,37,57,55,8,5,4,4,0.6,0.6
2026-10-03T2000,1413A,110.3303,20.0359,海口市,龙华路环保局宿舍,,22,22,20,15,13,39,39,57,55,7,4,/,/,0.5,0.5
2026-10-03T2000,3539A,110.5111,19.9737,海口市,桂林洋子站,,30,29,23,21,15,27,27,52,50,12,8,/,/,/,/
2026-10-03T2000,4134A,110.1952,20.0451,海口市,长滨二路9号,,26,23,20,18,14,42,42,60,57,12,6,/,/,/,/
2026-10-03T2000,2673A,100.6158,36.2985,海南藏族自治州,共和县恰卜恰镇,,39,39,26,25,12,83,83,98,97,10,9,6,8,0.4,0.4
2026-10-03T2000,2676A,97.373,37.376,海西蒙古族藏族自治州,德令哈市,,34,34,27,16,10,96,96,101,101,14,5,9,9,0.4,0.3
2026-10-03T2000,1049A,114.492,36.5712,邯郸市,矿院,细颗粒物(PM2.5),52,44,68,36,46,96,96,126,118,16,28,7,9,0.6,0.7
2026-10-03T2000,1050A,114.4839,36.6136,邯郸市,丛台公园,NA,NA,46,31,23,12,NA,NA,NA,NA,11,8,3,3,0.2,0.2
2026-10-03T2000,3458A,114.7893,36.5592,邯郸市,香泉濮院小区,颗粒物(PM10),52,52,106,18,59,83,83,113,106,15,25,2,5,0.6,0.6
2026-10-03T2000,3580A,114.1998,36.4439,邯郸市,峰峰矿区临水派出所,,49,49,50,29,31,103,103,131,122,14,13,5,9,0.7,0.7
2026-10-03T2000,4068A,114.5209,36.7697,邯郸市,建安街268号,颗粒物(PM10),53,53,95,17,44,93,93,120,112,16,39,2,4,0.3,0.5
2026-10-03T2000,4069A,114.5488,36.6177,邯郸市,丛台东路558号,,49,49,76,15,44,90,90,122,114,14,24,3,5,0.5,0.5
2026-10-03T2000,2635A,107.0155,33.0707,汉中市,市监测站,,25,NA,11,17,6,51,51,62,62,7,4,5,5,0.4,0.3
2026-10-03T2000,2636A,107.0083,33.114,汉中市,鑫源开发区,,38,NA,15,26,5,43,43,66,65,13,7,6,6,0.4,0.2
2026-10-03T2000,2637A,107.0072,33.0323,汉中市,南郑大河坎水厂,,26,23,14,18,6,47,47,58,58,13,8,4,3,0.6,0.5
2026-10-03T2000,1223A,120.2073,30.2111,杭州市,滨江,,18,18,26,11,11,46,46,57,56,22,22,6,6,0.6,0.6
2026-10-03T2000,1224A,120.0625,30.2737,杭州市,西溪,,19,19,18,12,10,29,29,36,28,26,20,4,4,0.3,0.3
2026-10-03T2000,1226A,120.3417,30.315,杭州市,下沙,,18,17,19,12,8,43,43,54,54,17,15,5,6,0.5,0.4
2026-10-03T2000,1227A,120.1252,30.2465,杭州市,卧龙桥,,18,18,19,12,9,42,42,43,43,21,16,8,7,0.3,0.3
2026-10-03T2000,1228A,120.1902,30.2691,杭州市,浙江农大,,22,17,21,15,11,41,41,43,43,23,24,8,8,0.4,0.7
2026-10-03T2000,1230A,120.1195,30.3121,杭州市,和睦小学,,23,20,19,16,11,39,39,46,36,24,23,6,6,0.6,0.5
2026-10-03T2000,1231A,120.3076,30.4146,杭州市,临平镇,,32,32,27,18,10,46,46,53,51,25,23,6,7,0.6,0.5
2026-10-03T2000,1232A,120.2753,30.1839,杭州市,城厢镇,,17,17,21,11,10,38,38,49,49,15,18,7,7,0.6,0.6
2026-10-03T2000,1233A,120.0883,30.1808,杭州市,云栖,,16,16,19,7,8,34,34,42,42,21,16,6,6,0.7,0.6
2026-10-03T2000,3557A,119.9463,30.0496,杭州市,镇二中,,19,17,16,13,10,44,44,62,59,23,17,6,6,0.6,0.5
2026-10-03T2000,3558A,119.7184,30.2367,杭州市,市府大楼,,12,NA,14,8,9,24,24,39,30,21,14,6,7,0.5,0.5
2026-10-03T2000,3656A,120.1554,30.2863,杭州市,消防大队,,22,18,19,15,10,45,45,51,50,22,23,9,9,0.6,0.6
2026-10-03T2000,1270A,117.1957,31.7845,合肥市,明珠广场,,18,12,17,6,7,57,57,57,57,14,15,10,10,0.4,0.4
2026-10-03T2000,1271A,117.307,31.8765,合肥市,三里街,,14,7,13,7,5,44,44,50,50,20,15,5,5,0.7,0.7
2026-10-03T2000,1272A,117.2587,31.8703,合肥市,琥珀山庄,,19,12,17,7,5,58,58,61,61,13,12,6,7,0.6,0.6
2026-10-03T2000,1275A,117.2593,31.9376,合肥市,庐阳区,,18,NA,14,8,6,57,57,61,61,15,15,5,5,0.6,0.7
2026-10-03T2000,1276A,117.345251,31.861615,合肥市,瑶海区,,17,7,11,7,5,53,53,58,58,11,9,4,4,0.6,0.6
2026-10-03T2000,1277A,117.3033,31.7967,合肥市,包河区,,19,12,14,6,5,32,32,46,45,38,26,5,6,0.4,0.5
2026-10-03T2000,1278A,117.278,31.7392,合肥市,滨湖新区,,20,9,13,3,6,62,62,58,58,12,12,7,8,0.4,0.5
2026-10-03T2000,1279A,117.1324,31.8395,合肥市,高新区,,20,12,16,3,4,62,62,61,59,16,17,6,7,0.4,0.5
2026-10-03T2000,3464A,117.3802,31.9148,合肥市,高教基地,,17,12,15,3,5,53,53,58,58,12,12,7,8,0.6,0.6
2026-10-03T2000,4098A,117.2518,31.8404,合肥市,中国科学技术大学,,19,14,13,7,4,60,60,62,62,17,16,7,8,0.3,0.3
2026-10-03T2000,3614A,79.9241,37.0878,和田地区,地区环保局,颗粒物(PM10),118,166,165,38,47,94,94,103,103,6,8,2,4,0.4,0.5
2026-10-03T2000,3615A,79.9132,37.1137,和田地区,市环保局,颗粒物(PM10),100,120,176,34,48,101,101,110,110,4,15,1,4,0.4,0.5
2026-10-03T2000,2517A,108.0496,24.6957,河池市,市环保站,,35,35,26,23,13,70,70,71,71,8,5,9,10,0.8,0.8
2026-10-03T2000,4302A,108.0901,24.6945,河池市,上任中路54号,,35,35,24,22,10,70,70,69,69,10,6,9,11,0.9,0.8
2026-10-03T2000,1697A,114.6962,23.7538,河源市,东埔,,20,20,16,14,11,47,47,81,78,17,9,5,6,1.0,0.8
2026-10-03T2000,1698A,114.6895,23.7232,河源市,老城,颗粒物(PM10),75,84,22,13,12,45,45,79,76,17,8,6,7,0.9,0.8
2026-10-03T2000,3374A,115.5562,35.089,菏泽市,定陶老年大学,颗粒物(PM10),55,56,73,26,42,63,63,92,88,22,21,5,7,0.4,0.5
2026-10-03T2000,4114A,115.4239,35.2593,菏泽市,黄河路600号,颗粒物(PM10),58,60,80,29,40,76,76,94,93,13,20,8,8,0.3,0.4
2026-10-03T2000,4115A,115.5025,35.2727,菏泽市,菏泽市人社局,,47,47,74,22,39,81,81,99,97,17,24,5,6,0.1,0.2
2026-10-03T2000,4184A,115.479691,35.244011,菏泽市,永昌路1号,,48,48,71,25,38,72,72,96,93,16,20,4,5,0.1,0.2
2026-10-03T2000,4193A,115.471542,35.280012,菏泽市,长城路999号,,50,50,69,22,35,82,82,101,98,15,20,7,8,0.3,0.3
2026-10-03T2000,2514A,111.5264,24.4178,贺州市,环保小区,,39,32,19,27,14,70,70,97,96,12,7,13,13,0.4,0.4
2026-10-03T2000,2515A,111.561,24.4074,贺州市,政协大楼,,39,NA,17,27,14,65,65,95,94,17,10,12,12,0.7,0.7
2026-10-03T2000,3534A,111.4744,24.455,贺州市,西湾,细颗粒物(PM2.5),86,54,23,53,13,63,63,88,88,18,8,10,8,0.8,0.5
2026-10-03T2000,2385A,114.17,35.9019,鹤壁市,市监测站,颗粒物(PM10),53,53,52,33,23,94,94,112,111,12,13,7,5,0.6,0.5
2026-10-03T2000,2386A,114.2953,35.7512,鹤壁市,市交警支队,,36,36,54,11,26,98,98,108,106,15,24,4,6,0.6,0.7
2026-10-03T2000,2387A,114.2877,35.7302,鹤壁市,迎宾馆,,32,31,60,19,25,102,102,114,112,13,19,5,6,0.6,0.7
2026-10-03T2000,3474A,114.2616,35.6824,鹤壁市,大新区,,40,NA,62,28,35,94,94,112,107,11,16,6,8,0.2,0.2
2026-10-03T2000,3596A,114.1573,35.9607,鹤壁市,南山宾馆,颗粒物(PM10),56,58,56,36,31,92,92,111,109,16,13,7,9,0.3,0
2026-10-03T2000,2244A,130.2537,47.3416,鹤岗市,哈啤分公司,,30,30,22,3,5,67,67,71,71,5,5,9,9,0.6,0.5
2026-10-03T2000,2245A,130.2683,47.3087,鹤岗市,斯达机电,,43,43,25,29,7,36,36,59,56,19,9,7,5,0.6,0.5
2026-10-03T2000,2246A,130.3114,47.3388,鹤岗市,东山纸板厂,颗粒物(PM10),114,155,46,21,7,28,28,61,51,21,12,5,5,0.5,0.6
2026-10-03T2000,2263A,127.4832,50.2524,黑河市,交通局,,28,NA,54,19,7,12,12,51,35,30,10,7,6,0.3,0.1
2026-10-03T2000,2264A,127.5146,50.2339,黑河市,环保局,颗粒物(PM10),102,125,15,50,7,8,8,57,43,48,10,8,6,0.7,0.1
2026-10-03T2000,1074A,115.6839,37.754,衡水市,电机北厂,颗粒物(PM10),82,94,87,37,39,117,117,143,139,10,21,6,9,0.4,0.5
2026-10-03T2000,1075A,115.6303,37.7318,衡水市,市监测站,颗粒物(PM10),75,85,92,43,40,107,107,139,134,15,22,6,10,0.5,0.4
2026-10-03T2000,3188A,115.6684,37.7216,衡水市,市城管局,颗粒物(PM10),102,124,114,46,47,102,102,133,128,14,25,4,9,0.5,0.5
2026-10-03T2000,3459A,115.599,37.5491,衡水市,地表水厂,颗粒物(PM10),127,190,122,39,43,73,73,133,122,30,34,2,4,0.5,0.5
2026-10-03T2000,2457A,112.6209,26.9268,衡阳市,衡阳化工总厂,,9,8,21,3,13,27,27,29,29,12,13,8,10,0.7,0.7
2026-10-03T2000,2458A,112.621,26.8957,衡阳市,珠晖区环保局,,16,16,25,3,13,24,24,27,27,15,16,6,6,0.6,0.6
2026-10-03T2000,2459A,112.628,26.8654,衡阳市,市委党校,,11,11,17,3,13,27,27,32,31,12,12,11,10,0.8,0.8
2026-10-03T2000,2460A,112.6007,26.8977,衡阳市,市监测站,,27,27,23,17,18,27,27,29,29,12,12,6,7,1.0,0.9
2026-10-03T2000,2461A,112.5658,26.9013,衡阳市,真空机电公司,,9,9,21,3,16,23,23,28,27,12,10,7,9,0.8,0.8
2026-10-03T2000,3399A,112.6703,26.8817,衡阳市,师范学院,,12,11,17,8,13,26,26,30,29,10,11,8,7,0.7,0.7
2026-10-03T2000,3038A,103.3757,23.3679,红河哈尼族彝族自治州,州图书馆,,25,25,22,14,15,67,67,66,66,3,3,3,3,0.4,0.3
2026-10-03T2000,4154A,103.401,23.3561,红河哈尼族彝族自治州,蒙自市朝阳路,,32,NA,14,22,15,66,66,66,66,3,3,4,4,0.3,0.3
2026-10-03T2000,1090A,111.6506,40.7517,呼和浩特市,呼市一监,,22,7,36,3,10,68,68,84,72,3,9,2,2,0.4,0.5
2026-10-03T2000,1094A,111.7516,40.8369,呼和浩特市,如意水处理厂,,22,NA,29,12,13,68,68,91,70,6,11,6,8,0.2,0.3
2026-10-03T2000,1095A,111.727798,40.806187,呼和浩特市,二十九中,,21,11,36,10,13,66,66,90,67,6,12,6,8,0.4,0.5
2026-10-03T2000,1097A,111.717,40.7617,呼和浩特市,化肥厂生活区,,21,10,28,3,11,67,67,87,69,7,12,5,6,0.5,0.5
2026-10-03T2000,3699A,111.6519,40.8389,呼和浩特市,海东办,,21,NA,35,3,9,66,66,84,66,7,15,8,9,0.1,0.1
2026-10-03T2000,4275A,111.591512,40.827312,呼和浩特市,成吉思汗西街8号,,18,6,37,3,9,57,57,76,62,10,19,5,7,0.3,0.4
2026-10-03T2000,4276A,111.6597,40.8077,呼和浩特市,公园东路75号,,19,7,34,3,9,59,59,78,60,6,10,5,6,0.1,0.2
2026-10-03T2000,4277A,111.5427,40.7846,呼和浩特市,金海路35号,,20,13,40,11,14,62,62,73,64,7,14,5,7,0.2,0.3
2026-10-03T2000,3061A,119.7511,49.1576,呼伦贝尔市,国华电力东,,40,40,29,13,13,29,29,59,56,39,16,6,6,0.4,0.4
2026-10-03T2000,4279A,119.7569,49.2222,呼伦贝尔市,伊敏大街东7号,,40,40,32,9,15,8,8,50,46,55,23,6,6,0.2,0.4
2026-10-03T2000,1250A,120.075,30.867,湖州市,城西水厂,,21,10,18,8,9,66,66,68,66,18,18,6,6,0.4,0.4
2026-10-03T2000,2873A,120.083,30.8929,湖州市,仁皇山新区,,21,8,18,6,8,67,67,68,65,18,20,6,7,0.4,0.4
2026-10-03T2000,2907A,120.1846,30.8592,湖州市,吴兴区站,,18,12,18,10,10,55,55,59,58,16,15,8,8,0.6,0.5
2026-10-03T2000,3562A,120.4146,30.8538,湖州市,南浔区站,,19,14,19,10,10,58,58,62,62,13,12,8,9,0.5,0.4
2026-10-03T2000,1607A,120.904878,40.721091,葫芦岛市,龙港区,,40,28,37,28,24,32,32,68,59,34,32,7,19,0.7,0.8
2026-10-03T2000,1608A,120.8382,40.7521,葫芦岛市,化工街,,43,36,52,30,30,42,42,54,49,32,41,6,10,0.6,0.7
2026-10-03T2000,1609A,120.8339,40.7078,葫芦岛市,新区,,43,31,39,30,23,36,36,64,57,33,38,5,13,0.9,0.8
2026-10-03T2000,1610A,120.8697,40.7679,葫芦岛市,东城区,,48,NA,50,33,32,46,46,63,56,31,39,6,11,0.9,0.9
2026-10-03T2000,2483A,109.9297,27.5383,怀化市,河西地税局,,10,8,9,3,7,32,32,42,33,11,9,7,7,/,/
2026-10-03T2000,2484A,109.9783,27.5342,怀化市,市四医院,,16,16,14,7,9,28,28,39,31,12,9,8,7,0.5,0.5
2026-10-03T2000,2485A,109.9971,27.5579,怀化市,监测楼,,12,9,15,8,9,25,25,36,29,13,11,6,7,0.4,0.4
2026-10-03T2000,1210A,119.0566,33.5991,淮安市,钵池山,,32,24,31,22,17,58,58,71,67,11,14,7,8,0.9,0.7
2026-10-03T2000,1211A,119.0083,33.578,淮安市,北京南路,,34,34,34,19,18,53,53,70,62,15,17,7,7,0.7,0.6
2026-10-03T2000,1212A,118.9938,33.6083,淮安市,市监测站,,32,NA,20,22,18,43,43,70,63,22,16,9,10,0.4,0.3
2026-10-03T2000,1213A,119.135,33.5038,淮安市,楚州区监测站,,28,20,25,19,17,39,39,66,62,21,12,6,7,0.8,0.7
2026-10-03T2000,3426A,118.8757,33.2897,淮安市,新华书店,,24,24,28,14,15,54,54,68,64,11,9,9,10,0.9,0.8
2026-10-03T2000,4092A,119.119691,33.550006,淮安市,枚皋中路89号,,29,NA,27,20,18,35,35,66,60,12,11,6,6,0.8,0.7
2026-10-03T2000,4206A,119.028838,33.631911,淮安市,承德北路606号,,20,17,38,14,18,55,55,68,64,10,17,7,8,0.7,0.6
2026-10-03T2000,2282A,116.8005,33.9749,淮北市,监测站,,28,28,39,16,17,62,62,75,71,16,12,6,6,0.7,0.7
2026-10-03T2000,2283A,116.8094,33.9008,淮北市,烈山区政府,,23,23,27,10,14,57,57,72,69,14,11,4,5,0.3,0.3
2026-10-03T2000,4017A,116.7926,33.9534,淮北市,市博物馆,,26,26,37,14,18,64,64,81,73,16,13,8,8,0.4,0.3
2026-10-03T2000,4100A,116.8322,33.9884,淮北市,杜集区第一实验学校,,19,17,19,9,13,60,60,78,73,13,11,6,7,0.4,0.4
2026-10-03T2000,2277A,116.8304,32.7726,淮南市,潘集区政府,,23,23,24,10,10,58,58,72,72,11,12,7,8,0.3,0.4
2026-10-03T2000,2279A,116.8569,32.5949,淮南市,谢家集区政府,,25,25,21,14,9,52,52,73,68,15,12,5,7,0.3,0.3
2026-10-03T2000,2280A,116.8279,32.6333,淮南市,八公山区政府,,19,18,22,9,9,58,58,72,69,13,14,2,5,0.3,0.4
2026-10-03T2000,2894A,117.0561,32.6536,淮南市,经济技术开发区消防队,,17,NA,16,10,7,52,52,72,68,17,13,12,9,0.3,0.3
2026-10-03T2000,3329A,117.011,32.5891,淮南市,山南新区,,20,NA,15,7,8,61,61,74,71,8,10,3,4,0.2,0.2
2026-10-03T2000,4209A,117.003137,32.644456,淮南市,国庆中路369号,,28,28,23,12,9,46,46,66,62,16,12,11,10,0.2,0.2
2026-10-03T2000,2446A,114.9021,30.474,黄冈市,职工中心,,12,9,19,3,10,36,36,42,42,7,9,5,6,0.4,0.4
2026-10-03T2000,2929A,114.8858,30.4519,黄冈市,红卫路,,12,12,21,3,11,35,35,41,41,10,10,3,4,0.5,0.5
2026-10-03T2000,3398A,114.9134,30.4446,黄冈市,市林业局,,13,6,15,3,6,39,39,42,42,6,8,4,5,0.4,0.4
2026-10-03T2000,2672A,102.02,35.5101,黄南藏族自治州,同仁县隆务镇,颗粒物(PM10),84,97,36,41,15,105,105,115,115,10,3,8,7,0.3,0.3
2026-10-03T2000,2295A,118.2905,29.6965,黄山市,延安路89号,,13,11,10,3,3,39,39,50,47,6,5,4,4,0.2,0.2
2026-10-03T2000,2297A,118.1369,30.2755,黄山市,黄山区政府5号楼,,13,13,14,3,5,38,38,45,42,4,4,4,4,0.3,0.3
2026-10-03T2000,4210A,118.335445,29.720283,黄山市,滨江东路7-2号,,16,16,19,3,2,38,38,44,42,6,6,/,/,/,/
2026-10-03T2000,2423A,115.0547,30.2332,黄石市,沈家营,,12,12,23,3,8,34,34,46,44,4,5,8,8,0.7,0.7
2026-10-03T2000,2426A,114.899,30.211,黄石市,铁山,,14,13,19,3,9,42,42,44,41,4,13,4,5,0.4,0.5
2026-10-03T2000,2427A,115.0259,30.2108,黄石市,团城山,,15,15,24,8,10,32,32,43,40,6,8,5,6,0.8,0.7
2026-10-03T2000,3149A,115.0174,30.1591,黄石市,笔架山北路,,16,16,25,3,8,43,43,50,48,5,5,9,9,0.6,0.5
2026-10-03T2000,4185A,115.078022,30.21118,黄石市,磁湖东路29号,,17,17,24,6,11,38,38,46,46,5,7,5,5,0.9,0.8
2026-10-03T2000,1392A,114.4181,23.0528,惠州市,河南岸金山湖子站,,28,14,11,7,8,89,89,97,97,10,7,8,9,0.6,0.6
2026-10-03T2000,1393A,114.4055,23.0824,惠州市,下埔横江三路子站,,28,18,14,12,9,87,87,91,91,11,7,7,7,0.5,0.5
2026-10-03T2000,1395A,114.4645,22.7832,惠州市,惠阳区承修路船湖子站,,24,14,13,9,8,76,76,94,93,8,8,3,3,0.7,0.7
2026-10-03T2000,1396A,114.5316,22.7423,惠州市,大亚湾管委会子站,,21,16,11,8,8,66,66,77,76,11,9,3,4,0.7,0.7
2026-10-03T2000,3314A,114.4334,22.8134,惠州市,惠阳秋长,,24,19,12,9,7,74,74,96,94,13,13,/,/,/,/
2026-10-03T2000,3452A,114.6521,22.7755,惠州市,大亚湾霞涌,,26,10,13,7,8,81,81,84,84,4,3,/,/,/,/
2026-10-03T2000,4300A,114.4089,23.1147,惠州市,文华一路1号,,30,18,13,10,8,95,95,96,96,10,5,/,/,/,/
2026-10-03T2000,2240A,130.9618,45.2926,鸡西市,环保局,颗粒物(PM10),66,72,19,37,9,1,1,59,41,48,12,7,6,0.7,0.3
2026-10-03T2000,2243A,130.9294,45.2959,鸡西市,第一中学,,30,30,14,13,5,26,26,60,53,32,9,3,3,0.3,0.2
2026-10-03T2000,3707A,131.0069,45.2988,鸡西市,欧美日汽修厂,NA,NA,NA,30,50,12,2,2,60,43,43,18,4,2,1.0,0.6
2026-10-03T2000,2367A,114.9753,27.0803,吉安市,红声器材厂,,31,31,35,14,20,25,25,28,28,13,17,12,13,0.5,0.6
2026-10-03T2000,2369A,114.9903,27.1313,吉安市,市环境监测站,,29,29,33,13,16,26,26,30,30,13,16,6,6,/,/
2026-10-03T2000,2370A,115.009527,27.096792,吉安市,青原区法院,,29,29,31,19,19,32,32,32,32,11,16,7,9,0.5,0.5
2026-10-03T2000,1772A,126.54,43.8622,吉林市,哈达湾,,18,18,22,12,17,53,53,70,68,16,19,4,5,0.2,0.3
2026-10-03T2000,1773A,126.5843,43.8358,吉林市,东局子,,20,18,20,14,14,47,47,72,68,23,22,5,6,0.5,0.5
2026-10-03T2000,1774A,126.5051,43.8243,吉林市,电力学院,,38,38,27,25,18,41,41,71,66,24,16,8,8,0.6,0.5
2026-10-03T2000,1775A,126.6133,43.8971,吉林市,江北,,23,23,27,11,16,51,51,81,60,10,16,9,10,0.3,0.3
2026-10-03T2000,1776A,126.5549,43.8304,吉林市,江南公园,,24,24,23,14,17,44,44,64,62,19,19,5,5,0.2,0.2
2026-10-03T2000,2868A,126.4737,43.953,吉林市,九站,,28,28,28,19,21,42,42,66,59,26,29,5,14,0.5,0.6
2026-10-03T2000,1299A,116.9866,36.6118,济南市,科干所,,41,41,49,8,17,101,101,124,123,15,19,8,10,0.4,0.6
2026-10-03T2000,1300A,116.9379,36.6652,济南市,农科所,NA,NA,NA,NA,NA,NA,29,29,NA,NA,7,7,5,5,0.2,0.2
2026-10-03T2000,1301A,117.1265,36.6736,济南市,开发区,,49,49,55,11,22,109,109,130,130,10,16,7,7,0.2,0.3
2026-10-03T2000,1303A,117.0616,36.6865,济南市,省种子仓库,NA,NA,NA,NA,NA,NA,NA,NA,NA,NA,NA,NA,NA,NA,NA,NA
2026-10-03T2000,1304A,116.9495185,36.644937,济南市,机床二厂,颗粒物(PM10),51,51,60,12,24,92,92,119,118,13,22,7,8,0.3,0.4
2026-10-03T2000,1305A,117.0496,36.6629,济南市,市监测站,颗粒物(PM10),51,51,60,10,24,101,101,129,128,13,26,3,6,0.4,0.5
2026-10-03T2000,1306A,116.7674,36.5458,济南市,长清党校,,42,42,55,10,22,93,93,118,117,18,22,5,8,0.2,0.3
2026-10-03T2000,1961A,117.5323,36.6865,济南市,东山小学,,49,49,50,16,20,119,119,132,132,13,17,11,14,0.3,0.5
2026-10-03T2000,3059A,117.7181,36.205,济南市,泰兴公司,颗粒物(PM10),55,56,55,20,25,84,84,123,120,29,33,7,9,0.3,0.5
2026-10-03T2000,3064A,117.6861,36.2172,济南市,莱芜战役纪念馆,颗粒物(PM10),55,56,51,22,24,95,95,123,122,23,21,10,11,0.4,0.5
2026-10-03T2000,3494A,117.1673,36.9782,济南市,济阳区政府,颗粒物(PM10),63,68,84,15,35,96,96,121,119,17,24,7,14,0.3,0.5
2026-10-03T2000,3495A,117.1168,36.6299,济南市,锦屏中学,,42,42,42,11,18,98,98,124,123,10,9,6,8,0.3,0.3
2026-10-03T2000,4108A,117.7107,36.2385,济南市,山财大街5号,颗粒物(PM10),51,51,46,24,23,95,95,122,121,21,20,10,13,0.5,0.6
2026-10-03T2000,4109A,116.9744,36.6889,济南市,无影山路12号,,48,48,61,9,29,96,96,126,124,13,28,9,11,0.4,0.5
2026-10-03T2000,1653A,116.6229,35.4288,济宁市,火炬城,,36,36,47,7,21,85,85,99,99,14,18,1,4,0.2,0.4
2026-10-03T2000,3500A,116.5808,35.3703,济宁市,北湖一中,,29,29,46,3,24,89,89,98,98,11,16,3,8,0.3,0.4
2026-10-03T2000,3501A,116.8251,35.5592,济宁市,服务中心,,41,41,64,10,27,66,66,92,90,27,24,8,10,0.0,0.1
2026-10-03T2000,3678A,116.5907,35.4054,济宁市,市第七中学,,34,34,56,7,25,86,86,96,96,13,20,2,7,0.4,0.5
2026-10-03T2000,4111A,116.6075,35.4566,济宁市,任和路,,36,36,53,7,20,88,88,100,100,13,21,2,5,0.3,0.4
2026-10-03T2000,4112A,116.5648,35.3921,济宁市,文体南路1号,,30,30,49,9,22,85,85,96,96,12,17,3,4,0.2,0.3
2026-10-03T2000,4122A,112.6071,35.1015,济源市,市委党校,,44,44,45,26,27,76,76,108,103,17,16,4,7,0.7,0.8
2026-10-03T2000,4123A,112.596,35.0702,济源市,沁园中路1号,,40,38,40,28,25,60,60,96,90,22,19,1,4,0.7,0.9
2026-10-03T2000,2255A,130.2749,46.8028,佳木斯市,佳纺,NA,NA,NA,NA,NA,NA,NA,NA,NA,NA,NA,NA,NA,NA,NA,NA
2026-10-03T2000,2257A,130.3258,46.7975,佳木斯市,环保局,,27,27,25,16,10,11,11,62,50,39,21,2,2,0.5,0.3
2026-10-03T2000,4285A,130.363,46.806,佳木斯市,顺和街,,38,28,26,26,10,18,18,60,54,38,22,2,2,0.5,0.3
2026-10-03T2000,4286A,130.3952,46.8268,佳木斯市,长安路196号,,21,21,19,6,8,29,29,62,56,18,15,2,2,0.3,0.3
2026-10-03T2000,1252A,120.7439,30.778,嘉兴市,清河小学,,20,14,21,8,5,63,63,56,56,15,17,5,6,0.4,0.4
2026-10-03T2000,1253A,120.7261,30.7477,嘉兴市,嘉兴学院,,21,11,16,8,8,65,65,58,57,13,16,4,5,0.4,0.4
2026-10-03T2000,2872A,120.7845,30.7524,嘉兴市,南湖区残联,,20,NA,20,11,8,63,63,59,59,17,18,6,6,0.3,0.3
2026-10-03T2000,3407A,120.6915,30.7741,嘉兴市,秀洲住建,,21,8,16,3,5,66,66,56,56,17,22,5,6,0.6,0.5
2026-10-03T2000,1945A,98.291,39.7705,嘉峪关市,气象局,颗粒物(PM10),56,58,73,14,14,68,68,78,77,14,9,4,6,0.5,0.4
2026-10-03T2000,2884A,98.2672,39.7978,嘉峪关市,酒钢宾馆,,31,31,71,10,14,78,78,82,79,13,15,5,9,0.4,0.6
2026-10-03T2000,3248A,98.2644,39.7723,嘉峪关市,雄关区,颗粒物(PM10),58,61,63,16,14,69,69,81,79,10,9,3,5,0.1,0.2
2026-10-03T2000,1383A,113.1063,22.6058,江门市,北街,,21,NA,18,11,12,67,67,79,78,7,9,/,/,/,/
2026-10-03T2000,1384A,113.073,22.5835,江门市,西区,,23,21,14,11,11,72,72,88,87,12,15,/,/,/,/
2026-10-03T2000,1385A,113.0218,22.531,江门市,圭峰西,,23,NA,15,11,11,71,71,85,85,11,10,/,/,/,/
2026-10-03T2000,3311A,113.1077,22.5647,江门市,江海富民,,24,24,22,15,12,71,71,92,90,13,11,/,/,0.5,0.4
2026-10-03T2000,3449A,113.0496,22.4669,江门市,新会银湖,NA,NA,NA,20,10,11,62,62,77,76,9,13,5,4,0.5,0.6
2026-10-03T2000,4326A,113.0794,22.5999,江门市,五邑大学,,24,17,15,13,12,74,74,90,89,5,6,6,6,0.6,0.5
2026-10-03T2000,3335A,113.3137,35.2643,焦作市,马村街道办,颗粒物(PM10),51,51,54,33,35,92,92,106,106,14,13,2,3,0.6,0.5
2026-10-03T2000,3336A,113.2464,35.2374,焦作市,焦作技师学院,颗粒物(PM10),55,57,58,27,29,63,63,88,86,16,12,8,9,0.5,0.5
2026-10-03T2000,3477A,113.1656,35.2536,焦作市,中站许衡医院,NA,NA,56,53,32,32,62,62,92,89,NA,14,5,8,NA,0.4
2026-10-03T2000,3981A,113.2456,35.18,焦作市,原李万街道办,,47,47,50,25,30,71,71,101,97,18,14,2,5,0.3,0.3
2026-10-03T2000,4264A,113.234,35.219,焦作市,新安路1731号,细颗粒物(PM2.5),60,44,56,40,37,88,88,109,107,17,14,1,4,0.5,0.5
2026-10-03T2000,4295A,113.2722,35.2121,焦作市,人民路3066号,,47,47,54,28,36,84,84,105,103,12,11,5,5,0.2,0.3
2026-10-03T2000,1708A,116.3701,23.5345,揭阳市,新兴,,30,30,35,12,20,79,79,84,84,12,18,8,12,1.0,0.9
2026-10-03T2000,1709A,116.3261,23.5442,揭阳市,西马,,35,35,34,12,18,80,80,85,85,9,13,6,8,1.1,0.9
2026-10-03T2000,1710A,116.361,23.5627,揭阳市,东兴,,40,40,33,20,19,65,65,85,85,20,17,8,11,/,/
2026-10-03T2000,1711A,116.4151,23.5295,揭阳市,渔湖,,30,30,30,12,17,77,77,84,84,10,16,9,8,/,/
2026-10-03T2000,3320A,116.4028,23.5699,揭阳市,曲溪,,33,33,33,19,18,71,71,90,90,15,15,15,13,0.7,0.7
2026-10-03T2000,1944A,102.1691,38.5166,金昌市,天庆家园,,34,34,77,7,16,84,84,99,90,7,5,6,6,0.7,0.2
2026-10-03T2000,4022A,102.1648,38.5369,金昌市,金川区人防中心,,31,31,60,14,19,76,76,92,86,9,4,5,4,0.2,0.2
2026-10-03T2000,4239A,102.193042,38.531887,金昌市,长春路96号,,33,33,65,11,14,88,88,104,96,4,3,5,3,0.2,0.1
2026-10-03T2000,1262A,119.6478,29.0773,金华市,十五中,,40,40,29,19,10,31,31,68,64,27,17,5,5,1.2,0.8
2026-10-03T2000,1263A,119.6859,29.1032,金华市,监测站,,42,42,27,20,10,27,27,67,60,32,20,3,3,0.9,0.6
2026-10-03T2000,3659A,119.656,29.1132,金华市,气象局,,41,41,26,17,9,27,27,62,57,27,18,6,6,0.8,0.7
2026-10-03T2000,1767A,121.1114,41.0879,锦州市,南山,,43,NA,30,30,25,45,45,61,57,23,32,7,10,1.0,0.9
2026-10-03T2000,1768A,121.060361,40.842794,锦州市,开发区,,49,NA,60,34,31,48,48,67,61,24,38,7,12,0.7,0.8
2026-10-03T2000,1769A,121.1836,41.1118,锦州市,百股街道,,38,NA,39,26,27,62,62,68,67,18,32,10,12,1.0,0.8
2026-10-03T2000,1770A,121.1176,41.1224,锦州市,天安街道,,38,NA,36,26,25,47,47,60,56,25,35,8,12,0.7,0.7
2026-10-03T2000,1771A,121.1303,41.1385,锦州市,北湖公园,,40,31,33,28,23,45,45,61,56,19,24,1,4,0.6,0.5
2026-10-03T2000,2160A,112.8496,35.5051,晋城市,自来水公司,,46,46,47,21,20,74,74,100,96,16,13,7,7,0.6,0.5
2026-10-03T2000,2162A,112.8509,35.4886,晋城市,市环保局,,40,40,45,22,24,79,79,104,99,15,14,6,6,0.8,0.6
2026-10-03T2000,3620A,112.8258,35.4804,晋城市,泽州一中,,44,44,43,24,21,85,85,114,109,17,13,7,7,0.9,0.6
2026-10-03T2000,4078A,112.8246,35.5152,晋城市,前书院路,颗粒物(PM10),63,67,44,22,21,97,97,108,106,19,16,12,10,1.2,0.9
2026-10-03T2000,4079A,112.8864,35.4773,晋城市,祥云街666号,NA,NA,NA,38,NA,25,86,86,110,105,12,13,8,8,NA,0.8
2026-10-03T2000,2174A,112.6992,37.6984,晋中市,榆次区政府,NA,NA,NA,73,NA,36,77,77,135,118,86,18,41,15,2.0,0.8
2026-10-03T2000,2865A,112.7195,37.683,晋中市,榆次三中,颗粒物(PM10),70,78,77,12,32,94,94,132,124,7,18,10,13,0.3,0.5
2026-10-03T2000,4080A,112.7375,37.7215,晋中市,广安街188号,颗粒物(PM10),78,88,65,16,28,94,94,134,125,9,14,9,13,0.1,0.4
2026-10-03T2000,4200A,112.7478,37.6954,晋中市,迎宾街26号,颗粒物(PM10),72,80,70,22,31,93,93,131,123,8,14,11,14,0.3,0.5
2026-10-03T2000,2439A,112.2012,31.048,荆门市,竹园小学,,20,14,32,14,19,60,60,68,66,8,7,7,7,0.4,0.4
2026-10-03T2000,2440A,112.1968,30.9892,荆门市,掇刀,,19,18,32,13,18,60,60,70,64,11,10,6,6,0.5,0.5
2026-10-03T2000,3012A,112.1849,31.0361,荆门市,西山林语,,19,14,33,9,17,59,59,72,65,8,7,5,5,0.5,0.5
2026-10-03T2000,3547A,112.1631,31.0134,荆门市,龙泉中学南校,NA,NA,8,21,3,13,58,58,80,70,NA,5,6,6,NA,0.7
2026-10-03T2000,4124A,112.2213,31.0654,荆门市,新台西路6号,,18,16,25,10,19,57,57,67,64,7,5,6,6,0.5,0.5
2026-10-03T2000,1844A,112.2493,30.3198,荆州市,市图书馆,,21,21,23,9,17,55,55,59,58,15,12,7,7,0.7,0.6
2026-10-03T2000,1845A,112.2009,30.3543,荆州市,市委党校,,17,17,23,11,15,48,48,55,55,15,13,5,5,0.4,0.3
2026-10-03T2000,3194A,112.2749,30.3124,荆州市,管委会,,17,NA,22,11,18,54,54,57,57,14,12,6,6,0.5,0.5
2026-10-03T2000,4268A,112.1722,30.3366,荆州市,学苑路85号,,26,NA,22,18,18,55,55,62,61,14,11,7,6,0.6,0.5
2026-10-03T2000,2343A,117.2114,29.2931,景德镇市,老干部活动中心,,13,NA,8,9,5,32,32,34,33,2,2,4,3,0.7,0.6
2026-10-03T2000,2344A,117.1893,29.2789,景德镇市,兽医站,,42,42,28,3,3,35,35,36,36,6,4,3,3,0.6,0.6
2026-10-03T2000,2346A,117.246,29.2958,景德镇市,陶研所,,12,11,8,8,4,27,27,36,32,8,4,3,3,0.7,0.6
2026-10-03T2000,4289A,117.154766,29.256967,景德镇市,青少年活动中心,,11,10,9,3,4,34,34,33,32,6,5,5,5,/,/
2026-10-03T2000,1803A,115.9873,29.6816,九江市,十里,,19,10,8,3,6,58,58,55,54,13,11,2,2,0.6,0.6
2026-10-03T2000,1804A,115.9583,29.7047,九江市,茅山头,,14,14,11,3,5,44,44,46,42,11,14,5,4,0.6,0.6
2026-10-03T2000,1805A,115.9877,29.7295,九江市,西园,,19,19,12,3,5,50,50,50,50,8,5,6,6,0.7,0.6
2026-10-03T2000,1808A,115.9112,29.6038,九江市,综合工业园,,15,6,5,3,4,46,46,48,38,23,26,7,7,0.7,0.8
2026-10-03T2000,3190A,116.0254,29.6995,九江市,外国语学校,,20,10,9,3,5,61,61,54,52,16,14,10,9,0.5,0.5
2026-10-03T2000,4253A,116.010205,29.659402,九江市,莲花大道8号,,16,15,9,3,4,51,51,49,44,14,11,7,7,0.5,0.5
2026-10-03T2000,4240A,98.495752,39.733935,酒泉市,玉门东路5号,颗粒物(PM10),58,61,63,18,17,69,69,76,76,9,5,9,5,0.2,0.2
2026-10-03T2000,4241A,98.5099,39.7506,酒泉市,北大街108号,,48,48,61,22,16,72,72,80,79,9,5,7,7,0.3,0.2
2026-10-03T2000,2698A,76.0071,39.466,喀什地区,巡警大队,颗粒物(PM10),89,104,113,45,38,113,113,109,109,5,19,4,4,0.1,0.2
2026-10-03T2000,2699A,75.9756,39.4693,喀什地区,吾办,颗粒物(PM10),95,112,115,37,37,100,100,101,101,13,18,1,3,0.3,0.5
2026-10-03T2000,4027A,75.9485,39.4688,喀什地区,老干局,颗粒物(PM10),96,114,114,33,26,102,102,103,103,4,15,5,5,0.2,0.3
2026-10-03T2000,1824A,114.3389,34.778,开封市,肿瘤医院,,38,38,53,26,35,67,67,84,82,11,17,3,5,0.6,0.5
2026-10-03T2000,1826A,114.2884,34.7966,开封市,世纪星幼儿园,,36,33,44,25,36,73,73,88,87,12,15,2,3,0.8,0.8
2026-10-03T2000,3147A,114.3434,34.8101,开封市,龙亭公园,,34,34,52,23,30,81,81,100,99,7,12,3,5,0.6,0.6
2026-10-03T2000,3210A,114.3645,34.7955,开封市,汴京公园,NA,NA,NA,NA,NA,NA,NA,NA,NA,NA,NA,NA,NA,NA,NA,NA
2026-10-03T2000,3473A,114.2485,34.8306,开封市,技师学院,,36,30,47,25,31,72,72,84,84,9,12,6,6,0.3,0.3
2026-10-03T2000,3592A,114.4518,34.7503,开封市,祥符区生态环境局,,48,NA,55,33,37,68,68,90,86,9,15,3,4,0.5,0.5
2026-10-03T2000,1951A,84.886,45.6029,克拉玛依市,长征新村,,25,25,18,10,9,78,78,86,86,11,5,3,3,0.3,0.3
2026-10-03T2000,1952A,84.8894,45.5827,克拉玛依市,南林小区,,26,24,14,3,0,81,81,84,84,8,5,10,8,0.3,0.3
2026-10-03T2000,1954A,84.896,44.3328,克拉玛依市,独山子区,,30,29,29,12,6,96,96,100,100,6,7,5,4,0.3,0.4
2026-10-03T2000,1955A,85.6888,46.0909,克拉玛依市,乌尔禾区商贸楼,,27,27,26,8,9,63,63,78,78,11,9,1,1,0.3,0.2
2026-10-03T2000,3612A,85.1045,45.6895,克拉玛依市,白碱滩区新站,颗粒物(PM10),55,56,32,19,4,78,78,83,83,9,6,5,4,0.2,0.1
2026-10-03T2000,2697A,76.1457,39.7143,克孜勒苏柯尔克孜自治州,市人民政府,颗粒物(PM10),67,73,82,30,27,111,111,106,106,3,6,3,5,0.3,0.3
2026-10-03T2000,3665A,76.1654,39.7157,克孜勒苏柯尔克孜自治州,克州文化中心,颗粒物(PM10),67,73,97,28,34,112,112,109,109,3,4,2,3,0.2,0.2
2026-10-03T2000,1450A,102.8203,24.889,昆明市,呈贡新区,,24,24,18,14,9,64,64,68,68,7,6,3,2,0.6,0.6
2026-10-03T2000,1452A,102.7253,25.0904,昆明市,龙泉镇,,20,20,18,10,9,56,56,60,60,12,13,3,4,0.5,0.5
2026-10-03T2000,1453A,102.7267,25.0378,昆明市,东风东路,,18,13,17,12,11,57,57,63,63,11,12,5,6,0.6,0.6
2026-10-03T2000,1454A,102.6744,25.0671,昆明市,金鼎山,,19,16,20,10,10,59,59,63,63,8,9,5,6,0.4,0.4
2026-10-03T2000,1455A,102.6643,25.0401,昆明市,碧鸡广场,,19,17,21,13,11,47,47,56,56,13,11,8,9,0.5,0.5
2026-10-03T2000,3179A,102.7491,25.012,昆明市,官渡区博物馆,,20,20,16,8,8,55,55,62,62,8,8,4,5,0.3,0.3
2026-10-03T2000,3375A,102.8016,24.8336,昆明市,青年创业园,,20,14,15,12,9,62,62,66,65,7,8,4,5,0.5,0.5
2026-10-03T2000,3550A,102.8,24.9787,昆明市,昆明学院,,18,15,17,3,6,57,57,63,63,8,7,5,6,0.8,0.8
2026-10-03T2000,3551A,102.5969,24.6738,昆明市,晋宁区生态环境分局,,19,19,15,11,8,58,58,64,64,7,4,2,2,0.6,0.6
2026-10-03T2000,3552A,102.6673,24.9861,昆明市,云天化总部,,22,NA,14,15,6,57,57,62,62,5,6,5,6,0.2,0.2
2026-10-03T2000,1456A,91.132,29.6515,拉萨市,八廓街,,37,15,15,9,7,118,118,114,114,7,12,8,12,0.1,0.1
2026-10-03T2000,1457A,91.1221,29.6748,拉萨市,市环保局,,34,11,16,3,8,108,108,108,108,12,16,8,12,0.2,0.2
2026-10-03T2000,3664A,119.4171,34.734,连云港市,连云街道,,32,32,23,10,8,56,56,88,72,18,18,11,11,0.3,0.2
2026-10-03T2000,2573A,102.2629,27.8981,凉山彝族自治州,西昌市政府,,23,NA,16,16,15,36,36,48,47,7,10,7,10,0.8,0.9
2026-10-03T2000,2574A,102.2686,27.885,凉山彝族自治州,凉山州政府,,19,16,18,13,14,41,41,49,49,7,11,3,6,0.7,0.9
2026-10-03T2000,4229A,102.2342,27.8859,凉山彝族自治州,凯乐南路30号,,26,21,27,18,16,31,31,45,44,16,17,4,6,0.8,0.9
2026-10-03T2000,2212A,123.1978,41.2036,辽阳市,宏伟区,,40,40,25,24,15,46,46,77,69,23,16,13,10,0.6,0.5
2026-10-03T2000,2213A,123.1684,41.2497,辽阳市,新华园,细颗粒物(PM2.5),110,94,53,70,26,30,30,68,61,49,33,16,12,1.2,0.8
2026-10-03T2000,2214A,123.2355,41.2663,辽阳市,滨河路,细颗粒物(PM2.5),98,101,47,59,23,8,8,68,52,58,26,11,9,1.2,0.9
2026-10-03T2000,4083A,123.153,41.2874,辽阳市,铁西路150号,颗粒物(PM10),68,75,57,42,28,33,33,66,61,37,30,19,10,1.4,1.1
2026-10-03T2000,2227A,125.1359,42.8845,辽源市,环保局,细颗粒物(PM2.5),72,NA,43,46,23,8,8,59,50,48,23,6,6,0.8,0.6
2026-10-03T2000,4085A,125.0998,42.9134,辽源市,安宁大街333号,,48,46,36,33,26,39,39,60,57,32,25,6,5,0.5,0.5
2026-10-03T2000,1625A,115.9789,36.4372,聊城市,区政府,颗粒物(PM10),63,67,93,18,42,86,86,127,121,13,23,7,10,0.4,0.5
2026-10-03T2000,3200A,115.9772,36.4986,聊城市,监控中心,颗粒物(PM10),62,66,94,22,40,95,95,134,129,14,26,6,10,0.4,0.5
2026-10-03T2000,3513A,116.0443,36.436,聊城市,九州社区,颗粒物(PM10),65,70,96,12,45,92,92,134,128,14,27,9,11,0.4,0.5
2026-10-03T2000,4018A,116.0564,36.4609,聊城市,星美广场,颗粒物(PM10),69,76,103,15,44,89,89,133,127,12,23,6,8,0.2,0.3
2026-10-03T2000,4113A,116.0091,36.4495,聊城市,利民路,颗粒物(PM10),60,64,88,20,41,90,90,132,126,16,25,9,12,0.7,0.8
2026-10-03T2000,2632A,94.3683,29.6373,林芝市,林芝监测站,,20,NA,8,10,5,64,64,69,69,6,6,4,5,0.4,0.3
2026-10-03T2000,2633A,94.3616,29.6634,林芝市,林芝人民医院,,19,7,8,3,6,60,60,70,70,10,6,5,5,0.4,0.3
2026-10-03T2000,2603A,100.0779,23.8981,临沧市,市环保局,,36,NA,15,25,12,52,52,67,65,13,9,9,8,0.5,0.4
2026-10-03T2000,2604A,100.0894,23.882,临沧市,市气象局,,26,26,22,18,12,54,54,70,68,9,8,9,8,0.5,0.4
2026-10-03T2000,1733A,111.5552,36.0791,临汾市,临钢医院,颗粒物(PM10),71,79,52,45,33,91,91,130,127,25,21,6,9,0.8,0.8
2026-10-03T2000,1734A,111.4984,36.0734,临汾市,技工学校,细颗粒物(PM2.5),90,84,56,55,37,83,83,125,122,22,18,7,9,0.7,0.7
2026-10-03T2000,1736A,111.5017,36.0857,临汾市,市委,颗粒物(PM10),83,95,68,48,34,86,86,129,125,22,17,8,10,0.8,0.8
2026-10-03T2000,3018A,111.5048,36.1015,临汾市,唐尧大酒店,细颗粒物(PM2.5),72,76,62,46,35,84,84,125,122,20,16,9,12,0.8,0.8
2026-10-03T2000,4244A,111.4879,36.053,临汾市,启星学校,细颗粒物(PM2.5),84,55,55,52,39,76,76,117,113,23,19,8,11,0.7,0.8
2026-10-03T2000,4271A,103.2464,35.6123,临夏回族自治州,滨河东路1号,颗粒物(PM10),134,206,103,66,47,85,85,89,89,15,22,9,9,0.4,0.5
2026-10-03T2000,4310A,103.207136,35.599807,临夏回族自治州,新华街21号,颗粒物(PM10),139,220,101,56,44,91,91,101,101,11,16,10,9,0.3,0.5
2026-10-03T2000,1618A,118.3429,35.0532,临沂市,沂河小区,颗粒物(PM10),51,51,46,16,18,56,56,80,76,19,22,4,6,0.5,0.5
2026-10-03T2000,1619A,118.2962,35.0568,临沂市,鲁南制药厂,颗粒物(PM10),53,53,37,15,15,53,53,89,80,26,19,6,7,0.6,0.6
2026-10-03T2000,1620A,118.2793,34.9976,临沂市,新光毛纺厂,,41,41,38,19,20,58,58,86,78,26,28,3,4,0.4,0.4
2026-10-03T2000,1621A,118.3955,35.0889,临沂市,河东保险公司,颗粒物(PM10),58,61,48,16,24,38,38,82,75,50,26,5,7,0.4,0.5
2026-10-03T2000,3370A,118.3563,35.0215,临沂市,十里堡居委,,46,46,39,22,21,48,48,84,76,31,27,5,7,0.6,0.6
2026-10-03T2000,3496A,118.359,35.1067,临沂市,南坊新区,,48,48,43,14,24,58,58,89,85,27,23,3,5,0.3,0.4
2026-10-03T2000,3860A,118.3915,35.0297,临沂市,皇山花园小区,,31,31,44,7,24,56,56,85,80,26,28,4,7,0.6,0.6
2026-10-03T2000,1870A,109.4854,24.3898,柳州市,柳东小学,颗粒物(PM10),52,52,26,24,13,84,84,100,100,8,9,14,7,0.8,0.8
2026-10-03T2000,1871A,109.4109,24.3304,柳州市,环保监测站,,41,41,23,23,14,88,88,94,94,10,9,6,7,0.7,0.7
2026-10-03T2000,1872A,109.3886,24.3408,柳州市,河西水厂,,40,40,27,28,14,83,83,87,87,10,10,8,8,0.8,0.8
2026-10-03T2000,1873A,109.4263,24.2951,柳州市,市四中,,45,45,23,26,13,84,84,93,93,9,7,8,8,0.7,0.6
2026-10-03T2000,1874A,109.396,24.3658,柳州市,市九中,,43,43,26,24,16,79,79,83,83,8,8,7,9,0.7,0.7
2026-10-03T2000,1875A,109.4912,24.3164,柳州市,古亭山,,43,NA,24,30,15,75,75,91,91,10,7,5,5,0.7,0.7
2026-10-03T2000,3402A,109.5422,24.3994,柳州市,市二中,,36,29,22,25,14,78,78,100,100,12,8,9,9,0.7,0.6
2026-10-03T2000,2307A,116.5078,31.7369,六安市,监测大楼,,16,NA,15,7,14,50,50,48,48,10,12,3,3,0.3,0.4
2026-10-03T2000,2308A,116.4738,31.7642,六安市,皖西学院,,20,6,12,3,10,62,62,58,58,5,7,6,6,0.3,0.3
2026-10-03T2000,2309A,116.4997,31.7904,六安市,朝阳厂,,14,8,11,3,11,44,44,42,42,9,10,1,3,0.2,0.2
2026-10-03T2000,2310A,116.5566,31.7885,六安市,开发区,,17,NA,14,3,8,52,52,54,54,7,8,5,5,0.2,0.2
2026-10-03T2000,2577A,104.8293,26.592,六盘水市,黄土坡,,20,NA,18,13,16,62,62,54,54,5,7,2,3,0.3,0.3
2026-10-03T2000,2579A,104.8481,26.5898,六盘水市,民中,,19,19,18,12,16,60,60,50,50,6,8,3,1,0.4,0.4
2026-10-03T2000,2580A,104.9541,26.5506,六盘水市,双水,,26,NA,20,18,16,63,63,57,57,6,7,5,5,0.4,0.4
2026-10-03T2000,4151A,104.8899,26.5685,六盘水市,钟山大道中段564号,,23,16,26,16,15,54,54,53,53,7,6,4,5,0.5,0.4
2026-10-03T2000,2336A,117.022,25.1031,龙岩市,龙岩市监测站,,22,10,20,10,15,69,69,82,80,3,7,6,7,0.4,0.4
2026-10-03T2000,2337A,117.0257,25.0662,龙岩市,闽西职业技术学院,,20,10,23,10,12,61,61,81,77,4,4,5,9,0.4,0.4
2026-10-03T2000,2338A,117.0195,25.0306,龙岩市,龙岩学院,,19,16,22,11,14,60,60,78,74,4,5,5,7,/,/
2026-10-03T2000,2885A,104.9344,33.3827,陇南市,滨江中学,颗粒物(PM10),73,82,35,28,15,52,52,78,78,25,11,9,9,0.8,0.6
2026-10-03T2000,3247A,104.9551,33.3709,陇南市,市总工会,,45,45,35,19,13,67,67,79,79,6,9,8,8,0.6,0.7
2026-10-03T2000,2488A,111.9984,27.7346,娄底市,市监测站,,8,8,14,3,9,23,23,29,22,9,9,1,1,0.5,0.5
2026-10-03T2000,2491A,111.9888,27.7035,娄底市,市政府,NA,NA,5,12,NA,11,23,23,26,22,10,8,2,2,0.6,0.5
2026-10-03T2000,4127A,111.9812,27.7591,娄底市,涟钢职大,,15,NA,8,10,5,22,22,27,22,7,8,3,3,0.8,0.8
2026-10-03T2000,4128A,112.0303,27.7457,娄底市,娄底体校,,21,21,16,3,8,18,18,26,21,10,6,2,2,0.6,0.5
2026-10-03T2000,1894A,105.4427,28.9063,泸州市,小市上码头,,35,32,22,24,13,25,25,36,28,20,12,7,6,0.8,0.6
2026-10-03T2000,1895A,105.4241,28.8573,泸州市,兰田宪桥,,37,37,26,24,14,28,28,33,28,12,11,8,7,0.6,0.5
2026-10-03T2000,1896A,105.4378,28.8833,泸州市,市环监站,,32,32,21,20,11,32,32,34,28,14,11,6,6,0.8,0.7
2026-10-03T2000,4325A,105.3665,28.77434,泸州市,纳溪区委政协,,39,30,20,27,20,24,24,37,30,22,13,5,5,1.0,0.8
2026-10-03T2000,2183A,111.1447,37.5212,吕梁市,环保局,,34,34,77,16,20,84,84,98,97,7,31,2,4,0.4,0.6
2026-10-03T2000,2185A,111.1285,37.5338,吕梁市,自来水公司,,40,40,62,16,21,86,86,99,98,8,22,1,4,0.3,0.5
2026-10-03T2000,2867A,111.1225,37.5093,吕梁市,马茂庄小学,,46,46,62,6,19,86,86,98,97,6,22,3,5,0.4,0.6
2026-10-03T2000,1812A,112.3934,34.6517,洛阳市,市委党校,,38,29,35,26,27,72,72,95,86,10,10,9,11,0.4,0.4
2026-10-03T2000,1815A,112.494,34.6883,洛阳市,河南林校,,40,34,36,28,25,68,68,95,86,17,14,9,10,0.4,0.3
2026-10-03T2000,1816A,112.3843,34.623,洛阳市,开发区管委会,,24,24,35,15,22,70,70,95,86,8,8,7,7,0.4,0.4
2026-10-03T2000,1817A,112.4263,34.6249,洛阳市,市委新办公区,,26,25,35,18,22,63,63,94,85,10,9,11,12,0.4,0.4
2026-10-03T2000,3340A,112.6005,34.6323,洛阳市,伊滨,,28,19,31,19,19,64,64,105,92,16,14,5,7,0.5,0.4
2026-10-03T2000,3341A,112.495,34.6338,洛阳市,中移产业园,,32,NA,33,22,23,65,65,98,89,9,8,9,10,0.3,0.3
2026-10-03T2000,3593A,112.5736,34.8993,洛阳市,吉利监测站,,35,35,34,22,22,57,57,101,93,16,11,9,9,0.3,0.3
2026-10-03T2000,3635A,112.3678,34.6623,洛阳市,河科大西苑校区,,39,28,35,27,23,85,85,104,97,14,13,7,8,0.7,0.7
2026-10-03T2000,3636A,112.4387,34.678,洛阳市,英才小学,,38,32,38,26,24,73,73,97,88,13,13,7,9,0.5,0.5
2026-10-03T2000,4214A,112.460027,34.694929,洛阳市,春都路1号院,,33,30,30,23,24,62,62,91,84,15,11,8,7,0.6,0.5
2026-10-03T2000,2399A,114.051,33.5721,漯河市,三五一五工厂,,50,NA,46,35,30,66,66,78,78,17,20,6,6,0.7,0.6
2026-10-03T2000,2400A,114.0055,33.5698,漯河市,漯河大学,,32,25,38,22,32,65,65,77,77,16,18,6,7,0.7,0.7
2026-10-03T2000,2401A,114.0134,33.5826,漯河市,市水利局,,39,34,36,27,28,66,66,78,78,14,16,8,9,0.6,0.5
2026-10-03T2000,2402A,114.0261,33.5697,漯河市,市广电局,,38,NA,34,26,32,72,72,81,81,16,19,3,4,0.4,0.4
2026-10-03T2000,3478A,113.9691,33.568,漯河市,市图书馆,,29,24,38,20,24,71,71,82,82,12,15,8,9,0.8,0.7
2026-10-03T2000,4250A,114.089259,33.588274,漯河市,韶山路11号,,45,44,48,31,28,51,51,77,76,35,26,9,10,0.6,0.5
2026-10-03T2000,1798A,118.5084,31.6838,马鞍山市,湖东路四小,,19,19,11,13,9,57,57,72,70,14,12,8,8,0.7,0.7
2026-10-03T2000,1799A,118.5019,31.6449,马鞍山市,开发区,,20,16,15,11,10,61,61,72,71,13,14,7,8,0.6,0.6
2026-10-03T2000,3633A,118.4914,31.681,马鞍山市,雨山,,19,16,15,8,8,58,58,72,70,16,14,5,5,0.6,0.5
2026-10-03T2000,4191A,118.527362,31.722269,马鞍山市,慈湖高新区,,18,16,17,12,8,55,55,69,67,11,10,5,6,0.7,0.6
2026-10-03T2000,1686A,111.0285,21.469,茂名市,电白南海,,19,19,22,10,12,40,40,45,40,9,6,3,4,0.5,0.6
2026-10-03T2000,1687A,110.9294,21.6533,茂名市,茂石化七小,,22,22,21,14,17,28,28,45,42,8,7,2,7,0.7,0.7
2026-10-03T2000,1688A,110.9108,21.6688,茂名市,健康路,,16,NA,12,11,15,37,37,50,47,6,8,3,7,0.6,0.6
2026-10-03T2000,1689A,110.8592,21.6826,茂名市,高岭,,27,27,26,12,19,26,26,46,42,10,11,4,11,/,/
2026-10-03T2000,3450A,111.0101,21.5165,茂名市,电白水东,,15,NA,16,8,15,46,46,43,43,4,8,4,7,/,/
2026-10-03T2000,2540A,103.8414,30.0871,眉山市,气象局,,36,36,48,21,37,71,71,97,97,16,17,9,11,1.0,1
2026-10-03T2000,3148A,103.829,30.0563,眉山市,区人社局,颗粒物(PM10),53,54,60,28,35,65,65,93,93,21,19,8,10,0.7,0.8
2026-10-03T2000,4148A,103.8836,30.0695,眉山市,眉职院,,36,36,59,19,37,71,71,91,91,14,15,8,9,1.0,1.1
2026-10-03T2000,1690A,116.1248,24.3307,梅州市,梅江月梅,,15,15,20,9,10,42,42,70,62,7,7,/,/,/,/
2026-10-03T2000,1691A,116.0798,24.2719,梅州市,梅县新城,,21,21,20,13,11,47,47,70,64,11,9,10,10,0.6,0.6
2026-10-03T2000,3315A,116.1234,24.2994,梅州市,梅龙,,22,19,16,15,11,56,56,69,63,8,7,8,7,0.6,0.5
2026-10-03T2000,1878A,104.7775,31.4741,绵阳市,富乐山,,31,31,34,13,17,46,46,67,67,14,13,11,11,0.9,0.8
2026-10-03T2000,1880A,104.6698,31.4668,绵阳市,高新区自来水公司,,38,38,27,17,20,46,46,77,77,25,9,9,9,0.8,0.8
2026-10-03T2000,3491A,104.6899,31.5324,绵阳市,西科大附属小学,,32,32,29,16,18,37,37,84,80,34,11,9,9,0.8,0.7
2026-10-03T2000,3492A,104.5647,31.5343,绵阳市,安州区旅游局,,33,33,18,19,17,40,40,67,62,27,10,5,5,0.6,0.4
2026-10-03T2000,4146A,104.7092,31.4972,绵阳市,科技城新区公安局,,33,33,28,21,17,39,39,81,79,46,20,11,10,0.9,0.7
2026-10-03T2000,4226A,104.765114,31.453094,绵阳市,绵阳市气象局,,34,34,29,18,19,61,61,75,75,19,13,6,6,0.8,0.7
2026-10-03T2000,1784A,129.61,44.561,牡丹江市,环保大楼,NA,NA,NA,30,NA,5,NA,NA,49,NA,NA,14,NA,5,NA,0.2
2026-10-03T2000,1787A,129.6364,44.6075,牡丹江市,机车工厂,NA,NA,NA,NA,NA,NA,NA,NA,NA,NA,NA,NA,NA,NA,NA,NA
2026-10-03T2000,1788A,129.6386,44.5462,牡丹江市,第一中学,,38,38,19,3,7,26,26,62,50,17,11,3,3,0.4,0.3
2026-10-03T2000,4287A,129.5992,44.5964,牡丹江市,东晓云街98号,颗粒物(PM10),55,57,30,22,10,27,27,56,46,16,11,6,6,0.6,0.5
2026-10-03T2000,2531A,105.0703,29.61,内江市,市监测站,细颗粒物(PM2.5),64,44,22,42,18,60,60,62,62,15,10,7,6,0.8,0.7
2026-10-03T2000,2533A,105.0657,29.5807,内江市,内江二中,细颗粒物(PM2.5),56,45,23,38,17,53,53,60,60,14,9,6,5,0.5,0.4
2026-10-03T2000,2534A,105.0407,29.5828,内江市,内江日报社,细颗粒物(PM2.5),58,46,19,39,20,52,52,61,61,17,11,3,2,0.4,0.2
2026-10-03T2000,4147A,105.0433,29.6105,内江市,玉峰路西段888号,细颗粒物(PM2.5),66,44,17,43,19,61,61,64,64,13,8,6,6,0.6,0.4
2026-10-03T2000,2628A,92.0653,31.4846,那曲市,那曲监测站,,34,21,26,12,13,107,107,124,124,19,12,9,8,0.6,0.5
2026-10-03T2000,4243A,92.0515,31.4787,那曲市,那曲市委宣传部,,36,15,14,10,10,113,113,124,124,10,8,6,6,0.2,0.2
2026-10-03T2000,1291A,115.8887,28.7006,南昌市,省林业公司,颗粒物(PM10),58,61,4,3,6,37,37,42,36,10,6,5,5,0.5,0.5
2026-10-03T2000,1292A,115.813,28.7443,南昌市,林科所,,10,NA,0,3,3,26,26,34,26,19,10,7,7,0.9,0.9
2026-10-03T2000,1294A,115.8518,28.687,南昌市,建工学校,,10,6,10,3,4,25,25,38,32,20,13,9,9,0.9,0.9
2026-10-03T2000,1295A,115.8926,28.6425,南昌市,象湖,,10,NA,1,3,7,29,29,33,30,14,12,8,8,0.8,0.8
2026-10-03T2000,3046A,115.9084,28.6062,南昌市,机电学校,,10,8,11,3,9,32,32,34,33,12,10,8,8,0.4,0.5
2026-10-03T2000,3690A,115.9718,28.7032,南昌市,外国语学校,,9,6,9,3,8,28,28,31,28,17,17,7,7,0.4,0.4
2026-10-03T2000,4106A,115.7923,28.6873,南昌市,工业二路,,11,11,8,6,7,23,23,33,23,12,9,6,6,0.7,0.7
2026-10-03T2000,4192A,115.931587,28.686774,南昌市,南京东路235号,,11,6,6,3,7,32,32,36,33,12,10,4,4,1.1,1
2026-10-03T2000,1906A,106.0791,30.8022,南充市,南充市委,,23,23,13,12,7,15,15,36,35,22,9,6,6,0.5,0.4
2026-10-03T2000,1907A,106.1038,30.8215,南充市,南充炼油厂,,20,20,14,12,7,27,27,39,39,17,8,6,6,0.5,0.3
2026-10-03T2000,4227A,106.108336,30.788436,南充市,梨树横街98号,,22,21,17,15,8,26,26,39,39,21,9,8,7,0.6,0.4
2026-10-03T2000,4304A,106.1172,30.843,南充市,清泉寺北路188号,,23,23,17,9,7,16,16,38,36,28,7,8,7,0.5,0.4
2026-10-03T2000,4305A,106.067,30.7616,南充市,同庆路1号,,14,14,11,7,7,25,25,39,38,21,10,7,7,0.5,0.4
2026-10-03T2000,1151A,118.8033,32.1085,南京市,迈皋桥,,26,NA,11,18,4,59,59,78,72,15,9,6,6,0.4,0.3
2026-10-03T2000,1152A,118.7487,32.057,南京市,草场门,NA,NA,17,12,14,4,58,58,78,70,NA,19,5,5,0.8,0.6
2026-10-03T2000,1154A,118.770105,32.004342,南京市,中华门,,26,NA,8,18,3,44,44,66,58,15,11,6,6,0.1,0.1
2026-10-03T2000,1155A,118.8059,32.0329,南京市,瑞金路,,25,19,13,17,4,54,54,69,62,15,12,4,4,0.5,0.3
2026-10-03T2000,1156A,118.7946,32.0774,南京市,玄武湖,,24,24,14,13,2,52,52,68,58,11,8,3,4,0.4,0.4
2026-10-03T2000,1157A,118.6415,32.0964,南京市,浦口,,20,20,15,13,3,47,47,68,61,23,21,5,5,0.5,0.4
2026-10-03T2000,1158A,118.730129,32.000956,南京市,奥体中心,,22,18,14,15,3,58,58,76,69,24,18,6,6,0.8,0.6
2026-10-03T2000,1159A,118.9072,32.1047,南京市,仙林大学城,,23,17,14,16,5,54,54,70,63,16,13,4,4,0.5,0.4
2026-10-03T2000,3422A,118.8443,31.919,南京市,江宁彩虹桥,,26,24,15,18,4,54,54,78,67,13,7,3,4,0.6,0.5
2026-10-03T2000,3427A,118.8497,32.3599,南京市,六合雄州,,20,11,19,3,4,63,63,69,68,10,14,5,4,0.3,0.4
2026-10-03T2000,4086A,118.7641,32.0841,南京市,新模范马路66号,,20,14,11,14,3,56,56,74,66,20,14,4,4,0.4,0.4
2026-10-03T2000,4249A,118.8707617,31.34017673,南京市,汶溪路181号,,18,16,13,11,4,57,57,70,65,15,14,6,6,0.6,0.6
2026-10-03T2000,4312A,119.019,31.6512,南京市,中山西路1号,,38,NA,14,26,5,52,52,74,69,14,9,4,4,0.7,0.7
2026-10-03T2000,1401A,108.3098,22.788,南宁市,二十一中,,30,NA,22,21,16,43,43,68,64,7,7,4,5,0.7,0.7
2026-10-03T2000,1402A,108.3135,22.8529,南宁市,北湖,,25,25,30,17,20,44,44,72,67,5,6,4,4,0.8,0.8
2026-10-03T2000,1403A,108.3205,22.8222,南宁市,市监测站,,18,18,24,12,15,46,46,73,68,4,5,5,5,0.7,0.7
2026-10-03T2000,1404A,108.3828,22.8038,南宁市,大自然花园,,25,19,23,17,16,53,53,71,68,8,8,4,4,0.7,0.6
2026-10-03T2000,1406A,108.2397,22.8462,南宁市,区农职院,NA,NA,27,23,17,18,46,46,80,75,8,7,2,7,NA,0.6
2026-10-03T2000,1407A,108.3285,22.7356,南宁市,英华嘉园,,26,26,25,15,17,40,40,64,59,9,8,5,6,0.5,0.5
2026-10-03T2000,3401A,108.4829,22.762,南宁市,红星社区,,28,28,26,19,19,60,60,75,72,8,8,6,7,0.8,0.7
2026-10-03T2000,4132A,108.2927,23.1477,南宁市,起凤路9号,,37,37,32,23,22,61,61,84,81,9,8,5,7,0.7,0.7
2026-10-03T2000,4221A,108.2177,22.7774,南宁市,乐贤路16号,,26,26,28,14,17,38,38,72,67,10,11,6,7,0.7,0.8
2026-10-03T2000,2332A,118.1682,26.6371,南平市,南平市监测站,,22,22,14,13,8,26,26,74,60,11,6,4,4,0.6,0.5
2026-10-03T2000,2334A,118.1757,26.6276,南平市,南平七中,,22,22,18,14,8,17,17,72,55,11,5,4,4,0.7,0.6
2026-10-03T2000,1168A,120.9056,31.9669,南通市,狼山街道,,24,NA,10,10,4,74,74,68,68,9,11,4,5,0.5,0.3
2026-10-03T2000,1170A,120.8635,32.0231,南通市,城中,,22,17,17,8,5,70,70,72,72,12,12,3,4,0.3,0.2
2026-10-03T2000,1171A,120.9376,31.9301,南通市,星湖花园,,21,14,12,13,5,66,66,66,66,10,8,4,4,0.6,0.3
2026-10-03T2000,1172A,120.8053,32.046,南通市,紫琅学院,,24,NA,5,3,5,75,75,69,69,9,13,3,3,0.3,0.4
2026-10-03T2000,3291A,121.0631,32.0644,南通市,通州监测站,,23,19,13,10,3,71,71,73,73,8,6,2,2,0.5,0.4
2026-10-03T2000,3432A,120.9348,31.9874,南通市,环境教育馆,,22,7,13,3,4,68,68,67,67,8,10,5,5,0.4,0.3
2026-10-03T2000,4091A,120.8692,31.9885,南通市,洪江路,,22,8,9,8,3,68,68,67,67,9,8,4,4,0.4,0.2
2026-10-03T2000,2404A,112.5338,33.0086,南阳市,瓦房庄,,26,24,25,18,9,51,51,79,73,22,13,7,7,1.0,0.8
2026-10-03T2000,2405A,112.5002,32.9734,南阳市,汉画馆,,27,27,25,12,7,44,44,75,65,18,10,10,7,0.9,0.7
2026-10-03T2000,2406A,112.5778,33.0144,南阳市,气象站,,24,24,17,16,9,58,58,75,73,18,8,7,7,0.7,0.6
2026-10-03T2000,2407A,112.548,32.9687,南阳市,理工学院,,22,22,22,10,9,54,54,80,74,19,11,8,8,0.9,0.8
2026-10-03T2000,4008A,112.5233,32.9921,南阳市,卧龙区政府,,22,21,22,15,10,48,48,79,71,17,10,6,6,1.0,0.8
2026-10-03T2000,1234A,121.8352,29.9111,宁波市,区环保大楼,,29,29,28,8,7,90,90,96,96,12,18,6,6,0.5,0.5
2026-10-03T2000,1235A,121.5595,29.8208,宁波市,万里学院,,29,26,25,14,7,92,92,103,103,14,14,7,7,0.5,0.5
2026-10-03T2000,1236A,121.713,29.9564,宁波市,龙赛医院,,33,33,33,7,7,79,79,92,91,27,21,9,9,0.6,0.5
2026-10-03T2000,1240A,121.5855,29.8635,宁波市,太古小学,,40,40,28,15,8,71,71,88,88,14,12,4,5,0.8,0.7
2026-10-03T2000,1241A,121.5239,29.8673,宁波市,市环境监测中心,,27,27,24,17,7,81,81,94,94,13,11,8,9,0.6,0.5
2026-10-03T2000,2871A,121.6156,29.9015,宁波市,万里国际学校,,27,26,23,9,8,86,86,93,93,14,18,8,8,0.6,0.6
2026-10-03T2000,3710A,121.5593,29.8976,宁波市,白沙活动中心,,27,20,17,9,7,85,85,89,89,16,16,10,11,0.4,0.4
2026-10-03T2000,4095A,121.8962,29.7529,宁波市,中科路88号,,30,30,24,9,4,90,90,109,107,10,9,9,9,0.5,0.5
2026-10-03T2000,2341A,119.5387,26.6611,宁德市,宁德市监测站,,28,28,24,9,11,87,87,94,94,6,8,4,7,0.7,0.8
2026-10-03T2000,3209A,119.5231,26.6562,宁德市,宁德一中,,25,25,23,15,12,70,70,85,83,7,8,5,7,0.5,0.6
2026-10-03T2000,2618A,98.859,25.8541,怒江傈僳族自治州,州监测站,,26,26,20,13,10,41,41,72,69,13,5,5,4,0.6,0.5
2026-10-03T2000,2619A,98.8607,25.8168,怒江傈僳族自治州,泸水一中,,25,25,16,17,12,29,29,62,60,20,10,5,5,0.6,0.4
2026-10-03T2000,1888A,101.6891,26.571,攀枝花市,弄弄坪,,22,22,32,3,9,51,51,73,69,7,16,5,13,0.4,1.1
2026-10-03T2000,1889A,101.577,26.5914,攀枝花市,河门口,,18,11,21,3,10,56,56,73,70,5,10,8,13,0.7,0.8
2026-10-03T2000,1891A,101.7365,26.4986,攀枝花市,仁和,,19,19,14,12,10,40,40,58,55,8,8,6,7,0.7,0.7
2026-10-03T2000,2835A,101.7222,26.567,攀枝花市,四十中小,,22,22,22,3,9,55,55,78,74,5,11,6,13,0.5,0.8
2026-10-03T2000,1604A,122.0303,41.1489,盘锦市,开发区,,46,40,42,32,23,35,35,70,61,21,26,4,12,0.7,0.7
2026-10-03T2000,1605A,122.0486,41.0883,盘锦市,兴隆台,细颗粒物(PM2.5),52,43,41,36,27,40,40,70,62,31,35,6,11,0.8,0.9
2026-10-03T2000,1606A,121.8297,41.1026,盘锦市,新生街道,,49,39,39,34,26,38,38,65,54,23,31,6,8,0.9,0.8
2026-10-03T2000,1832A,113.3257,33.7423,平顶山市,新华旅馆,,32,28,40,22,24,52,52,77,68,16,14,8,9,0.5,0.4
2026-10-03T2000,1833A,113.2917,33.737,平顶山市,规划设计院,细颗粒物(PM2.5),56,NA,34,38,26,52,52,70,68,18,17,7,7,0.9,0.8
2026-10-03T2000,1834A,113.182,33.7738,平顶山市,平顶山工学院,,32,31,38,22,25,67,67,79,78,11,15,9,9,0.7,0.7
2026-10-03T2000,3594A,112.8736,33.9068,平顶山市,石龙区,,23,NA,22,16,19,60,60,78,71,9,10,6,6,0.5,0.5
2026-10-03T2000,4116A,113.284,33.7139,平顶山市,姚电大道23号,,49,39,43,34,26,45,45,70,66,18,16,8,9,0.8,0.7
2026-10-03T2000,2656A,106.6633,35.5338,平凉市,聚贤嘉苑,颗粒物(PM10),73,81,75,18,25,74,74,97,95,16,17,9,9,0.4,0.6
2026-10-03T2000,2657A,106.7021,35.5307,平凉市,博物馆,颗粒物(PM10),61,65,72,16,29,80,80,100,99,15,16,11,11,0.4,0.5
2026-10-03T2000,2348A,113.8384,27.6436,萍乡市,中医院,,11,9,33,3,21,4,4,13,11,21,20,8,13,1.0,1.1
2026-10-03T2000,2350A,113.8677,27.6438,萍乡市,市环保局,,26,NA,29,18,23,8,8,17,15,21,20,3,5,0.7,0.9
2026-10-03T2000,2351A,113.8663,27.6202,萍乡市,安源区政府,,14,14,23,7,19,11,11,15,14,11,13,6,9,0.6,0.7
2026-10-03T2000,4107A,113.8686,27.6668,萍乡市,联洪村委会,,16,15,34,11,21,6,6,15,13,22,20,11,14,1.0,1
2026-10-03T2000,2319A,119.0142,25.4324,莆田市,荔城区仓后路,,38,38,26,17,8,76,76,85,81,10,6,/,/,/,/
2026-10-03T2000,2320A,119.0016,25.4553,莆田市,莆田市监测站,,36,36,23,17,6,69,69,82,82,8,5,6,5,0.8,0.7
2026-10-03T2000,2321A,119.112,25.4561,莆田市,涵江区六中,,37,37,27,16,7,80,80,87,86,8,4,/,/,0.5,0.5
2026-10-03T2000,2322A,119.1014,25.3215,莆田市,秀屿区政府,,33,33,31,10,7,81,81,79,79,5,6,4,4,0.7,0.5
2026-10-03T2000,2392A,115.0312,35.7636,濮阳市,环保局,,30,30,59,19,33,79,79,99,95,11,18,6,6,0.4,0.4
2026-10-03T2000,3021A,115,35.7667,濮阳市,濮水河管理处,,32,32,61,20,36,79,79,100,96,10,16,6,6,0.5,0.6
2026-10-03T2000,4118A,115.0552,35.7816,濮阳市,中原东路68号,,40,40,65,17,30,93,93,108,105,11,17,5,6,0.6,0.6
2026-10-03T2000,4216A,115.0923632,35.76857718,濮阳市,任丘路479号,,42,42,67,12,40,83,83,107,102,11,19,2,6,0.8,0.7
2026-10-03T2000,2601A,100.9801,22.7634,普洱市,市环保局,,34,34,31,14,12,34,34,60,56,11,6,7,8,0.7,0.6
2026-10-03T2000,2602A,100.9763,22.8237,普洱市,普洱第二中学,,45,45,29,22,12,47,47,69,66,11,8,11,10,0.8,0.7
2026-10-03T2000,3345A,131.0413,45.7795,七台河市,中波台,NA,NA,NA,NA,NA,NA,NA,NA,NA,NA,NA,NA,NA,NA,NA,NA
2026-10-03T2000,3637A,131.0136,45.7688,七台河市,人民广场,NA,NA,NA,NA,NA,NA,NA,NA,NA,NA,NA,NA,NA,NA,NA,NA
2026-10-03T2000,3684A,130.8639,45.8144,七台河市,新建矿广场,NA,NA,NA,51,NA,7,NA,NA,29,NA,NA,18,NA,7,NA,0.1
2026-10-03T2000,1779A,123.9307,47.3641,齐齐哈尔市,安居小区,NA,NA,NA,23,NA,3,NA,NA,60,NA,NA,10,NA,4,NA,0.2
2026-10-03T2000,1780A,123.9497,47.3389,齐齐哈尔市,中心广场,颗粒物(PM10),67,73,21,38,7,14,14,53,46,58,17,3,2,0.6,0.1
2026-10-03T2000,1781A,123.9483,47.3229,齐齐哈尔市,农牧车辆厂,NA,NA,NA,24,NA,5,NA,NA,60,51,NA,10,NA,5,NA,0.3
2026-10-03T2000,1783A,123.9442,47.2994,齐齐哈尔市,市环境监测站,NA,NA,NA,34,NA,10,NA,NA,40,NA,NA,28,NA,8,NA,0.2
2026-10-03T2000,3662A,123.6341,47.2079,齐齐哈尔市,富区青少年活动中心,颗粒物(PM10),78,88,51,32,11,16,16,46,36,39,18,5,6,0.9,0.7
2026-10-03T2000,2591A,107.9765,26.5724,黔东南苗族侗族自治州,市环境监测站,,10,10,10,6,6,20,20,28,26,8,5,3,3,0.5,0.5
2026-10-03T2000,2881A,107.8909,26.531,黔东南苗族侗族自治州,凯里学院,,13,NA,1,9,6,24,24,36,35,10,4,4,4,0.5,0.4
2026-10-03T2000,2593A,107.5223,26.2371,黔南布依族苗族自治州,小围寨,,18,12,4,12,5,14,14,21,21,15,9,4,5,0.3,0.3
2026-10-03T2000,3538A,107.5175,26.2977,黔南布依族苗族自治州,沙坝,,13,NA,6,9,5,13,13,14,14,5,6,2,2,0.5,0.5
2026-10-03T2000,2589A,104.9022,25.0943,黔西南布依族苗族自治州,场坝街,,45,32,26,31,20,44,44,58,53,15,6,9,7,0.5,0.4
2026-10-03T2000,2590A,104.8812,25.0994,黔西南布依族苗族自治州,坪东大道,,50,37,26,35,21,40,40,55,39,12,8,7,6,0.5,0.4
2026-10-03T2000,2502A,108.6238,21.9667,钦州市,市环保站,,28,24,21,19,13,33,33,75,66,12,10,10,9,0.7,0.6
2026-10-03T2000,2503A,108.655,21.9481,钦州市,沙埠小学,NA,NA,28,29,12,14,25,25,72,62,14,10,10,10,NA,0.5
2026-10-03T2000,2504A,108.5989,21.7435,钦州市,港区一小,,20,20,26,10,10,33,33,66,52,7,6,5,5,0.8,0.7
2026-10-03T2000,3404A,108.5959,21.9634,钦州市,北职校,,21,21,28,3,12,34,34,72,62,10,9,8,8,0.6,0.6
2026-10-03T2000,1046A,119.5247,39.9346,秦皇岛市,建设大厦,颗粒物(PM10),67,73,50,30,14,153,153,168,168,17,27,7,6,0.5,0.4
2026-10-03T2000,3132A,119.5979,39.938,秦皇岛市,文明里,颗粒物(PM10),54,55,42,24,13,146,146,156,156,10,16,6,5,0.3,0.3
2026-10-03T2000,4066A,119.7458,39.9952,秦皇岛市,南园路157号,臭氧1小时(O3_1h),53,49,40,23,13,162,162,170,170,10,25,8,7,0.4,0.4
2026-10-03T2000,4067A,119.5131,39.8858,秦皇岛市,翠岛大街1号,,49,49,30,23,12,154,154,167,167,13,16,10,10,0.4,0.3
2026-10-03T2000,4198A,119.509013,39.825305,秦皇岛市,北戴河轮滑馆,,48,39,30,10,11,153,153,169,169,11,16,10,8,0.5,0.5
2026-10-03T2000,1310A,120.404,36.0625,青岛市,市南区东部子站,,32,14,13,3,1,100,100,99,99,6,8,7,7,0.5,0.5
2026-10-03T2000,1311A,120.362344,36.10282,青岛市,四方区子站,,32,6,13,3,3,100,100,101,101,11,13,3,3,0.3,0.3
2026-10-03T2000,1312A,120.294373,36.054183,青岛市,市南区西部子站,,32,12,9,3,2,100,100,100,100,6,9,6,6,0.4,0.3
2026-10-03T2000,1313A,120.4581,36.0858,青岛市,崂山区子站,,31,17,12,3,2,99,99,98,98,5,5,9,10,0.5,0.4
2026-10-03T2000,1315A,120.3945,36.3083,青岛市,城阳区子站,,34,34,19,18,7,73,73,99,94,19,14,4,4,0.4,0.3
2026-10-03T2000,3642A,120.3454,36.0735,青岛市,市北区南部,,30,15,13,3,2,94,94,95,95,4,4,7,7,0.4,0.4
2026-10-03T2000,3643A,120.3897,36.18,青岛市,李沧区北部,,29,22,18,6,3,91,91,100,99,15,13,4,4,0.5,0.5
2026-10-03T2000,4110A,120.5222,36.4089,青岛市,盟旺路653号,,25,19,15,3,4,77,77,89,86,15,13,6,6,0.4,0.4
2026-10-03T2000,4290A,120.196923,35.954556,青岛市,珠江路669号,,32,12,12,3,3,101,101,95,95,4,7,4,4,0.5,0.5
2026-10-03T2000,4291A,120.0424,35.8656,青岛市,黄岛区人民政府广场,,28,12,14,3,4,87,87,94,93,12,15,4,4,0.3,0.3
2026-10-03T2000,1703A,113.0218,23.7086,清远市,凤城街办,,40,28,16,19,10,125,125,127,127,10,6,/,/,/,/
2026-10-03T2000,3025A,113.0479,23.6343,清远市,技师学院,,37,27,17,18,10,118,118,126,126,16,12,6,7,0.7,0.6
2026-10-03T2000,3318A,112.9898,23.7403,清远市,清新太和,,31,31,20,16,11,91,91,122,122,7,4,9,9,0.8,0.7
2026-10-03T2000,3455A,113.076,23.72,清远市,清城东城,,32,32,17,18,9,87,87,119,119,19,11,/,/,/,/
2026-10-03T2000,2661A,107.6325,35.7357,庆阳市,庆阳五中,颗粒物(PM10),109,142,67,52,28,77,77,90,90,16,8,3,3,0.3,0.3
2026-10-03T2000,2662A,107.6361,35.7067,庆阳市,市环保局,颗粒物(PM10),107,137,69,46,30,83,83,92,92,14,9,3,3,0.5,0.6
2026-10-03T2000,1916A,103.7897,25.5036,曲靖市,环境监测站,,36,31,16,25,9,56,56,73,72,17,7,5,4,0.8,0.6
2026-10-03T2000,1917A,103.8013,25.5357,曲靖市,烟厂办公区,,28,28,18,17,8,58,58,69,69,12,6,3,2,0.6,0.5
2026-10-03T2000,3376A,103.7926,25.4651,曲靖市,南苑二区,,30,30,16,19,8,52,52,71,70,17,6,4,4,0.6,0.5
2026-10-03T2000,3377A,103.7442,25.5259,曲靖市,曲靖师范学院,,34,34,17,13,12,64,64,72,72,8,7,4,5,0.5,0.5
2026-10-03T2000,1264A,118.8694,28.94,衢州市,环保大楼,,25,25,19,15,9,54,54,67,64,24,11,/,/,/,/
2026-10-03T2000,1266A,118.8622,28.9809,衢州市,衢州学院,,22,22,15,12,8,46,46,67,64,18,11,7,6,0.4,0.3
2026-10-03T2000,4097A,118.9646,28.9832,衢州市,衢州三中,,22,22,17,13,8,44,44,64,60,15,10,4,4,0.6,0.5
2026-10-03T2000,1611A,118.5818,24.9116,泉州市,涂山街,,34,34,27,17,12,82,82,93,92,14,9,5,4,0.5,0.4
2026-10-03T2000,1612A,118.597,24.8976,泉州市,津头埔,,40,40,30,16,13,74,74,88,86,16,11,4,4,0.5,0.4
2026-10-03T2000,1613A,118.6669,24.9422,泉州市,万安,NA,NA,40,31,18,11,78,78,91,90,NA,7,5,5,0.8,0.7
2026-10-03T2000,4105A,118.6355,24.9148,泉州市,霞新路6号,,32,32,28,16,12,83,83,97,96,12,9,/,/,0.5,0.4
2026-10-03T2000,2626A,88.8873,29.2723,日喀则市,日喀则监测站,,41,NA,22,6,9,130,130,125,125,6,17,4,4,0.2,0.3
2026-10-03T2000,3726A,88.8775,29.2425,日喀则市,林业技术推广中心,,41,8,20,6,4,131,131,121,121,1,6,1,2,0.2,0.3
2026-10-03T2000,1659A,119.4711,35.421,日照市,监测站,,29,29,23,14,12,38,38,75,73,32,45,9,9,0.6,0.4
2026-10-03T2000,1660A,119.523,35.4216,日照市,市政府广场,,27,27,23,6,9,64,64,85,84,24,27,6,6,0.9,0.8
2026-10-03T2000,1661A,119.5511,35.4113,日照市,港务局,,24,24,18,6,4,72,72,86,85,19,16,6,5,0.6,0.6
2026-10-03T2000,3507A,119.5326,35.4627,日照市,职业技术学院,,41,41,20,11,7,39,39,89,83,36,17,9,9,0.5,0.3
2026-10-03T2000,3604A,119.3267,35.1043,日照市,岚山环保分局,,29,29,31,3,6,75,75,95,91,12,16,9,11,0.5,0.5
2026-10-03T2000,1835A,111.1922,34.7752,三门峡市,市政府,,49,40,27,34,20,58,58,100,84,24,10,8,8,0.7,0.5
2026-10-03T2000,1836A,111.1588,34.794,三门峡市,开发区,,43,36,37,30,22,57,57,101,86,20,12,5,6,0.4,0.4
2026-10-03T2000,3039A,111.1911,34.7829,三门峡市,三门峡市第一小学,,45,45,31,27,21,59,59,101,84,22,10,4,5,0.6,0.5
2026-10-03T2000,3598A,111.1031,34.719,三门峡市,富达温泉假日酒店,颗粒物(PM10),58,60,33,26,25,37,37,92,74,41,15,11,10,0.6,0.5
2026-10-03T2000,2324A,117.621,26.2626,三明市,三钢,,23,20,13,16,11,52,52,72,67,10,8,5,6,0.3,0.4
2026-10-03T2000,2325A,117.6352,26.2714,三明市,三明二中,,25,25,14,8,7,55,55,72,66,7,7,5,6,0.6,0.5
2026-10-03T2000,2326A,117.6028,26.2377,三明市,三元区政府,,25,25,13,14,9,53,53,72,64,9,7,8,9,0.8,0.7
2026-10-03T2000,1877A,109.4962,18.2682,三亚市,河西子站,,12,12,16,8,11,22,22,33,30,6,6,3,4,0.6,0.7
2026-10-03T2000,3540A,109.7348,18.3443,三亚市,君悦子站,,12,NA,19,8,11,34,34,37,34,10,7,3,4,0.6,0.7
2026-10-03T2000,4135A,109.1714,18.3739,三亚市,城东小学站,,15,15,25,7,13,23,23,31,29,5,6,/,/,/,/
2026-10-03T2000,2624A,91.7592,29.234,山南市,山南监测站,,35,7,12,3,3,111,111,97,97,3,7,6,6,0.2,0.3
2026-10-03T2000,2625A,91.7701,29.2436,山南市,山南人民医院,,34,16,16,9,4,106,106,96,96,6,5,5,6,0.2,0.2
2026-10-03T2000,1674A,116.6795,23.3666,汕头市,金平子站,,37,37,22,13,12,103,103,105,105,8,10,4,4,0.6,0.5
2026-10-03T2000,1675A,116.7248,23.3632,汕头市,龙湖子站,,45,45,27,14,12,106,106,109,109,4,5,5,6,/,/
2026-10-03T2000,3685A,117.897,28.4316,上饶市,双创科技城,,26,22,21,18,12,56,56,62,62,13,10,4,7,0.6,0.5
2026-10-03T2000,4211A,118.190438,28.444845,上饶市,裕丰大道,,25,25,27,9,13,45,45,68,65,8,7,12,12,0.6,0.7
2026-10-03T2000,1669A,113.5821,24.7733,韶关市,市八中,,37,37,25,22,17,91,91,99,99,14,8,23,11,0.6,0.6
2026-10-03T2000,1671A,113.5916,24.7973,韶关市,园林处,,32,30,22,22,17,79,79,91,91,22,11,11,11,/,/
2026-10-03T2000,1673A,113.5971,24.6864,韶关市,曲江监测站,,32,32,23,17,19,76,76,92,92,16,14,12,17,0.8,0.8
2026-10-03T2000,2809A,113.6668,24.7756,韶关市,大学路288号,,25,25,31,16,19,75,75,108,106,6,10,14,17,/,/
2026-10-03T2000,3622A,113.5556,24.8082,韶关市,碧湖山庄,,36,34,25,25,16,88,88,86,86,12,10,7,6,0.9,0.9
2026-10-03T2000,2464A,111.5277,27.2442,邵阳市,市化工厂,,10,7,18,6,18,29,29,39,30,6,7,4,6,0.5,0.4
2026-10-03T2000,2466A,111.4327,27.2276,邵阳市,市环保局,,9,6,25,3,18,28,28,37,29,9,10,6,6,0.7,0.7
2026-10-03T2000,4218A,111.446,27.2472,邵阳市,北塔二期4-26地块,,7,6,20,3,13,21,21,32,24,10,9,5,6,0.7,0.7
2026-10-03T2000,4219A,111.4739,27.2282,邵阳市,邵水西路287号,,9,7,23,6,17,26,26,37,27,8,7,10,11,0.4,0.4
2026-10-03T2000,1247A,120.6053,29.9927,绍兴市,城东开发委,,30,30,25,19,9,59,59,63,63,19,18,6,7,0.5,0.5
2026-10-03T2000,2921A,120.5482,30.0003,绍兴市,树下王站,,25,25,18,16,8,59,59,64,64,20,18,4,4,0.6,0.6
2026-10-03T2000,3408A,120.5685,29.936,绍兴市,绍兴中专,,30,30,21,17,8,61,61,66,66,15,12,6,6,0.5,0.8
2026-10-03T2000,3409A,120.4905,30.086,绍兴市,柯桥区政府,,20,17,19,11,9,63,63,67,67,17,18,6,6,0.5,0.4
2026-10-03T2000,3410A,120.8751,30.0249,绍兴市,重华小学,,28,28,23,13,10,64,64,65,65,11,10,8,8,0.7,0.6
2026-10-03T2000,3411A,120.837,30.0137,绍兴市,上虞中学,,26,26,25,12,10,70,70,63,63,14,17,5,5,0.7,0.7
2026-10-03T2000,3560A,120.4715,30.0414,绍兴市,柯桥妇保,,23,22,24,14,11,72,72,72,72,12,11,6,7,0.6,0.6
2026-10-03T2000,3658A,120.6156,30.0762,绍兴市,袍江中学,,21,19,23,9,10,65,65,71,71,20,16,6,8,0.5,0.5
2026-10-03T2000,1356A,114.0948,22.5506,深圳市,通心岭子站,,21,16,9,9,4,65,65,77,76,10,8,3,3,0.9,0.8
2026-10-03T2000,1357A,114.1153,22.5713,深圳市,洪湖,,20,18,11,3,5,62,62,82,81,25,15,2,1,0.7,0.6
2026-10-03T2000,1358A,113.9823,22.5398,深圳市,华侨城,,20,11,10,6,5,56,56,82,80,39,15,/,/,/,/
2026-10-03T2000,1359A,113.9181,22.517,深圳市,南海子站,,29,NA,11,20,9,57,57,77,69,36,18,2,1,0.7,0.6
2026-10-03T2000,1360A,114.2345,22.565,深圳市,盐田,,18,12,13,6,4,55,55,70,68,11,16,8,7,0.7,0.7
2026-10-03T2000,1363A,114.4911,22.5381,深圳市,南澳,,14,11,9,3,1,43,43,76,70,10,4,/,/,/,/
2026-10-03T2000,1364A,114.41,22.6346,深圳市,葵涌,,13,13,9,3,2,37,37,86,81,9,3,7,7,0.9,0.8
2026-10-03T2000,1365A,114.2967,22.5978,深圳市,梅沙,,20,14,11,3,4,63,63,83,80,6,7,/,/,/,/
2026-10-03T2000,1366A,114.0563,22.7353,深圳市,观澜,,23,15,15,3,8,45,45,90,84,46,18,4,4,0.7,0.6
2026-10-03T2000,3305A,114.0614,22.556,深圳市,莲花,,19,13,12,7,8,59,59,58,57,25,12,/,/,/,/
2026-10-03T2000,3306A,114.0144,22.6163,深圳市,民治,,19,8,10,8,7,60,60,82,80,21,9,/,/,/,/
2026-10-03T2000,3307A,114.1756,22.6421,深圳市,横岗,,21,17,11,9,8,67,67,93,93,22,12,/,/,/,/
2026-10-03T2000,3447A,114.344,22.7115,深圳市,坪山,,21,10,9,3,6,67,67,79,79,15,10,5,5,0.6,0.6
2026-10-03T2000,3623A,113.8952,22.586,深圳市,西乡,,24,24,14,13,6,50,50,80,75,38,16,4,3,0.7,0.6
2026-10-03T2000,4220A,114.214113,22.713717,深圳市,黄阁路,,24,14,9,7,4,76,76,91,90,16,10,6,6,0.9,0.9
2026-10-03T2000,1099A,123.5058,41.7084,沈阳市,浑南东路,,39,39,29,24,18,32,32,63,55,36,27,11,12,0.7,0.9
2026-10-03T2000,1100A,123.4238,41.6992,沈阳市,新秀街,,41,41,51,19,27,37,37,60,55,35,35,8,11,0.6,1
2026-10-03T2000,1102A,123.5903,41.8412,沈阳市,东陵路,,35,35,30,16,16,27,27,54,48,19,18,11,13,0.6,0.8
2026-10-03T2000,1103A,123.4267,41.8466,沈阳市,陵东街,,39,39,35,25,20,1,1,41,29,22,16,6,7,0.7,1
2026-10-03T2000,1104A,123.4116,41.7654,沈阳市,文化路,,47,47,41,28,23,31,31,60,54,34,32,10,12,0.7,1
2026-10-03T2000,1105A,123.4673,41.787,沈阳市,小河沿,,36,36,32,20,20,19,19,46,40,31,28,7,8,0.5,0.9
2026-10-03T2000,1106A,123.4019,41.7978,沈阳市,太原街,颗粒物(PM10),78,89,46,44,25,11,11,62,45,52,34,7,8,1.0,1.1
2026-10-03T2000,1108A,123.3778,41.9233,沈阳市,京沈街,,46,46,37,24,20,30,30,51,48,31,32,6,7,0.5,0.6
2026-10-03T2000,2897A,123.2429,41.7341,沈阳市,沈辽西路,颗粒物(PM10),64,69,60,32,28,10,10,58,46,59,41,9,9,0.9,1
2026-10-03T2000,2900A,123.5951,41.9085,沈阳市,裕农路,,35,31,21,24,13,28,28,50,45,21,17,6,6,0.4,0.5
2026-10-03T2000,2429A,110.78,32.6494,十堰市,滨河新村,,32,32,20,16,9,24,24,56,42,18,10,/,/,1.2,1
2026-10-03T2000,2430A,110.7305,32.6408,十堰市,刘家沟,,13,12,16,9,9,25,25,53,40,8,7,/,/,/,/
2026-10-03T2000,2431A,110.8843,32.5712,十堰市,铁二处,,23,23,18,16,11,16,16,58,42,20,10,7,6,0.9,0.6
2026-10-03T2000,3545A,110.8053,32.8401,十堰市,郧阳区金沙路,,21,21,16,10,7,42,42,65,55,9,6,7,7,0.9,0.9
2026-10-03T2000,2709A,86.0391,44.298,石河子市,艾青诗歌馆,,32,32,60,10,10,98,98,101,101,10,18,7,7,0.5,0.6
2026-10-03T2000,3442A,86.047,44.2331,石河子市,南区管委会,,43,43,48,3,7,95,95,100,100,16,15,5,6,0.2,0.2
2026-10-03T2000,4051A,86.0791,44.3018,石河子市,世纪广场,,30,29,58,21,11,95,95,98,98,10,20,6,5,0.6,0.7
2026-10-03T2000,4167A,86.0126,44.2349,石河子市,城南景苑小区,NA,NA,50,36,13,9,97,97,102,102,10,9,6,8,NA,0.7
2026-10-03T2000,1030A,114.5919,38.0328,石家庄市,高新区,颗粒物(PM10),79,90,89,32,44,135,135,177,177,18,30,4,5,0.6,0.6
2026-10-03T2000,1032A,114.4556,38.0136,石家庄市,西南高教,颗粒物(PM10),104,129,89,27,24,159,159,184,184,24,26,8,8,0.8,0.6
2026-10-03T2000,1033A,114.533,38.0177,石家庄市,世纪公园,颗粒物(PM10),89,104,87,40,39,129,129,160,160,14,21,6,7,0.6,0.6
2026-10-03T2000,1034A,114.5105,38.0489,石家庄市,人民会堂,颗粒物(PM10),86,100,92,28,27,129,129,171,171,23,27,3,5,0.7,0.6
2026-10-03T2000,3456A,114.2887,38.0905,石家庄市,鹿泉一中,颗粒物(PM10),103,126,93,49,28,160,160,173,173,17,18,7,7,0.6,0.5
2026-10-03T2000,4024A,114.6491,37.9014,石家庄市,栾城区星河路,细颗粒物(PM2.5),111,128,113,72,65,138,138,174,174,25,36,7,8,0.7,0.5
2026-10-03T2000,4059A,114.4563,38.0365,石家庄市,裕华西路63号,颗粒物(PM10),83,96,74,46,28,142,142,170,170,23,28,9,9,0.8,0.6
2026-10-03T2000,4060A,114.5586,38.0581,石家庄市,和平路363号,颗粒物(PM10),74,83,75,14,31,127,127,169,169,17,29,4,4,0.5,0.6
2026-10-03T2000,4061A,114.8347,38.0213,石家庄市,廉州西路160号,颗粒物(PM10),84,97,111,37,41,126,126,172,171,22,33,6,7,0.8,0.8
2026-10-03T2000,4062A,114.4498,38.0729,石家庄市,北城路41号,细颗粒物(PM2.5),94,110,85,57,36,142,142,171,171,31,32,11,10,0.7,0.5
2026-10-03T2000,4314A,114.0494,38.059,石家庄市,矿区区委大楼,颗粒物(PM10),104,129,94,48,31,136,136,149,149,26,27,16,16,0.7,0.5
2026-10-03T2000,1948A,106.3668,39.0145,石嘴山市,大武口朝阳西街,,25,25,113,7,30,75,75,96,78,15,12,7,6,0.2,0.2
2026-10-03T2000,1949A,106.7713,39.2278,石嘴山市,惠农南大街,颗粒物(PM10),53,54,144,10,40,64,64,88,80,18,13,36,29,0.6,0.8
2026-10-03T2000,1950A,106.7074,39.1332,石嘴山市,红果子镇惠新街,颗粒物(PM10),120,171,165,20,42,61,61,91,82,26,15,14,12,1.1,0.3
2026-10-03T2000,3520A,106.3495,38.9837,石嘴山市,妇女儿童医院,,32,32,115,15,29,74,74,94,80,15,11,11,7,0.4,0.4
2026-10-03T2000,3521A,106.7495,39.2068,石嘴山市,石大公路,颗粒物(PM10),56,58,137,9,36,69,69,77,77,18,24,8,18,0.5,0.7
2026-10-03T2000,2248A,131.1509,46.6936,双鸭山市,双合村,细颗粒物(PM2.5),102,79,40,62,14,6,6,61,43,34,14,12,13,0.8,0.6
2026-10-03T2000,2249A,131.1651,46.6191,双鸭山市,南小市,,48,48,18,27,11,5,5,55,40,32,11,3,7,0.4,0.2
2026-10-03T2000,2250A,131.1526,46.6554,双鸭山市,环保局,颗粒物(PM10),83,95,39,30,13,3,3,55,37,46,19,7,6,0.5,0.2
2026-10-03T2000,2166A,112.4399,39.3521,朔州市,平朔,,33,33,50,3,18,65,65,108,81,4,6,4,8,0.0,0.2
2026-10-03T2000,2167A,112.4574,39.362,朔州市,朔唯,,43,43,52,6,14,68,68,118,89,5,5,5,9,/,/
2026-10-03T2000,2168A,112.426,39.3199,朔州市,区政府,,33,33,48,3,16,63,63,104,80,6,7,4,4,0.1,0.3
2026-10-03T2000,2169A,112.4075,39.3277,朔州市,市环保局,,32,32,52,8,18,66,66,108,83,6,8,4,5,/,/
2026-10-03T2000,2170A,112.4273,39.3682,朔州市,市二中,,25,25,47,10,16,71,71,117,88,8,12,3,7,/,/
2026-10-03T2000,3571A,112.2938,39.5296,朔州市,一水厂,颗粒物(PM10),56,58,57,12,15,62,62,90,80,9,10,1,4,0.5,0.6
2026-10-03T2000,2226A,124.3744,43.1842,四平市,境园,细颗粒物(PM2.5),56,40,27,38,15,40,40,68,62,26,23,4,4,0.4,0.3
2026-10-03T2000,3486A,124.4029,43.1411,四平市,植物园,,49,37,20,34,12,31,31,70,60,33,21,6,5,0.3,0.1
2026-10-03T2000,3713A,124.3286,43.1726,四平市,世纪城,细颗粒物(PM2.5),66,46,50,43,21,41,41,65,62,30,34,6,5,0.4,0.4
2026-10-03T2000,2233A,124.8007,45.1213,松原市,江南,颗粒物(PM10),58,60,47,38,22,17,17,58,47,40,22,1,2,0.4,0.3
2026-10-03T2000,2234A,124.7967,45.1721,松原市,江北,,49,49,36,24,13,30,30,59,53,22,21,1,1,0.4,0.4
2026-10-03T2000,1163A,120.5974,31.3247,苏州市,轧钢厂,,20,14,15,9,7,62,62,70,68,26,24,5,6,0.5,0.4
2026-10-03T2000,1164A,120.6329,31.2741,苏州市,吴中区,,19,16,18,8,6,58,58,65,64,19,20,6,6,0.8,0.8
2026-10-03T2000,1165A,120.5566,31.3049,苏州市,苏州新区,,23,18,16,16,8,59,59,68,66,20,20,6,6,0.6,0.5
2026-10-03T2000,1166A,120.668709,31.312523,苏州市,苏州工业园区,,22,13,15,8,7,68,68,74,73,15,13,6,6,0.6,0.6
2026-10-03T2000,1167A,120.6408,31.3707,苏州市,相城区,,23,14,16,3,3,73,73,75,74,13,12,9,9,0.7,0.7
2026-10-03T2000,3289A,120.7431,31.3188,苏州市,方洲路,,21,13,14,8,7,66,66,65,65,15,15,8,8,0.5,0.5
2026-10-03T2000,3290A,120.4979,31.2777,苏州市,木渎中学,,21,14,13,12,7,66,66,74,72,19,16,5,5,0.7,0.6
2026-10-03T2000,3425A,120.642,31.1733,苏州市,越秀幼儿园,NA,NA,NA,18,NA,10,NA,NA,65,59,NA,25,NA,5,NA,0.6
2026-10-03T2000,3431A,120.6502,31.4117,苏州市,高铁新城,,23,13,15,3,5,72,72,74,74,15,17,7,7,0.6,0.6
2026-10-03T2000,4090A,120.4282,31.3228,苏州市,学森路9号,,22,14,13,6,2,68,68,79,74,21,18,8,8,0.5,0.4
2026-10-03T2000,1220A,118.2924,33.933,宿迁市,宿迁学院,,33,33,33,18,16,59,59,76,70,13,16,2,2,0.5,0.4
2026-10-03T2000,1221A,118.2321,33.9572,宿迁市,宿迁中学,,31,31,32,16,14,57,57,79,72,16,14,4,4,0.4,0.4
2026-10-03T2000,2996A,118.2781,33.9658,宿迁市,市供电局,,28,28,33,17,16,62,62,81,75,15,17,4,5,0.6,0.5
2026-10-03T2000,3191A,118.3243,33.95,宿迁市,宿豫区政府,,28,25,32,19,16,64,64,81,74,15,14,6,7,0.4,0.3
2026-10-03T2000,4094A,118.352,33.7886,宿迁市,春华路,,24,24,34,12,18,47,47,69,63,14,14,5,6,0.4,0.4
2026-10-03T2000,3187A,116.9508,33.666,宿州市,远航博物馆,,19,19,35,10,18,57,57,67,67,12,14,6,6,0.5,0.5
2026-10-03T2000,3463A,116.9708,33.5911,宿州市,社会福利中心,,16,12,37,11,22,41,41,62,62,22,19,6,14,0.4,0.4
2026-10-03T2000,3701A,116.9647,33.6252,宿州市,皖北煤电集团,,22,22,37,11,17,46,46,68,68,20,15,6,8,0.4,0.4
2026-10-03T2000,4103A,116.9929,33.6412,宿州市,中兴路,,38,38,45,17,19,53,53,64,64,19,22,11,11,0.5,0.5
2026-10-03T2000,2266A,126.9783,46.6365,绥化市,人和东街,NA,NA,50,26,NA,19,39,39,60,54,19,12,4,4,0.8,0.7
2026-10-03T2000,2267A,126.964,46.6527,绥化市,党政办公中心,颗粒物(PM10),58,61,23,38,10,37,37,65,60,29,11,9,8,0.7,0.6
2026-10-03T2000,2451A,113.3587,31.7275,随州市,市委党校,,18,18,34,7,15,46,46,43,43,10,8,8,8,0.7,0.7
2026-10-03T2000,2452A,113.3745,31.6926,随州市,市林业局,,19,16,32,13,14,45,45,43,43,10,9,6,6,0.7,0.7
2026-10-03T2000,2453A,113.3984,31.7309,随州市,市立交桥水厂,,15,15,31,8,14,41,41,42,42,8,11,6,6,0.7,0.6
2026-10-03T2000,2528A,105.5581,30.5231,遂宁市,市监测站,,24,24,16,15,8,18,18,44,41,19,8,7,7,0.7,0.6
2026-10-03T2000,2530A,105.5917,30.4727,遂宁市,美宁食品公司,,22,22,10,9,12,23,23,44,42,17,9,10,10,0.5,0.5
2026-10-03T2000,4303A,105.5911,30.5368,遂宁市,环岛商务中心9号楼,,14,12,14,3,6,8,8,38,35,28,10,6,7,0.9,0.7
2026-10-03T2000,2706A,82.9993,46.7432,塔城地区,东门外小游园,,49,49,26,14,7,68,68,76,76,8,6,1,2,0.3,0.4
2026-10-03T2000,4165A,82.9716,46.7464,塔城地区,文化广场,,33,33,12,6,6,80,80,86,86,10,6,2,2,0.4,0.4
2026-10-03T2000,1255A,121.2727,28.6461,台州市,黄岩环保大楼,,31,30,28,9,8,98,98,99,99,4,6,/,/,/,/
2026-10-03T2000,1256A,121.4188,28.6545,台州市,台州环保大楼,,34,34,28,13,8,102,102,111,111,7,7,/,/,0.7,0.7
2026-10-03T2000,1257A,121.3768,28.5772,台州市,路桥田洋王,,39,39,29,11,8,102,102,115,114,6,9,6,7,0.6,0.6
2026-10-03T2000,3564A,121.25678,28.66823971,台州市,台州科技职业学院,,31,31,23,12,9,89,89,100,99,10,9,9,9,0.7,0.7
2026-10-03T2000,1081A,112.5138,37.8916,太原市,尖草坪,NA,NA,NA,NA,NA,NA,NA,NA,NA,NA,NA,NA,NA,NA,NA,NA
2026-10-03T2000,1084A,112.4691,37.7125,太原市,晋源,颗粒物(PM10),54,55,66,17,27,92,92,122,113,9,20,6,13,0.3,0.6
2026-10-03T2000,1085A,112.5595,37.7391,太原市,小店,,38,38,63,18,29,89,89,131,120,16,23,6,16,0.5,0.7
2026-10-03T2000,1087A,112.5705,37.8199,太原市,坞城,,30,30,52,16,29,86,86,126,114,17,19,9,19,0.6,0.9
2026-10-03T2000,1088A,112.5495,37.9853,太原市,南寨,,39,39,59,10,24,72,72,111,101,14,19,5,8,0.5,0.8
2026-10-03T2000,3618A,112.4702,37.7821,太原市,金胜,,30,29,60,10,23,96,96,124,117,11,19,6,12,0,0.3
2026-10-03T2000,4010A,112.5608,37.8807,太原市,育英中学,,33,33,57,16,27,86,86,123,111,12,18,4,11,0.4,0.7
2026-10-03T2000,4074A,112.449,37.8509,太原市,西矿街336号,,36,36,68,18,25,98,98,120,114,11,19,7,12,0.3,0.6
2026-10-03T2000,4075A,112.4792,37.9393,太原市,迎宾北路9号,,44,44,56,22,25,95,95,115,109,11,21,7,10,0.2,0.4
2026-10-03T2000,4076A,112.551,37.8575,太原市,迎泽大街248号,颗粒物(PM10),59,62,62,17,25,81,81,118,107,15,19,6,12,0.1,0.3
2026-10-03T2000,1656A,117.1436,36.1938,泰安市,监测站,颗粒物(PM10),53,53,67,13,35,96,96,121,120,18,22,7,13,0.5,0.7
2026-10-03T2000,1657A,117.0905,36.2002,泰安市,人口学校,,48,48,63,9,27,89,89,109,108,16,19,10,14,0.7,0.7
2026-10-03T2000,1658A,117.0992,36.1757,泰安市,电力学校,颗粒物(PM10),51,51,72,11,38,94,94,117,116,14,30,6,10,0.3,0.5
2026-10-03T2000,3502A,117.1812,36.2273,泰安市,国网新校,,37,37,48,13,30,97,97,114,114,9,11,4,7,0.3,0.4
2026-10-03T2000,3503A,117.0315,36.2017,泰安市,交通技校,,39,39,52,10,28,94,94,116,115,17,25,8,9,0.7,0.8
2026-10-03T2000,3504A,117.083,36.13,泰安市,山东第一医科大学,颗粒物(PM10),68,75,74,19,42,77,77,115,112,26,31,8,14,0.4,0.5
2026-10-03T2000,1206A,119.9042,32.488,泰州市,公园路,,23,7,13,7,6,71,71,72,72,7,7,7,8,0.4,0.4
2026-10-03T2000,1207A,119.9189,32.4626,泰州市,莲花,,22,6,13,3,2,69,69,70,70,6,7,8,9,0.5,0.6
2026-10-03T2000,1209A,119.8877,32.4636,泰州市,留学生创业园,,24,15,17,9,9,76,76,78,78,5,6,7,8,0.4,0.4
2026-10-03T2000,2997A,119.8767,32.3291,泰州市,王营,,21,7,14,3,7,65,65,66,66,8,9,7,8,0.5,0.6
2026-10-03T2000,3295A,120.1226,32.515,泰州市,姜堰区政府广场,,24,20,20,13,10,74,74,80,79,8,7,8,8,0.6,0.5
2026-10-03T2000,3435A,119.9186,32.4322,泰州市,周山河街区,,21,14,18,8,10,66,66,68,68,7,10,12,12,0.4,0.5
2026-10-03T2000,1040A,118.1707,39.6505,唐山市,十二中,颗粒物(PM10),82,94,56,49,27,122,122,159,158,26,28,7,13,0.7,0.9
2026-10-03T2000,1041A,118.1868,39.6219,唐山市,小山,NA,NA,91,67,52,25,124,124,137,136,NA,25,14,12,NA,0.9
2026-10-03T2000,3457A,118.4357,39.277,唐山市,冀东油田职工医院,颗粒物(PM10),101,122,67,44,24,56,56,163,143,52,23,2,4,1.0,0.7
2026-10-03T2000,3575A,118.0927,39.5807,唐山市,正泰大街热力站,颗粒物(PM10),96,114,67,52,31,95,95,156,148,36,27,3,6,0.7,0.9
2026-10-03T2000,3576A,118.1561,39.8322,唐山市,丰润区政府,细颗粒物(PM2.5),106,114,56,66,22,103,103,150,147,45,21,14,12,0.9,0.9
2026-10-03T2000,3577A,118.436906,39.73802,唐山市,金山小学,颗粒物(PM10),91,107,55,52,17,78,78,162,153,49,24,7,10,0.9,0.8
2026-10-03T2000,3578A,118.2449,39.6693,唐山市,政府服务中心,细颗粒物(PM2.5),98,108,67,59,33,114,114,156,153,34,32,6,17,0.7,0.9
2026-10-03T2000,3692A,118.2043,39.6703,唐山市,消防缸窑路中队,颗粒物(PM10),90,106,80,44,26,124,124,164,163,29,26,14,20,0.8,0.9
2026-10-03T2000,3693A,118.1432,39.6203,唐山市,路南电大,细颗粒物(PM2.5),101,107,69,61,31,119,119,158,156,28,26,4,8,0.7,1
2026-10-03T2000,4065A,118.1267,39.6579,唐山市,光明北路515号,细颗粒物(PM2.5),70,70,49,45,26,76,76,132,122,31,30,5,11,0.6,0.9
2026-10-03T2000,4197A,118.130859,39.636026,唐山市,友谊北路34号,颗粒物(PM10),95,112,69,46,25,123,123,146,145,29,29,9,12,0.6,0.9
2026-10-03T2000,1015A,117.1446,39.1659,天津市,勤俭道,颗粒物(PM10),63,67,58,28,26,107,107,164,159,13,21,7,10,0.7,0.8
2026-10-03T2000,1018A,117.2016,39.0928,天津市,前进道,颗粒物(PM10),77,87,58,33,29,135,135,170,168,13,24,9,10,0.4,0.4
2026-10-03T2000,1019A,117.1837,39.2134,天津市,淮河道,颗粒物(PM10),63,67,65,23,28,104,104,162,157,14,31,9,11,0.1,0.3
2026-10-03T2000,1021A,117.308261,39.088386,天津市,跃进路,颗粒物(PM10),92,108,64,45,26,132,132,160,159,18,26,8,8,0.6,0.6
2026-10-03T2000,1023A,117.707,39.0344,天津市,第四大街,颗粒物(PM10),101,122,67,46,26,65,65,144,135,82,53,8,9,1.1,0.9
2026-10-03T2000,1024A,117.4573,38.8395,天津市,永明路,细颗粒物(PM2.5),101,67,58,61,61,NA,NA,NA,NA,NA,NA,NA,NA,NA,NA
2026-10-03T2000,1026A,117.7641,39.1588,天津市,汉北路,颗粒物(PM10),79,90,49,36,25,65,65,147,132,59,27,5,6,0.7,0.6
2026-10-03T2000,2858A,117.7917,39.2473,天津市,河西一经路,NA,NA,NA,52,NA,19,NA,NA,101,NA,NA,43,NA,7,NA,0.9
2026-10-03T2000,2859A,117.3747,38.9845,天津市,津沽路,颗粒物(PM10),103,127,59,57,27,152,152,157,157,26,30,8,7,0.9,0.8
2026-10-03T2000,2860A,117.159,39.0844,天津市,宾水西道,颗粒物(PM10),69,76,52,31,28,116,116,163,160,9,16,5,6,0.4,0.6
2026-10-03T2000,2922A,117.194,39.1069,天津市,大理道,颗粒物(PM10),67,73,52,36,28,125,125,162,159,18,24,9,10,0.4,0.5
2026-10-03T2000,3020A,117.2096,39.1698,天津市,中山北路,颗粒物(PM10),68,75,64,23,27,105,105,154,150,23,32,5,6,0.5,0.7
2026-10-03T2000,3051A,117.385,39.1483,天津市,西四道,颗粒物(PM10),104,130,111,NA,41,NA,NA,NA,NA,26,28,3,3,2.4,2.4
2026-10-03T2000,3325A,117.0362,39.3827,天津市,雍阳西道,,29,29,73,3,31,65,65,162,154,8,39,5,9,0.2,0.5
2026-10-03T2000,3326A,117.0291,39.0612,天津市,辛老路,颗粒物(PM10),78,88,70,36,32,120,120,165,162,17,34,8,9,0.6,0.8
2026-10-03T2000,3327A,116.9638,38.9374,天津市,地纬路,颗粒物(PM10),102,125,69,53,34,139,139,154,154,18,28,11,10,0.4,0.4
2026-10-03T2000,3460A,117.4065,40.0583,天津市,北环路,NA,NA,NA,NA,42,58,102,102,131,131,NA,12,6,7,2.0,2.2
2026-10-03T2000,3461A,117.3041,39.7167,天津市,建设路,,26,26,68,3,32,65,65,156,151,7,28,4,8,0.1,0.6
2026-10-03T2000,3462A,117.8201,39.3519,天津市,滨水东路,颗粒物(PM10),80,92,72,36,32,52,52,143,129,79,44,13,15,0.5,0.5
2026-10-03T2000,4196A,117.24369,39.102911,天津市,光华路,颗粒物(PM10),85,99,59,42,28,132,132,158,157,12,17,11,11,0.5,0.6
2026-10-03T2000,2650A,105.72058,34.57859,天水市,公园小学,NA,NA,NA,NA,NA,NA,NA,NA,NA,NA,27,13,19,19,NA,0.2
2026-10-03T2000,2651A,105.89428,34.55353,天水市,麦积国土局,颗粒物(PM10),77,87,39,30,17,84,84,97,97,13,10,8,9,0.4,0.4
2026-10-03T2000,2217A,123.865,42.292,铁岭市,水上乐园,细颗粒物(PM2.5),72,NA,37,46,15,18,18,34,32,41,25,8,9,0.5,0.4
2026-10-03T2000,2219A,123.7158,42.2218,铁岭市,金沙江路北,颗粒物(PM10),65,71,39,35,19,17,17,34,34,41,27,7,8,0.6,0.5
2026-10-03T2000,4084A,123.835,42.2853,铁岭市,新华街20号,细颗粒物(PM2.5),74,77,34,47,16,19,19,44,40,44,23,12,11,0.9,0.6
2026-10-03T2000,2229A,125.9359,41.7174,通化市,光明,,36,36,28,16,14,16,16,59,48,33,17,10,9,0.3,0.4
2026-10-03T2000,2230A,125.9446,41.7323,通化市,铁路,,22,20,23,15,11,30,30,58,51,16,18,7,7,0.4,0.7
2026-10-03T2000,2191A,122.253,43.6801,通辽市,艺术职业学校,颗粒物(PM10),54,55,51,18,18,52,52,63,61,20,26,10,13,0.5,0.5
2026-10-03T2000,3706A,122.2584,43.6333,通辽市,老干部活动中心,颗粒物(PM10),53,53,42,17,17,56,56,62,61,18,18,16,14,0.6,0.6
2026-10-03T2000,3708A,122.2923,43.6189,通辽市,东方明珠社区,,41,41,50,22,15,53,53,66,64,20,22,15,10,0.4,0.3
2026-10-03T2000,1923A,109.0696,35.0699,铜川市,王益区政府,细颗粒物(PM2.5),82,61,36,51,29,50,50,78,78,21,15,5,6,0.6,0.5
2026-10-03T2000,1924A,108.9345,34.9059,铜川市,新区管委会,细颗粒物(PM2.5),68,54,38,44,29,62,62,80,80,28,15,4,4,0.6,0.5
2026-10-03T2000,4234A,108.949652,34.870529,铜川市,大唐三路,细颗粒物(PM2.5),56,53,37,38,28,64,64,82,82,21,9,4,4,0.9,0.9
2026-10-03T2000,2285A,117.8176,30.9412,铜陵市,市第四中学,,21,21,16,12,7,54,54,60,58,11,7,7,7,0.6,0.5
2026-10-03T2000,2287A,117.7806,30.9413,铜陵市,市新民污水厂,,20,20,15,12,7,43,43,60,48,30,12,6,6,0.6,0.4
2026-10-03T2000,2289A,117.846,30.9414,铜陵市,车站新区,,17,16,16,9,5,54,54,59,57,11,9,7,7,0.6,0.6
2026-10-03T2000,2290A,117.8472,30.9699,铜陵市,市职教基地,,22,17,17,15,7,53,53,62,58,14,8,5,4,0.6,0.4
2026-10-03T2000,2585A,109.1839,27.7344,铜仁市,铜仁卫校,NA,NA,12,13,3,3,40,40,46,42,NA,3,4,2,0.4,0.3
2026-10-03T2000,2586A,109.1752,27.6945,铜仁市,铜仁七中,,12,10,13,3,5,36,36,51,44,10,6,5,5,0.3,0.3
2026-10-03T2000,2686A,89.1905,42.9419,吐鲁番市,市环保局,颗粒物(PM10),79,90,81,36,21,88,88,95,95,24,11,5,4,0.6,0.4
2026-10-03T2000,2687A,89.1674,42.9558,吐鲁番市,地区环保局,颗粒物(PM10),57,59,72,21,16,94,94,98,98,17,9,2,2,0.4,0.4
2026-10-03T2000,1662A,122.121,37.4231,威海市,华夏技校,,25,9,13,7,7,79,79,102,96,12,11,/,/,0.4,0.4
2026-10-03T2000,1663A,122.0508,37.5236,威海市,山大分校,,29,10,15,6,6,91,91,107,106,13,15,/,/,/,/
2026-10-03T2000,1664A,122.1067,37.5067,威海市,市监测站,,28,10,20,3,4,88,88,98,97,8,13,5,6,0.3,0.4
2026-10-03T2000,1982A,122.0693,37.2175,威海市,文登开发区,,24,20,24,9,8,74,74,104,99,18,15,/,/,/,/
2026-10-03T2000,3505A,122.1379,37.3414,威海市,临港区管委会,,27,9,17,3,4,86,86,103,100,10,11,5,6,0.2,0.3
2026-10-03T2000,1650A,119.1436,36.7022,潍坊市,环保局,颗粒物(PM10),51,51,42,22,12,82,82,95,95,24,24,7,6,0.6,0.5
2026-10-03T2000,2877A,119.1638,36.6524,潍坊市,坊子邮政,颗粒物(PM10),65,70,46,30,15,70,70,90,88,22,19,3,3,0.7,0.5
2026-10-03T2000,3178A,119.0587,36.7209,潍坊市,潍坊七中,颗粒物(PM10),67,73,49,32,20,83,83,96,96,19,19,6,7,0.4,0.4
2026-10-03T2000,3368A,119.1978,36.6871,潍坊市,高新实验学校,颗粒物(PM10),53,53,40,19,14,79,79,95,95,20,19,9,8,0.7,0.5
2026-10-03T2000,3416A,119.1758,36.7139,潍坊市,潍坊学院,,46,46,37,24,12,89,89,97,97,18,18,9,9,0.4,0.2
2026-10-03T2000,3861A,119.2046,36.7696,潍坊市,寒亭区实验一小,颗粒物(PM10),53,53,40,16,12,91,91,101,101,19,21,7,9,0.7,0.6
2026-10-03T2000,1940A,109.4605,34.4927,渭南市,体育馆,颗粒物(PM10),51,51,41,34,26,74,74,81,81,13,13,4,5,0.5,0.4
2026-10-03T2000,1941A,109.4257,34.5067,渭南市,高新一小,细颗粒物(PM2.5),60,47,41,40,34,73,73,85,85,13,10,6,4,0.9,0.6
2026-10-03T2000,4159A,110.4531,35.4578,渭南市,桢州大街,细颗粒物(PM2.5),56,45,39,38,28,69,69,100,95,14,9,8,9,0.7,0.7
2026-10-03T2000,4160A,110.4368,35.4773,渭南市,太史大街,细颗粒物(PM2.5),56,57,47,38,31,62,62,85,81,14,10,8,10,0.7,0.7
