timepoint,stationcode,longitude,latitude,area,positionname,primarypollutant,aqi,pm10,pm10_24h,pm2_5,pm2_5_24h,o3,o3_24h,o3_8h,o3_8h_24h,no2,no2_24h,so2,so2_24h,co,co_24h
2026-10-09T0700,2160A,112.8496,35.5051,晋城市,自来水公司,细颗粒物(PM2.5),104,113,66,64,29,27,27,NA,NA,33,25,8,10,1.6,0.9
2026-10-09T0700,2162A,112.8509,35.4886,晋城市,市环保局,细颗粒物(PM2.5),106,97,68,66,33,25,25,NA,NA,32,22,5,7,1.2,0.9
2026-10-09T0700,3620A,112.8258,35.4804,晋城市,泽州一中,颗粒物(PM10),70,78,61,42,23,45,45,NA,NA,27,19,6,8,0.9,0.8
2026-10-09T0700,4078A,112.8246,35.5152,晋城市,前书院路,颗粒物(PM10),83,96,63,38,23,47,47,NA,NA,21,19,9,11,1.9,0.8
2026-10-09T0700,4079A,112.8864,35.4773,晋城市,祥云街666号,细颗粒物(PM2.5),94,93,61,57,35,58,58,NA,NA,22,19,6,9,1.1,1
2026-10-09T0700,2174A,112.6992,37.6984,晋中市,榆次区政府,颗粒物(PM10),53,53,71,36,38,52,52,NA,NA,19,27,11,13,0.8,0.8
2026-10-09T0700,2865A,112.7195,37.683,晋中市,榆次三中,颗粒物(PM10),53,53,66,29,33,50,50,NA,NA,22,28,10,12,0.8,0.9
2026-10-09T0700,4080A,112.7375,37.7215,晋中市,广安街188号,细颗粒物(PM2.5),66,69,79,43,37,40,40,NA,NA,27,29,10,15,0.5,0.5
2026-10-09T0700,4200A,112.7478,37.6954,晋中市,迎宾街26号,颗粒物(PM10),51,51,64,32,35,59,59,NA,NA,18,23,12,14,0.7,0.7
2026-10-09T0700,2439A,112.2012,31.048,荆门市,竹园小学,,50,50,56,33,35,66,66,NA,NA,17,21,7,8,0.6,0.6
2026-10-09T0700,2440A,112.1968,30.9892,荆门市,掇刀,细颗粒物(PM2.5),88,NA,60,54,42,51,51,NA,NA,40,24,14,11,1.1,0.7
2026-10-09T0700,3012A,112.1849,31.0361,荆门市,西山林语,,48,48,50,32,36,64,64,NA,NA,16,16,6,12,1.0,0.8
2026-10-09T0700,3547A,112.1631,31.0134,荆门市,龙泉中学南校,,50,44,56,35,27,102,102,NA,NA,12,14,10,12,0.6,0.4
2026-10-09T0700,4124A,112.2213,31.0654,荆门市,新台西路6号,细颗粒物(PM2.5),66,69,55,43,39,26,26,NA,NA,37,25,7,9,0.7,0.7
2026-10-09T0700,1844A,112.2493,30.3198,荆州市,市图书馆,NA,NA,98,64,NA,45,35,35,NA,NA,55,41,12,10,0.9,0.8
2026-10-09T0700,1845A,112.2009,30.3543,荆州市,市委党校,细颗粒物(PM2.5),119,101,66,80,46,32,32,NA,NA,49,38,11,9,0.7,0.6
2026-10-09T0700,3194A,112.2749,30.3124,荆州市,管委会,细颗粒物(PM2.5),138,110,66,101,51,8,8,NA,NA,68,41,11,11,1.0,0.7
2026-10-09T0700,4268A,112.1722,30.3366,荆州市,学苑路85号,细颗粒物(PM2.5),107,86,61,67,48,32,32,NA,NA,28,27,7,7,0.8,0.7
2026-10-09T0700,2343A,117.2114,29.2931,景德镇市,老干部活动中心,,29,26,31,20,19,16,16,NA,NA,6,4,3,4,0.7,0.7
2026-10-09T0700,2344A,117.1893,29.2789,景德镇市,兽医站,,35,35,36,20,21,12,12,NA,NA,17,15,5,4,0.6,0.6
2026-10-09T0700,2346A,117.246,29.2958,景德镇市,陶研所,,38,27,27,26,20,4,4,NA,NA,14,11,4,4,0.6,0.6
2026-10-09T0700,4289A,117.154766,29.256967,景德镇市,青少年活动中心,,29,29,40,20,27,20,20,NA,NA,21,19,5,12,/,/
2026-10-09T0700,1803A,115.9873,29.6816,九江市,十里,细颗粒物(PM2.5),56,51,51,38,34,28,28,NA,NA,43,35,2,6,0.8,0.8
2026-10-09T0700,1804A,115.9583,29.7047,九江市,茅山头,细颗粒物(PM2.5),58,48,46,39,36,39,39,NA,NA,26,26,3,4,0.7,0.7
2026-10-09T0700,1805A,115.9877,29.7295,九江市,西园,细颗粒物(PM2.5),60,56,53,40,37,42,42,NA,NA,30,39,7,10,0.7,0.7
2026-10-09T0700,1808A,115.9112,29.6038,九江市,综合工业园,,48,48,48,25,27,51,51,NA,NA,38,42,7,9,0.8,0.8
2026-10-09T0700,3190A,116.0254,29.6995,九江市,外国语学校,细颗粒物(PM2.5),68,51,53,44,38,15,15,NA,NA,64,42,5,14,0.8,0.7
2026-10-09T0700,4253A,116.010205,29.659402,九江市,莲花大道8号,颗粒物(PM10),52,52,45,35,30,37,37,NA,NA,24,18,4,8,0.5,0.6
2026-10-09T0700,4240A,98.495752,39.733935,酒泉市,玉门东路5号,,19,19,25,11,14,52,52,NA,NA,10,8,5,5,0.2,0.4
2026-10-09T0700,3583A,115.6231,39.0223,保定市,徐水物探局,细颗粒物(PM2.5),136,176,154,99,84,7,7,NA,NA,70,50,2,6,0.7,0.7
2026-10-09T0700,4004A,115.4199,38.8665,保定市,双鹰农机,细颗粒物(PM2.5),114,139,133,75,52,34,34,NA,NA,25,22,5,8,0.7,0.8
2026-10-09T0700,4034A,115.515,38.8589,保定市,植保所站,细颗粒物(PM2.5),115,106,114,76,66,16,16,NA,NA,47,33,4,6,0.8,0.7
2026-10-09T0700,2594A,99.1589,25.1137,保山市,市环境监测站,NA,NA,17,19,14,11,21,21,NA,NA,6,6,NA,7,0.3,0.3
2026-10-09T0700,2595A,99.1616,25.1381,保山市,市环保局,,20,NA,11,14,11,30,30,NA,NA,3,4,4,4,0.3,0.4
2026-10-09T0700,1867A,109.1435,21.4085,北海市,海滩公园,细颗粒物(PM2.5),70,54,48,45,30,82,82,NA,NA,15,11,18,10,0.5,0.4
2026-10-09T0700,1868A,109.0983,21.466,北海市,新市环保局,,49,45,53,34,29,96,96,NA,NA,16,16,10,6,0.5,0.5
2026-10-09T0700,1869A,109.1775,21.5232,北海市,北海工业园,细颗粒物(PM2.5),60,55,51,40,29,68,68,NA,NA,17,18,14,11,0.5,0.5
2026-10-09T0700,3400A,109.1844,21.4396,北海市,龙潭自来水厂,细颗粒物(PM2.5),74,54,50,47,32,62,62,NA,NA,14,12,14,10,0.6,0.5
2026-10-09T0700,1001A,116.3611,39.8786,北京市,万寿西宫,细颗粒物(PM2.5),125,131,128,87,73,54,54,NA,NA,74,51,2,4,0.7,0.8
2026-10-09T0700,1003A,116.4174,39.9289,北京市,东四,细颗粒物(PM2.5),127,132,127,89,71,70,70,NA,NA,48,47,3,6,0.9,1
2026-10-09T0700,1004A,116.4073,39.8858,北京市,天坛,细颗粒物(PM2.5),118,104,107,79,65,5,5,NA,NA,37,40,1,3,0.8,0.9
2026-10-09T0700,1005A,116.4622,39.9364,北京市,农展馆,细颗粒物(PM2.5),122,112,126,84,72,7,7,NA,NA,78,55,3,5,0.8,0.9
2026-10-09T0700,1006A,116.3399,39.9293,北京市,官园,细颗粒物(PM2.5),117,133,137,78,75,52,52,NA,NA,76,54,3,3,1.0,1
2026-10-09T0700,1007A,116.2879,39.9613,北京市,海淀万柳,细颗粒物(PM2.5),126,147,142,88,69,9,9,NA,NA,67,49,3,5,0.8,0.8
2026-10-09T0700,1008A,116.6635,40.1349,北京市,顺义新城,细颗粒物(PM2.5),107,73,77,67,70,40,40,NA,NA,40,31,2,5,0.7,0.7
2026-10-09T0700,1009A,116.6275,40.327,北京市,怀柔镇,细颗粒物(PM2.5),111,95,107,72,66,98,98,NA,NA,19,22,2,4,0.7,0.7
2026-10-09T0700,1010A,116.2295,40.217,北京市,昌平镇,细颗粒物(PM2.5),112,121,117,73,67,123,123,NA,NA,20,31,4,5,0.8,0.7
2026-10-09T0700,1011A,116.3968,39.982,北京市,奥体中心,细颗粒物(PM2.5),122,125,126,84,74,64,64,NA,NA,43,52,2,3,0.8,0.8
2026-10-09T0700,3418A,116.8336,40.4095,北京市,密云新城,细颗粒物(PM2.5),90,85,108,55,59,32,32,NA,NA,45,28,2,4,0.6,0.7
2026-10-09T0700,3671A,116.0879,39.9725,北京市,门头沟三家店,细颗粒物(PM2.5),100,107,121,60,67,80,80,NA,NA,32,36,3,4,0.7,0.7
2026-10-09T0700,3672A,116.1507,39.8246,北京市,丰台云岗,细颗粒物(PM2.5),110,125,143,71,78,77,77,NA,NA,30,28,3,5,0.7,0.7
2026-10-09T0700,3674A,115.9578,39.7602,北京市,房山燕山,细颗粒物(PM2.5),107,96,108,67,62,68,68,NA,NA,32,23,2,4,0.8,0.7
2026-10-09T0700,3675A,116.4669,39.7734,北京市,大兴旧宫,细颗粒物(PM2.5),86,92,107,53,58,1,1,NA,NA,58,36,4,5,1.0,0.8
2026-10-09T0700,3694A,115.9859,40.4562,北京市,延庆石河营,细颗粒物(PM2.5),107,108,106,67,62,6,6,NA,NA,37,23,4,5,0.6,0.6
2026-10-09T0700,3695A,116.6151,40.3052,北京市,怀柔新城,细颗粒物(PM2.5),94,86,96,57,56,96,96,NA,NA,14,18,4,6,0.7,0.6
2026-10-09T0700,2366A,114.8905,25.8472,赣州市,华坚鞋城,,49,49,46,32,31,22,22,NA,NA,15,18,3,2,0.6,0.5
2026-10-09T0700,3109A,115.0094,25.8614,赣州市,赣县区卫计委,,37,37,32,16,17,19,19,NA,NA,16,17,6,7,0.5,0.4
2026-10-09T0700,2684A,106.2753,36.0057,固原市,监测站,,41,41,49,16,18,60,60,NA,NA,17,27,6,6,0.5,0.5
2026-10-09T0700,2685A,106.2384,36.0189,固原市,新区,,36,36,51,15,18,65,65,NA,NA,19,34,6,6,0.4,0.5
2026-10-09T0700,2544A,106.6307,30.4577,广安市,市委,细颗粒物(PM2.5),86,60,54,53,42,5,5,NA,NA,18,17,8,8,0.6,0.5
2026-10-09T0700,2545A,106.6266,30.4662,广安市,友谊中学,细颗粒物(PM2.5),82,NA,45,51,37,13,13,NA,NA,15,14,9,9,0.8,0.6
2026-10-09T0700,2547A,106.6386,30.4551,广安市,广电花园,细颗粒物(PM2.5),80,51,47,50,45,7,7,NA,NA,13,16,7,8,0.6,0.6
2026-10-09T0700,2902A,106.6347,30.4868,广安市,北辰小学,细颗粒物(PM2.5),96,66,60,58,42,27,27,NA,NA,14,21,9,10,0.7,0.7
2026-10-09T0700,2524A,105.8211,32.4444,广元市,老城,,46,46,52,28,34,10,10,NA,NA,19,28,4,7,1.1,1
2026-10-09T0700,2526A,105.8629,32.429,广元市,监测站,颗粒物(PM10),54,55,55,26,32,7,7,NA,NA,21,19,5,7,0.8,0.8
2026-10-09T0700,3617A,105.8047,32.4167,广元市,经开区,,44,44,58,30,36,12,12,NA,NA,26,28,6,13,0.7,0.8
2026-10-09T0700,1345A,113.2346,23.1423,广州市,广雅中学,颗粒物(PM10),51,51,42,33,25,24,24,NA,NA,58,34,8,6,0.6,0.5
2026-10-09T0700,1346A,113.2611,23.105,广州市,市五中,,45,NA,34,31,23,36,36,NA,NA,46,24,10,7,/,/
2026-10-09T0700,1348A,113.3477,23.0916,广州市,广东商学院,颗粒物(PM10),52,52,39,29,23,12,12,NA,NA,50,30,10,7,0.6,0.4
2026-10-09T0700,1349A,113.4332,23.105,广州市,市八十六中,,38,35,32,26,23,13,13,NA,NA,69,48,9,8,/,/
2026-10-09T0700,1350A,113.3506,22.9488,广州市,番禺中学,细颗粒物(PM2.5),66,71,53,43,31,20,20,NA,NA,44,28,14,7,0.6,0.5
2026-10-09T0700,1351A,113.2147,23.3918,广州市,花都师范,颗粒物(PM10),53,54,53,35,34,25,25,NA,NA,46,27,5,6,0.9,0.9
2026-10-09T0700,1352A,113.2599,23.1329,广州市,市监测站,颗粒物(PM10),53,53,43,31,24,30,30,NA,NA,48,31,4,2,/,/
2026-10-09T0700,1353A,113.5618,23.3119,广州市,九龙镇镇龙,,32,32,43,22,28,9,9,NA,NA,26,19,8,8,0.6,0.6
2026-10-09T0700,1354A,113.2764,23.1544,广州市,麓湖,,44,44,35,30,23,4,4,NA,NA,70,38,7,6,0.8,0.8
2026-10-09T0700,2846A,113.3209,23.1323,广州市,体育西,,42,37,33,29,21,33,33,NA,NA,46,28,9,7,0.9,0.8
2026-10-09T0700,3298A,113.5718,23.5493,广州市,从化街口,,33,32,40,23,28,2,2,NA,NA,26,19,9,10,0.6,0.6
2026-10-09T0700,3299A,113.3463,23.369,广州市,白云竹料,,43,41,47,30,32,30,30,NA,NA,24,23,8,7,0.8,0.8
2026-10-09T0700,3300A,113.2981,23.2365,广州市,白云嘉禾,,47,47,38,30,23,14,14,NA,NA,51,29,6,7,/,/
2026-10-09T0700,3301A,113.4256,23.1716,广州市,黄埔科学城,,46,41,36,32,27,31,31,NA,NA,23,18,7,6,0.8,0.8
2026-10-09T0700,3302A,113.3942,23.0485,广州市,番禺大学城,颗粒物(PM10),56,58,51,35,28,20,20,NA,NA,59,39,14,12,0.6,0.5
2026-10-09T0700,3303A,113.4923,22.8169,广州市,南沙黄阁,,37,37,54,15,31,71,71,NA,NA,16,24,12,12,/,/
2026-10-09T0700,3304A,113.534,22.7893,广州市,南沙街,,36,36,51,16,30,72,72,NA,NA,8,15,11,11,0.7,0.8
2026-10-09T0700,3443A,113.2905,23.5541,广州市,花都梯面,NA,NA,NA,34,NA,24,NA,NA,103,NA,NA,16,NA,11,NA,NA
2026-10-09T0700,3445A,113.786,23.7479,广州市,从化良口,,30,25,28,21,20,36,36,NA,NA,10,9,6,7,/,/
2026-10-09T0700,3446A,113.805,23.2614,广州市,增城荔城,,29,29,32,20,23,47,47,NA,NA,14,17,11,11,0.6,0.6
2026-10-09T0700,2506A,109.604387,23.066791,贵港市,江南子站,颗粒物(PM10),58,61,52,34,27,46,46,NA,NA,30,24,11,6,1.1,0.6
2026-10-09T0700,2568A,102.2503,31.8896,阿坝藏族羌族自治州,马师校,,22,22,26,7,7,19,19,NA,NA,2,6,4,4,0.4,0.4
2026-10-09T0700,3994A,102.2174,31.9016,阿坝藏族羌族自治州,马尔康中学西区,,18,18,14,3,7,21,21,NA,NA,2,4,5,5,0.1,0.2
2026-10-09T0700,2695A,80.2899,41.1684,阿克苏地区,电视台,颗粒物(PM10),55,56,58,26,21,31,31,NA,NA,17,26,3,9,0.3,0.3
2026-10-09T0700,2696A,80.2592,41.1541,阿克苏地区,艺术中心,颗粒物(PM10),65,70,63,32,25,47,47,NA,NA,15,30,5,6,0.4,0.7
2026-10-09T0700,2205A,105.699,38.8409,阿拉善盟,蒙二幼,颗粒物(PM10),85,99,64,31,17,96,96,NA,NA,2,5,6,7,0.3,0.3
2026-10-09T0700,2206A,105.7198,38.8508,阿拉善盟,环保局新楼,颗粒物(PM10),81,93,54,29,14,97,97,NA,NA,2,4,8,9,0.4,0.5
2026-10-09T0700,2708A,88.1266,47.8515,阿勒泰地区,市站,,19,10,27,3,3,58,58,NA,NA,2,12,3,3,0.2,0.4
2026-10-09T0700,4166A,88.1198,47.7931,阿勒泰地区,阿勒泰路33号,,23,11,21,3,3,72,72,NA,NA,2,13,3,3,0.3,0.3
2026-10-09T0700,2630A,80.1171,32.4999,阿里地区,阿里监测站,,29,8,18,3,4,92,92,NA,NA,2,7,6,5,0.3,0.3
2026-10-09T0700,3192A,80.0906,32.5029,阿里地区,阿里藏医院,,30,7,16,3,4,93,93,NA,NA,3,6,5,5,0.5,0.5
2026-10-09T0700,2644A,109.0088,32.6974,安康市,汉滨区检察院,,50,50,37,30,22,10,10,NA,NA,12,13,5,6,0.8,0.8
2026-10-09T0700,4054A,109.0324,32.6913,安康市,市邮政管理局,,50,50,46,32,26,8,8,NA,NA,11,15,6,5,0.5,0.5
2026-10-09T0700,2291A,117.0806,30.5181,安庆市,环科院,细颗粒物(PM2.5),72,54,50,46,29,40,40,NA,NA,29,22,7,9,0.8,0.6
2026-10-09T0700,2292A,117.0331,30.5118,安庆市,马山宾馆,细颗粒物(PM2.5),62,54,47,41,29,79,79,NA,NA,20,22,7,8,0.8,0.7
2026-10-09T0700,2294A,116.9897,30.6146,安庆市,安庆大学,,46,44,45,32,29,45,45,NA,NA,10,13,6,6,0.5,0.5
2026-10-09T0700,3173A,117.0598,30.5351,安庆市,市人大,细颗粒物(PM2.5),68,50,48,44,30,67,67,NA,NA,25,24,8,9,0.4,0.3
2026-10-09T0700,3123A,105.9408,26.2431,安顺市,凤凰山,,25,21,22,11,15,80,80,NA,NA,6,7,16,9,0.3,0.3
2026-10-09T0700,3124A,105.9443,26.2567,安顺市,金钟山,,29,NA,18,19,14,90,90,NA,NA,5,5,14,9,0.3,0.3
2026-10-09T0700,3125A,105.8983,26.248,安顺市,娄家坡,,24,17,31,14,15,74,74,NA,NA,5,5,15,10,0.4,0.4
2026-10-09T0700,1819A,114.3552,36.1017,安阳市,红庙街,细颗粒物(PM2.5),103,109,82,63,33,45,45,NA,NA,39,23,2,2,0.5,0.4
2026-10-09T0700,1820A,114.361,36.0681,安阳市,银杏小区,细颗粒物(PM2.5),110,132,89,71,37,32,32,NA,NA,50,26,3,5,0.5,0.5
2026-10-09T0700,3141A,114.3921,36.0879,安阳市,信访局,细颗粒物(PM2.5),103,107,83,63,38,74,74,NA,NA,35,24,6,5,0.6,0.5
2026-10-09T0700,3669A,114.4706,36.0634,安阳市,左辅环卫站,细颗粒物(PM2.5),113,141,135,74,41,45,45,NA,NA,37,27,7,8,0.9,0.8
2026-10-09T0700,4117A,114.2918,36.0769,安阳市,钢三路198号,颗粒物(PM10),100,120,82,48,32,43,43,NA,NA,22,17,7,8,0.6,0.5
2026-10-09T0700,1748A,123.0441,41.1201,鞍山市,深沟寺,,48,48,50,25,22,108,108,NA,NA,10,13,5,8,0.6,0.6
2026-10-09T0700,1749A,123.011,41.0931,鞍山市,太阳城,,46,46,51,28,25,123,123,NA,NA,11,15,10,12,0.6,0.7
2026-10-09T0700,1750A,123.0483,41.1445,鞍山市,太平,颗粒物(PM10),55,56,59,29,22,92,92,NA,NA,18,16,9,11,0.9,1
2026-10-09T0700,1751A,122.964,41.0968,鞍山市,铁西三道街,颗粒物(PM10),73,82,69,39,29,75,75,NA,NA,50,17,8,9,1.6,0.9
2026-10-09T0700,1753A,123.0219,41.0822,鞍山市,明达新区,,48,48,49,31,25,118,118,NA,NA,9,10,10,12,0.9,0.8
2026-10-09T0700,4201A,122.944647,41.082639,鞍山市,兴盛南路290号,颗粒物(PM10),69,76,67,40,31,109,109,NA,NA,29,22,13,12,2.6,1
2026-10-09T0700,2195A,107.4206,40.7609,巴彦淖尔市,附二中,"颗粒物(PM10),细颗粒物(PM2.5)",102,123,101,62,45,41,41,NA,NA,23,25,12,12,0.6,0.7
2026-10-09T0700,2196A,107.37,40.7372,巴彦淖尔市,市环保大楼,颗粒物(PM10),104,128,99,33,31,52,52,NA,NA,17,22,6,6,0.5,0.6
2026-10-09T0700,1956A,86.1476,41.7529,巴音郭楞蒙古自治州,孔雀公园,,37,37,48,7,12,1,1,NA,NA,54,31,3,3,0.2,0.2
2026-10-09T0700,1957A,86.1971,41.7166,巴音郭楞蒙古自治州,棉纺厂,颗粒物(PM10),63,68,56,16,15,3,3,NA,NA,62,27,/,/,/,/
2026-10-09T0700,1958A,86.236,41.7172,巴音郭楞蒙古自治州,经济开发区,,44,44,35,12,12,33,33,NA,NA,24,12,2,3,0.2,0.2
2026-10-09T0700,3181A,106.776805,31.852614,巴中市,市五中,,41,41,55,26,40,16,16,NA,NA,10,16,11,11,0.6,0.7
2026-10-09T0700,3183A,106.7419,31.8654,巴中市,圣泉水务公司,,43,43,50,27,36,16,16,NA,NA,7,11,12,13,0.6,0.7
2026-10-09T0700,3616A,106.7617,31.8343,巴中市,市中心医院,,50,50,66,31,42,7,7,NA,NA,15,22,10,11,0.7,0.8
2026-10-09T0700,2235A,122.7909,45.608,白城市,洮北区环保局,,18,17,27,12,11,28,28,NA,NA,10,10,6,5,0.5,0.4
2026-10-09T0700,2236A,122.8741,45.5725,白城市,市环保局,,27,27,31,12,10,25,25,NA,NA,15,13,3,4,0.3,0.3
2026-10-09T0700,2231A,126.4219,41.9172,白山市,喜丰,颗粒物(PM10),81,93,66,32,23,7,7,NA,NA,33,31,11,11,1.1,0.9
2026-10-09T0700,2232A,126.4082,41.9416,白山市,环保局,,48,48,45,25,21,9,9,NA,NA,17,18,6,6,0.6,0.6
2026-10-09T0700,2647A,104.1727,36.5448,白银市,第三小学,,37,37,50,6,15,85,85,NA,NA,3,10,3,10,0.4,0.5
2026-10-09T0700,2648A,104.1467,36.5482,白银市,动力公司,,29,28,42,6,14,92,92,NA,NA,3,8,1,5,0.3,0.4
2026-10-09T0700,2512A,106.6102,23.901,百色市,市监测站,,25,20,28,17,14,28,28,NA,NA,13,13,7,8,0.4,0.4
2026-10-09T0700,2513A,106.6524,23.8842,百色市,市中心血站,,43,31,39,30,23,24,24,NA,NA,25,20,8,13,0.2,0.3
2026-10-09T0700,4133A,106.6273,23.8798,百色市,龙景西路,,37,37,36,20,22,10,10,NA,NA,18,17,10,13,0.3,0.4
2026-10-09T0700,2270A,117.396,32.9389,蚌埠市,工人疗养院,细颗粒物(PM2.5),78,70,68,49,40,65,65,NA,NA,20,30,8,9,0.6,0.6
2026-10-09T0700,2271A,117.3606,32.9428,蚌埠市,百货大楼,颗粒物(PM10),73,82,68,46,36,41,41,NA,NA,52,36,12,13,0.7,0.7
2026-10-09T0700,2273A,117.4183,32.8909,蚌埠市,蚌埠学院,细颗粒物(PM2.5),88,61,59,54,37,56,56,NA,NA,29,24,6,8,0.4,0.4
2026-10-09T0700,2274A,117.3534,32.9672,蚌埠市,淮上区政府,细颗粒物(PM2.5),70,61,70,45,38,72,72,NA,NA,19,24,6,8,0.5,0.5
2026-10-09T0700,2275A,117.3143,32.8977,蚌埠市,高新区,细颗粒物(PM2.5),84,70,60,52,36,56,56,NA,NA,39,24,7,8,0.5,0.5
2026-10-09T0700,3715A,117.3091,32.9314,蚌埠市,蚌埠田家炳中学,细颗粒物(PM2.5),82,90,71,51,37,42,42,NA,NA,57,25,9,11,0.7,0.6
2026-10-09T0700,1585A,109.8761,40.6533,包头市,市环境监测站,颗粒物(PM10),63,68,69,38,36,13,13,NA,NA,51,43,6,11,0.8,0.8
2026-10-09T0700,1587A,109.9992,40.5843,包头市,包头八中,细颗粒物(PM2.5),98,95,83,59,44,11,11,NA,NA,80,41,13,14,0.8,0.6
2026-10-09T0700,1589A,109.8641,40.6288,包头市,惠龙物流,细颗粒物(PM2.5),74,61,64,47,40,19,19,NA,NA,59,39,12,14,1.0,0.9
2026-10-09T0700,1590A,110.0376,40.5546,包头市,东河鸿龙湾,细颗粒物(PM2.5),88,74,80,54,51,24,24,NA,NA,60,44,10,11,0.6,0.7
2026-10-09T0700,3283A,109.9154,40.5684,包头市,滨河大厦,细颗粒物(PM2.5),94,73,63,57,47,15,15,NA,NA,68,37,22,14,0.6,0.6
2026-10-09T0700,3419A,109.9449,40.6259,包头市,包头市委党校,,50,48,58,35,33,23,23,NA,NA,52,42,7,12,0.7,0.7
2026-10-09T0700,3683A,109.8332,40.6577,包头市,昆区政府,颗粒物(PM10),58,61,64,38,36,27,27,NA,NA,42,46,8,12,0.8,0.8
2026-10-09T0700,1931A,107.0802,34.3129,宝鸡市,竹园沟,,29,26,46,20,33,8,8,NA,NA,11,15,4,5,0.2,0.3
2026-10-09T0700,1933A,107.1429,34.3549,宝鸡市,监测站,,48,48,58,31,42,13,13,NA,NA,19,22,2,3,0.4,0.4
2026-10-09T0700,1934A,107.1172,34.3759,宝鸡市,技工学校,,49,42,55,34,36,28,28,NA,NA,13,17,5,6,0.7,0.7
2026-10-09T0700,1936A,107.2025,34.3518,宝鸡市,文理学院,细颗粒物(PM2.5),52,44,55,36,38,30,30,NA,NA,15,20,5,6,0.4,0.5
2026-10-09T0700,1937A,107.2396,34.3626,宝鸡市,三迪小学,细颗粒物(PM2.5),64,44,60,42,40,13,13,NA,NA,35,28,4,5,0.6,0.7
2026-10-09T0700,4155A,107.1721,34.3558,宝鸡市,滨河北路,,50,50,60,34,39,23,23,NA,NA,19,22,4,5,0.5,0.5
2026-10-09T0700,4308A,107.3898,34.3601,宝鸡市,陈仓区北开路21号,细颗粒物(PM2.5),88,68,81,54,52,8,8,NA,NA,36,37,8,9,0.7,0.7
2026-10-09T0700,1051A,115.4803,38.8568,保定市,游泳馆,细颗粒物(PM2.5),96,102,112,58,51,43,43,NA,NA,32,31,2,5,0.9,0.8
2026-10-09T0700,1052A,115.509,38.8895,保定市,华电二区,细颗粒物(PM2.5),140,119,103,104,65,34,34,NA,NA,25,34,1,5,0.7,0.8
2026-10-09T0700,1053A,115.4588,38.9037,保定市,接待中心,细颗粒物(PM2.5),146,125,107,110,84,40,40,NA,NA,25,30,3,6,0.4,0.7
2026-10-09T0700,1054A,115.4484,38.8344,保定市,地表水厂,细颗粒物(PM2.5),130,139,115,92,65,22,22,NA,NA,58,32,5,6,0.7,0.6
2026-10-09T0700,3581A,115.3136,38.9511,保定市,满城区生态环境分局,颗粒物(PM10),90,105,117,54,54,58,58,NA,NA,16,23,3,4,0.6,0.7
2026-10-09T0700,3582A,115.4709,38.7628,保定市,清苑区第二中学,细颗粒物(PM2.5),113,121,120,74,63,46,46,NA,NA,40,25,4,6,0.5,0.6
2026-10-09T0700,3696A,116.2542,39.8764,北京市,丰台小屯,细颗粒物(PM2.5),122,139,132,84,70,24,24,NA,NA,72,52,2,4,0.9,0.8
2026-10-09T0700,3697A,116.8399,40.3843,北京市,密云镇,细颗粒物(PM2.5),101,86,106,61,64,15,15,NA,NA,57,42,3,5,0.6,0.6
2026-10-09T0700,4057A,115.9423,40.4431,北京市,延庆百泉,细颗粒物(PM2.5),102,106,99,62,56,16,16,NA,NA,31,24,3,4,0.7,0.7
2026-10-09T0700,4058A,116.6598,39.9164,北京市,通州新华,细颗粒物(PM2.5),118,146,128,79,65,1,1,NA,NA,79,68,3,5,1.0,0.9
2026-10-09T0700,4182A,116.1942,39.9158,北京市,石景山八角,细颗粒物(PM2.5),128,140,135,90,72,5,5,NA,NA,99,52,2,4,0.9,0.8
2026-10-09T0700,4194A,117.078628,40.151726,北京市,平谷新城,细颗粒物(PM2.5),70,71,92,45,54,43,43,NA,NA,12,16,3,5,0.5,0.6
2026-10-09T0700,1761A,123.8274146,41.31234549,本溪市,大峪,,41,41,38,25,17,48,48,NA,NA,11,14,6,7,0.5,0.5
2026-10-09T0700,1763A,123.7169,41.3094,本溪市,彩屯,NA,NA,NA,53,NA,23,42,42,NA,NA,30,24,7,12,1.5,2.3
2026-10-09T0700,1764A,123.7672166,41.28649327,本溪市,东明,,42,38,38,29,17,59,59,NA,NA,36,16,4,5,0.9,0.7
2026-10-09T0700,1765A,123.799345,41.266614,本溪市,新立屯,,40,33,35,24,17,128,128,NA,NA,15,15,10,10,0.6,0.6
2026-10-09T0700,1766A,123.829144,41.336777,本溪市,威宁,,46,35,39,32,20,25,25,NA,NA,22,14,5,6,0.6,0.5
2026-10-09T0700,2587A,105.287,27.3133,毕节市,八中,细颗粒物(PM2.5),90,82,50,55,34,22,22,NA,NA,12,10,9,10,0.5,0.5
2026-10-09T0700,2588A,105.3079,27.2987,毕节市,师专,颗粒物(PM10),86,100,51,46,33,9,9,NA,NA,33,14,10,11,0.5,0.5
2026-10-09T0700,4263A,105.3688,27.3598,毕节市,工业大道,,49,45,49,34,32,14,14,NA,NA,16,14,7,10,/,/
2026-10-09T0700,1629A,117.9961,37.3604,滨州市,第二水厂,细颗粒物(PM2.5),130,141,113,92,58,30,30,NA,NA,60,45,16,15,0.9,0.7
2026-10-09T0700,1630A,117.9789,37.3931,滨州市,北中新校,细颗粒物(PM2.5),110,97,84,70,49,61,61,NA,NA,52,47,14,12,0.9,0.7
2026-10-09T0700,3514A,117.9379,37.3959,滨州市,中海酒店,细颗粒物(PM2.5),105,100,84,65,46,33,33,NA,NA,44,32,8,12,0.6,0.5
2026-10-09T0700,3515A,117.9381509,37.35547456,滨州市,开发区一中,细颗粒物(PM2.5),122,136,111,84,55,40,40,NA,NA,46,34,14,12,1.1,0.9
2026-10-09T0700,3516A,118.0914,37.6938,滨州市,金海六路,细颗粒物(PM2.5),107,83,85,67,46,24,24,NA,NA,33,28,15,12,0.3,0.2
2026-10-09T0700,4028A,117.9955,37.3752,滨州市,滨州市西街道办事处,细颗粒物(PM2.5),130,134,104,93,50,16,16,NA,NA,65,49,12,12,0.9,0.6
2026-10-09T0700,2311A,115.8071,33.8399,亳州市,污水处理厂,细颗粒物(PM2.5),114,104,74,75,43,55,55,NA,NA,29,28,17,16,0.5,0.4
2026-10-09T0700,2312A,115.7789,33.8519,亳州市,三国揽胜宫,细颗粒物(PM2.5),103,93,72,63,37,53,53,NA,NA,28,25,10,10,0.8,0.6
2026-10-09T0700,3332A,115.7631,33.803,亳州市,亳州学院,细颗粒物(PM2.5),103,101,66,63,34,71,71,NA,NA,26,20,10,8,0.9,0.5
2026-10-09T0700,2693A,82.0482,44.8553,博尔塔拉蒙古自治州,市党校,颗粒物(PM10),71,79,76,20,15,17,17,NA,NA,22,19,15,9,0.4,0.4
2026-10-09T0700,2694A,82.0805,44.8966,博尔塔拉蒙古自治州,市环保局,,50,50,63,12,9,19,19,NA,NA,16,19,11,8,0.3,0.3
2026-10-09T0700,1071A,116.8733,38.2922,沧州市,沧县城建局,细颗粒物(PM2.5),118,125,86,79,45,69,69,NA,NA,34,16,14,9,0.5,0.4
2026-10-09T0700,1072A,116.8462,38.3189,沧州市,电视转播站,细颗粒物(PM2.5),141,132,81,105,50,75,75,NA,NA,31,20,13,11,0.3,0.2
2026-10-09T0700,1073A,116.8588,38.3161,沧州市,市环保局,细颗粒物(PM2.5),118,112,96,79,47,83,83,NA,NA,25,19,10,7,0.4,0.3
2026-10-09T0700,3324A,116.8011,38.294,沧州市,河北水利电力学院,细颗粒物(PM2.5),120,132,121,81,48,81,81,NA,NA,27,23,13,11,0.5,0.3
2026-10-09T0700,2622A,97.1813,31.1289,昌都市,昌都监测站,,12,NA,14,3,7,38,38,NA,NA,7,14,3,4,0.2,0.3
2026-10-09T0700,3719A,97.1707,31.1428,昌都市,昌都会议中心,,15,7,12,3,7,47,47,NA,NA,4,7,3,3,0.3,0.3
2026-10-09T0700,2692A,87.2722,44.0298,昌吉回族自治州,新区政务中心,NA,NA,55,38,18,15,4,4,NA,NA,NA,25,10,9,1.0,0.4
2026-10-09T0700,3613A,87.3069,44.0093,昌吉回族自治州,亚心广场,颗粒物(PM10),58,61,54,6,13,48,48,NA,NA,18,26,12,10,0.9,0.4
2026-10-09T0700,4164A,87.2057,43.9289,昌吉回族自治州,财政所,颗粒物(PM10),63,68,57,20,12,33,33,NA,NA,8,17,7,9,0.4,0.5
2026-10-09T0700,1120A,125.2874,43.9024,长春市,客车厂,颗粒物(PM10),63,68,63,41,29,25,25,NA,NA,34,23,6,7,0.6,0.5
2026-10-09T0700,1121A,125.2943,43.8508,长春市,邮电学院,细颗粒物(PM2.5),56,45,54,38,28,8,8,NA,NA,19,16,5,7,0.4,0.5
2026-10-09T0700,1122A,125.3648,43.8745,长春市,劳动公园,颗粒物(PM10),60,63,56,36,28,5,5,NA,NA,36,22,6,8,0.7,0.6
2026-10-09T0700,1123A,125.3233,43.8781,长春市,园林处,细颗粒物(PM2.5),66,63,56,43,29,20,20,NA,NA,28,17,7,9,0.8,0.7
2026-10-09T0700,1124A,125.4604,43.7904,长春市,净月潭,,48,43,47,33,29,22,22,NA,NA,14,14,8,9,0.4,0.5
2026-10-09T0700,1126A,125.38,43.8422,长春市,经开区环卫处,颗粒物(PM10),64,69,56,40,28,14,14,NA,NA,34,21,10,11,0.6,0.6
2026-10-09T0700,1127A,125.234,43.7761,长春市,高新区管委会,细颗粒物(PM2.5),64,63,55,42,29,20,20,NA,NA,24,20,9,10,0.7,0.6
2026-10-09T0700,1128A,125.1695,43.83,长春市,岱山公园,细颗粒物(PM2.5),64,64,59,42,30,13,13,NA,NA,39,24,4,6,0.8,0.8
2026-10-09T0700,4281A,125.334645,43.916281,长春市,北亚泰大街1068号,颗粒物(PM10),65,70,58,38,31,4,4,NA,NA,46,24,9,9,0.6,0.5
2026-10-09T0700,1335A,113.082,28.2421,长沙市,经开区环保局,,48,38,43,33,26,48,48,NA,NA,21,18,6,7,0.4,0.5
2026-10-09T0700,1336A,112.8873,28.2202,长沙市,高开区环保局,细颗粒物(PM2.5),60,58,51,40,31,6,6,NA,NA,58,35,6,7,0.8,0.8
2026-10-09T0700,1337A,113.0785,28.2012,长沙市,马坡岭,颗粒物(PM10),52,52,49,35,29,11,11,NA,NA,39,23,8,9,0.5,0.4
2026-10-09T0700,1338A,112.9448,28.1894,长沙市,湖南师范大学,细颗粒物(PM2.5),62,51,47,41,27,27,27,NA,NA,35,22,6,6,0.7,0.6
2026-10-09T0700,1339A,113.0177,28.1322,长沙市,雨花区环保局,颗粒物(PM10),55,56,50,30,26,36,36,NA,NA,38,35,8,9,0.6,0.6
2026-10-09T0700,1340A,112.9795,28.2593,长沙市,伍家岭,细颗粒物(PM2.5),64,58,58,42,34,6,6,NA,NA,36,27,5,6,0.4,0.4
2026-10-09T0700,1341A,113.002,28.1944,长沙市,火车新站,,46,46,49,26,27,44,44,NA,NA,37,26,4,6,0.7,0.7
2026-10-09T0700,1342A,112.9846,28.1177,长沙市,天心区环保局,颗粒物(PM10),52,52,49,32,30,56,56,NA,NA,37,31,6,6,1.1,0.9
2026-10-09T0700,1343A,112.8906,28.1307,长沙市,湖南中医药大学,颗粒物(PM10),57,59,51,38,30,3,3,NA,NA,43,32,9,9,0.9,0.9
2026-10-09T0700,1727A,113.1146,36.1547,长治市,清华站,细颗粒物(PM2.5),68,55,45,44,22,32,32,NA,NA,25,14,10,11,0.6,0.5
2026-10-09T0700,1730A,113.0887,36.2126,长治市,审计局,细颗粒物(PM2.5),76,65,44,48,27,19,19,NA,NA,41,21,12,13,0.6,0.6
2026-10-09T0700,1731A,113.0845,36.1856,长治市,长治八中,细颗粒物(PM2.5),76,77,59,48,26,24,24,NA,NA,32,19,12,14,0.8,0.7
2026-10-09T0700,2845A,113.1561,36.1912,长治市,德盛苑,,36,36,41,25,23,75,75,NA,NA,16,14,12,13,0.7,0.7
2026-10-09T0700,3568A,113.0603,36.0464,长治市,向阳小学,颗粒物(PM10),63,68,64,27,23,56,56,NA,NA,12,12,7,10,0.3,0.3
2026-10-09T0700,3569A,112.8788,36.315,长治市,屯留一中,,40,40,39,18,19,52,52,NA,NA,15,14,12,14,0.4,0.4
2026-10-09T0700,4189A,113.113092,36.199482,长治市,英华南巷50号,细颗粒物(PM2.5),70,60,46,45,24,14,14,NA,NA,40,19,11,12,0.9,0.7
2026-10-09T0700,4190A,113.23666,36.33435,长治市,学府街1号,颗粒物(PM10),57,59,70,38,30,33,33,NA,NA,19,10,8,11,1.2,0.9
2026-10-09T0700,1854A,111.696,28.9725,常德市,市二中,细颗粒物(PM2.5),78,58,56,49,43,20,20,NA,NA,14,30,9,12,0.8,0.7
2026-10-09T0700,3138A,111.7152,29.0288,常德市,武陵区永安,细颗粒物(PM2.5),80,66,60,50,39,62,62,NA,NA,15,18,31,14,1.0,1
2026-10-09T0700,3139A,111.6891,28.9881,常德市,鼎城区玉霞,细颗粒物(PM2.5),92,79,64,56,41,11,11,NA,NA,16,17,10,13,1.0,0.9
2026-10-09T0700,3140A,111.6651,29.0526,常德市,武陵区长庚,细颗粒物(PM2.5),104,76,63,64,40,40,40,NA,NA,18,17,17,13,0.9,0.8
2026-10-09T0700,1196A,119.9524,31.7586,常州市,市监测站,细颗粒物(PM2.5),106,108,84,66,48,43,43,NA,NA,59,48,8,9,0.7,0.7
2026-10-09T0700,1200A,119.9351,31.703,常州市,武进监测站,细颗粒物(PM2.5),111,129,87,72,51,49,49,NA,NA,55,45,11,14,1.4,0.9
2026-10-09T0700,3002A,119.9701,31.813,常州市,行政中心,细颗粒物(PM2.5),104,91,83,64,48,62,62,NA,NA,44,37,9,10,0.6,0.7
2026-10-09T0700,3003A,120.0434,31.7726,常州市,经开区,细颗粒物(PM2.5),107,117,90,67,46,52,52,NA,NA,48,45,15,15,0.8,0.9
2026-10-09T0700,3010A,119.8919,31.7892,常州市,钟楼,细颗粒物(PM2.5),100,100,84,60,44,43,43,NA,NA,53,38,12,13,0.7,0.7
2026-10-09T0700,3429A,119.8595,31.706,常州市,武进经发区,细颗粒物(PM2.5),110,91,89,71,60,61,61,NA,NA,53,63,10,13,0.9,0.8
2026-10-09T0700,3430A,119.5812,31.7256,常州市,金坛城区,细颗粒物(PM2.5),96,63,42,58,53,65,65,NA,NA,42,33,8,10,0.8,0.8
2026-10-09T0700,4089A,119.9551,31.863,常州市,崇义南街5-H号,细颗粒物(PM2.5),104,106,86,64,47,33,33,NA,NA,49,33,10,11,0.7,0.7
2026-10-09T0700,2220A,120.4318,41.588,朝阳市,西梁,颗粒物(PM10),52,52,61,28,24,25,25,NA,NA,26,19,9,10,0.6,0.7
2026-10-09T0700,2221A,120.452,41.565,朝阳市,河畔小区,,44,44,56,28,22,32,32,NA,NA,19,17,10,11,0.7,0.8
2026-10-09T0700,2222A,120.4176,41.5648,朝阳市,八里堡,颗粒物(PM10),61,65,71,26,26,19,19,NA,NA,33,23,11,12,0.8,0.9
2026-10-09T0700,3026A,116.6179,23.6608,潮州市,市政府,,32,31,35,22,17,53,53,NA,NA,10,10,7,7,0.6,0.5
2026-10-09T0700,4036A,116.646,23.676,潮州市,金山,,28,21,31,19,18,36,36,NA,NA,11,10,4,4,0.5,0.5
2026-10-09T0700,2473A,113.0116,25.8228,郴州市,市职中,细颗粒物(PM2.5),72,NA,40,46,31,9,9,NA,NA,27,21,8,10,0.9,0.6
2026-10-09T0700,2475A,113.0381,25.8074,郴州市,市审计局,细颗粒物(PM2.5),56,47,45,38,30,9,9,NA,NA,24,22,11,11,/,/
2026-10-09T0700,2476A,113.0348,25.7757,郴州市,市环保局,,48,39,40,33,28,3,3,NA,NA,28,21,7,10,0.6,0.6
2026-10-09T0700,4252A,113.0138,25.8011,郴州市,好美居路49号,,33,33,39,19,24,8,8,NA,NA,20,20,8,12,/,/
2026-10-09T0700,1431A,103.9727,30.7242,成都市,金泉两河,细颗粒物(PM2.5),104,71,72,64,51,24,24,NA,NA,18,19,4,3,0.5,0.5
2026-10-09T0700,1432A,104.1423,30.6765,成都市,十里店,细颗粒物(PM2.5),114,103,81,75,51,13,13,NA,NA,35,24,8,8,0.9,0.8
2026-10-09T0700,1433A,104.0594,30.5765,成都市,三瓦窑,细颗粒物(PM2.5),120,91,85,81,60,13,13,NA,NA,40,42,8,9,0.6,0.6
2026-10-09T0700,1434A,104.1122,30.6306,成都市,沙河铺,细颗粒物(PM2.5),110,86,87,71,57,15,15,NA,NA,33,32,8,9,0.9,0.8
2026-10-09T0700,2880A,104.0219,30.6561,成都市,大石西路,细颗粒物(PM2.5),126,113,85,88,57,18,18,NA,NA,26,25,6,6,0.6,0.5
2026-10-09T0700,3136A,104.2724,30.559,成都市,龙泉驿区区政府,细颗粒物(PM2.5),88,68,70,54,49,29,29,NA,NA,21,19,5,5,0.9,0.9
2026-10-09T0700,3357A,104.0028,30.6891,成都市,金博路,细颗粒物(PM2.5),103,73,70,63,52,4,4,NA,NA,43,31,4,4,0.9,0.9
2026-10-09T0700,3359A,104.056,30.5228,成都市,华阳,细颗粒物(PM2.5),109,80,86,69,64,10,10,NA,NA,24,25,2,3,0.9,0.9
2026-10-09T0700,3488A,104.387954,30.746684,成都市,青白江技师分院,细颗粒物(PM2.5),102,81,70,62,49,9,9,NA,NA,33,25,4,4,1.0,1
2026-10-09T0700,3489A,104.0788,30.4054,成都市,科学城,细颗粒物(PM2.5),107,97,92,67,68,20,20,NA,NA,21,27,8,9,0.9,1
2026-10-09T0700,4011A,103.8505,30.6946,成都市,光华大道三段,细颗粒物(PM2.5),70,70,72,45,48,11,11,NA,NA,20,18,4,5,1.0,1
2026-10-09T0700,4144A,104.3257,30.6406,成都市,八角井街185号,细颗粒物(PM2.5),103,80,76,63,48,19,19,NA,NA,23,20,7,8,0.9,0.9
2026-10-09T0700,4224A,104.2433276,30.53529463,成都市,鲸龙路1057号,细颗粒物(PM2.5),108,89,82,68,58,17,17,NA,NA,28,29,9,10,1.1,1
2026-10-09T0700,1062A,117.9531,40.908,承德市,铁路,颗粒物(PM10),63,67,64,34,30,32,32,NA,NA,25,24,7,9,0.5,0.5
2026-10-09T0700,1063A,117.9397,40.9763,承德市,中国银行,颗粒物(PM10),57,59,53,32,25,12,12,NA,NA,22,17,6,8,0.5,0.5
2026-10-09T0700,4073A,117.9462,40.95,承德市,杏林街1号,细颗粒物(PM2.5),66,56,59,43,37,34,34,NA,NA,16,15,5,7,0.5,0.5
2026-10-09T0700,4274A,117.7994,40.9605,承德市,滨河大街98号,细颗粒物(PM2.5),62,60,61,41,31,33,33,NA,NA,11,16,8,11,0.1,0.3
2026-10-09T0700,2314A,117.4698,30.6617,池州市,池州学院,,42,42,41,29,27,29,29,NA,NA,33,24,5,6,1.5,0.6
2026-10-09T0700,3237A,117.4918,30.6617,池州市,展览馆,,36,36,38,25,23,11,11,NA,NA,31,25,4,4,1.1,0.6
2026-10-09T0700,3333A,117.5626,30.695,池州市,第八中学,颗粒物(PM10),63,67,47,40,28,46,46,NA,NA,16,17,6,7,0.7,0.6
2026-10-09T0700,3334A,117.5037,30.6242,池州市,第十二中学,,46,46,43,29,24,11,11,NA,NA,42,33,5,5,1.8,0.8
2026-10-09T0700,1744A,118.9229,42.2816,赤峰市,松山一中,,38,35,39,26,21,28,28,NA,NA,23,18,10,11,0.5,0.5
2026-10-09T0700,1745A,118.9588,42.2733,赤峰市,哈达街,,33,33,40,18,20,22,22,NA,NA,27,22,8,9,0.7,0.7
2026-10-09T0700,1746A,118.8792,42.2551,赤峰市,天义路,,39,30,37,27,20,13,13,NA,NA,30,19,4,4,0.5,0.4
2026-10-09T0700,3058A,119.2656,42.0356,赤峰市,银河街,,46,46,60,13,27,24,24,NA,NA,34,22,9,12,0.8,0.8
2026-10-09T0700,3286A,118.9359,42.3146,赤峰市,桥北物流园区,,35,28,35,24,20,23,23,NA,NA,26,21,4,4,0.6,0.6
2026-10-09T0700,2521A,107.3473,22.4137,崇左市,市环保局江州分局,,42,NA,39,29,22,36,36,NA,NA,13,14,3,5,0.7,0.7
2026-10-09T0700,4256A,107.375,22.3736,崇左市,石景林东路7号,,35,26,35,24,23,30,30,NA,NA,15,15,1,3,0.5,0.6
2026-10-09T0700,3207A,118.31131,32.3033,滁州市,市政府原办公楼,细颗粒物(PM2.5),98,67,63,59,52,39,39,NA,NA,33,30,7,10,0.5,0.5
2026-10-09T0700,3331A,118.3268,32.2633,滁州市,图书馆,细颗粒物(PM2.5),84,57,59,52,40,33,33,NA,NA,33,30,8,9,0.6,0.6
2026-10-09T0700,4101A,118.3196,32.3335,滁州市,银山路666号,细颗粒物(PM2.5),66,64,70,43,42,14,14,NA,NA,29,28,4,7,0.6,0.6
2026-10-09T0700,4102A,118.3426,32.2979,滁州市,黄山路555号,细颗粒物(PM2.5),82,76,77,51,43,33,33,NA,NA,30,27,9,11,0.7,0.7
2026-10-09T0700,2606A,101.5379,25.0492,楚雄彝族自治州,市经济开发区,,18,18,19,10,14,1,1,NA,NA,21,15,2,2,0.6,0.6
2026-10-09T0700,4153A,101.5536,25.0343,楚雄彝族自治州,团结路562号,,26,18,18,18,13,1,1,NA,NA,23,12,5,4,0.4,0.4
2026-10-09T0700,2549A,107.5087,31.2186,达州市,市环境监测站,颗粒物(PM10),56,58,52,28,29,5,5,NA,NA,22,29,10,7,0.4,0.5
2026-10-09T0700,2550A,107.4988,31.2132,达州市,凤凰小区,,48,48,50,29,29,6,6,NA,NA,23,28,16,7,0.5,0.5
2026-10-09T0700,2551A,107.5081,31.1987,达州市,达县机关宾馆,颗粒物(PM10),51,51,55,29,30,5,5,NA,NA,30,33,8,6,0.3,0.4
2026-10-09T0700,2552A,107.4644,31.2124,达州市,市政中心,颗粒物(PM10),60,64,64,30,30,5,5,NA,NA,27,34,8,6,0.5,0.5
2026-10-09T0700,2614A,100.2168,25.5818,大理白族自治州,大理市环境监测站,,20,17,14,14,12,52,52,NA,NA,5,7,6,6,0.3,0.2
2026-10-09T0700,2615A,100.1542,25.7055,大理白族自治州,大理古城,,15,NA,17,10,11,39,39,NA,NA,11,11,7,7,0.7,0.7
2026-10-09T0700,1109A,121.6119,38.974,大连市,甘井子,,32,32,43,12,19,71,71,NA,NA,18,22,4,5,0.7,0.7
2026-10-09T0700,1110A,121.565,38.9509,大连市,周水子,,32,32,35,16,20,33,33,NA,NA,56,21,6,5,0.5,0.5
2026-10-09T0700,1111A,121.5637,38.8849,大连市,星海三站,,27,27,29,11,17,68,68,NA,NA,20,18,7,6,0.5,0.6
2026-10-09T0700,1112A,121.6301,38.9117,大连市,青泥洼桥,,25,19,30,8,15,77,77,NA,NA,16,16,6,7,0.6,0.7
2026-10-09T0700,1113A,121.6248,38.8643,大连市,傅家庄,,26,21,25,3,11,82,82,NA,NA,13,11,7,7,0.5,0.5
2026-10-09T0700,1114A,121.5117,38.8636,大连市,七贤岭,,26,25,40,8,16,83,83,NA,NA,16,17,7,8,0.7,0.8
2026-10-09T0700,1116A,121.7507,39.1339,大连市,金州,,48,48,38,23,20,70,70,NA,NA,18,19,9,11,0.7,0.7
2026-10-09T0700,1117A,121.7811,39.0495,大连市,开发区,,29,29,34,18,20,35,35,NA,NA,50,19,2,6,0.7,0.6
2026-10-09T0700,1118A,121.9762,39.0631,大连市,双D港,,24,14,24,3,11,74,74,NA,NA,13,12,6,7,0.8,0.7
2026-10-09T0700,4082A,121.2548,38.8188,大连市,旅顺,,29,29,34,20,20,39,39,NA,NA,15,15,7,8,0.6,0.7
2026-10-09T0700,1789A,124.8085,46.0381,大庆市,大同区,,35,35,35,14,9,35,35,NA,NA,19,14,6,6,0.2,0.2
2026-10-09T0700,1790A,125.1166,46.5255,大庆市,龙凤区,,34,34,35,16,14,34,34,NA,NA,15,11,8,14,0.3,0.2
2026-10-09T0700,1791A,124.8894,46.4007,大庆市,红岗区,,41,41,36,7,8,18,18,NA,NA,29,19,5,5,0.4,0.3
2026-10-09T0700,1792A,125.1391,46.578,大庆市,萨尔图区,,17,17,26,6,6,30,30,NA,NA,16,7,10,8,0.4,0.4
2026-10-09T0700,1793A,124.9026,46.6217,大庆市,让胡路区,,29,29,33,6,6,22,22,NA,NA,25,16,4,4,0.4,0.3
2026-10-09T0700,3481A,125.127,46.6277,大庆市,萨区政府监测点,,15,14,18,10,6,36,36,NA,NA,15,5,8,7,0.5,0.4
2026-10-09T0700,1723A,113.2926,40.0759,大同市,云冈宾馆,颗粒物(PM10),72,80,77,27,29,14,14,NA,NA,50,52,16,14,0.8,0.9
2026-10-09T0700,1724A,113.3437,40.0921,大同市,大同大学,颗粒物(PM10),60,63,63,25,24,44,44,NA,NA,35,28,22,15,0.6,0.6
2026-10-09T0700,1725A,113.2637,40.129,大同市,安家小村,颗粒物(PM10),60,64,67,32,25,20,20,NA,NA,37,28,6,10,0.6,0.5
2026-10-09T0700,3282A,113.3399,40.0586,大同市,大同市卫生学校,颗粒物(PM10),63,67,66,26,25,31,31,NA,NA,45,39,17,15,0.6,0.6
2026-10-09T0700,3565A,113.1371,40.1122,大同市,云冈站,颗粒物(PM10),53,54,71,29,24,22,22,NA,NA,19,18,10,11,0.5,0.4
2026-10-09T0700,3566A,113.1186,40.2556,大同市,图书馆,,42,42,54,21,21,21,21,NA,NA,9,15,8,12,0.7,0.8
2026-10-09T0700,3567A,113.5931,40.0459,大同市,区一中,,44,44,57,27,26,70,70,NA,NA,10,18,8,13,0.8,0.8
2026-10-09T0700,4199A,113.2798248,40.09972476,大同市,魏都大道141号,颗粒物(PM10),83,95,83,37,33,5,5,NA,NA,56,53,12,13,0.9,0.7
2026-10-09T0700,2269A,124.1068,50.4091,大兴安岭地区,科技局,,18,14,26,12,7,20,20,NA,NA,8,8,4,4,0.5,0.5
2026-10-09T0700,3663A,124.117,50.4279,大兴安岭地区,红旗社区,,18,17,19,12,12,15,15,NA,NA,18,16,3,3,0.6,0.5
2026-10-09T0700,1600A,124.33,40.0625,丹东市,江湾东路,,29,26,36,20,17,50,50,NA,NA,9,11,9,9,0.7,0.7
2026-10-09T0700,1601A,124.4242,40.1513,丹东市,临江后街,,38,32,28,26,17,31,31,NA,NA,15,9,4,5,0.7,0.8
2026-10-09T0700,1602A,124.3935,40.1461,丹东市,元宝山,,34,34,30,23,16,13,13,NA,NA,16,8,8,9,0.7,0.7
2026-10-09T0700,1603A,124.3634,40.1093,丹东市,民主桥,,34,34,39,20,20,37,37,NA,NA,17,17,8,7,0.2,0.3
2026-10-09T0700,3541A,109.5726195,19.51688767,儋州市,第一中学子站,,26,10,27,3,12,82,82,NA,NA,2,3,3,2,0.5,0.6
2026-10-09T0700,3542A,109.5567,19.5187,儋州市,东坡学校子站,,29,13,29,3,12,91,91,NA,NA,3,4,4,4,0.4,0.5
2026-10-09T0700,2616A,98.5611,24.4273,德宏傣族景颇族自治州,德宏州监测站,,19,17,19,13,16,20,20,NA,NA,13,12,6,7,0.8,0.8
2026-10-09T0700,3677A,98.5887,24.4366,德宏傣族景颇族自治州,芒市人民政府综合楼,,35,35,37,12,16,15,15,NA,NA,10,10,5,6,0.6,0.5
2026-10-09T0700,1901A,104.424,31.1209,德阳市,东山公园,细颗粒物(PM2.5),127,NA,52,89,51,22,22,NA,NA,16,13,6,8,1.1,1
2026-10-09T0700,1902A,104.3827,31.1318,德阳市,西小区,细颗粒物(PM2.5),117,93,79,78,53,22,22,NA,NA,28,25,12,12,0.8,0.6
2026-10-09T0700,1904A,104.3553,31.1091,德阳市,耐火材料厂,细颗粒物(PM2.5),120,94,81,82,56,6,6,NA,NA,27,20,9,6,1.1,1
2026-10-09T0700,4145A,104.4144,31.1495,德阳市,市林业局,细颗粒物(PM2.5),118,93,71,79,52,10,10,NA,NA,32,31,15,14,1.0,0.9
2026-10-09T0700,1622A,116.3034,37.4675,德州市,儿童乐园,细颗粒物(PM2.5),102,97,107,62,48,95,95,NA,NA,25,20,16,14,0.7,0.5
2026-10-09T0700,1624A,116.2992,37.4449,德州市,监理站,细颗粒物(PM2.5),98,97,106,59,46,100,100,NA,NA,23,19,15,13,1.0,0.8
2026-10-09T0700,3066A,116.2722,37.438,德州市,九衢泉纯净水厂,细颗粒物(PM2.5),108,110,107,68,49,81,81,NA,NA,34,37,16,15,0.6,0.4
2026-10-09T0700,3371A,116.3693,37.44,德州市,开发区人民医院,细颗粒物(PM2.5),106,102,105,66,46,72,72,NA,NA,31,22,14,14,0.6,0.5
2026-10-09T0700,3511A,116.5687,37.3331,德州市,陵城艺术中心,细颗粒物(PM2.5),74,80,98,47,39,99,99,NA,NA,23,18,6,7,0.5,0.5
2026-10-09T0700,4292A,116.352738,37.420875,德州市,新河东路,细颗粒物(PM2.5),104,92,97,64,46,74,74,NA,NA,34,26,12,12,0.8,0.6
2026-10-09T0700,2621A,99.7054,27.8319,迪庆藏族自治州,迪庆州站,,14,14,20,8,9,20,20,NA,NA,8,10,7,8,0.4,0.4
2026-10-09T0700,3180A,99.7122,27.8129,迪庆藏族自治州,质量技术监督局,,12,12,16,8,8,20,20,NA,NA,9,10,7,8,0.4,0.4
2026-10-09T0700,4257A,104.6092,35.5962,定西市,将台街,颗粒物(PM10),77,87,65,24,19,4,4,NA,NA,37,22,7,7,0.3,0.3
2026-10-09T0700,4309A,104.6159,35.5701,定西市,正龙路62号,颗粒物(PM10),60,64,55,27,18,21,21,NA,NA,10,10,4,4,0.3,0.3
2026-10-09T0700,4071A,114.9883,38.5232,定州市,交通局,细颗粒物(PM2.5),128,156,116,90,47,8,8,NA,NA,63,23,4,7,0.7,0.6
2026-10-09T0700,4072A,115.0045,38.5136,定州市,第五中学,细颗粒物(PM2.5),126,147,113,88,49,7,7,NA,NA,69,32,3,6,0.6,0.5
2026-10-09T0700,1390A,113.7943,23.0132,东莞市,东城石井,,42,34,36,29,28,47,47,NA,NA,23,15,12,9,0.7,0.7
2026-10-09T0700,1391A,113.7384,22.9659,东莞市,南城西平,颗粒物(PM10),60,64,52,33,29,17,17,NA,NA,55,31,11,11,0.9,0.9
2026-10-09T0700,3319A,113.7283,23.041,东莞市,万江金泰,,44,44,44,29,30,59,59,NA,NA,20,18,15,9,0.7,0.8
2026-10-09T0700,4129A,113.8666,23.1062,东莞市,裕兴路,颗粒物(PM10),55,56,60,25,29,55,55,NA,NA,24,22,15,16,0.7,0.7
2026-10-09T0700,4130A,114.0076,22.9739,东莞市,教育路1号,,42,42,50,17,25,69,69,NA,NA,28,24,14,14,0.6,0.7
2026-10-09T0700,4131A,113.7981,22.8124,东莞市,长怡路1号,,38,38,52,13,26,70,70,NA,NA,20,20,8,7,0.6,0.6
2026-10-09T0700,1666A,118.6612,37.4313,东营市,市环保局,颗粒物(PM10),53,53,55,29,23,28,28,NA,NA,26,21,25,12,0.9,0.6
2026-10-09T0700,3036A,118.6903,37.4337,东营市,开发区管委会,颗粒物(PM10),53,54,63,30,26,53,53,NA,NA,24,20,15,11,0.8,0.6
2026-10-09T0700,3365A,118.5721,37.5654,东营市,垦利区民丰路,,46,46,55,30,26,35,35,NA,NA,30,24,6,8,0.5,0.3
2026-10-09T0700,3498A,118.5063,37.8606,东营市,河口城区,颗粒物(PM10),60,63,67,39,28,37,37,NA,NA,28,19,6,9,0.9,0.7
2026-10-09T0700,3646A,118.4979,37.4623,东营市,胜利站,细颗粒物(PM2.5),58,NA,60,39,19,31,31,NA,NA,33,30,9,12,0.4,0.4
2026-10-09T0700,3734A,118.5753,37.4405,东营市,理想之城,颗粒物(PM10),53,53,55,26,22,27,27,NA,NA,27,22,9,14,0.9,0.8
2026-10-09T0700,1591A,110.0024,39.8127,鄂尔多斯市,综合楼,,36,36,46,18,19,80,80,NA,NA,20,19,10,11,0.5,0.5
2026-10-09T0700,1592A,109.9485,39.8259,鄂尔多斯市,巴音孟克林场办事处,NA,NA,44,41,NA,NA,90,90,NA,NA,17,17,24,8,0.9,0.6
2026-10-09T0700,1593A,109.7734,39.5987,鄂尔多斯市,康泽苑,,34,34,36,10,15,38,38,NA,NA,17,18,3,5,0.4,0.4
2026-10-09T0700,1594A,109.8121,39.5987,鄂尔多斯市,华泰汽车城,,36,36,39,22,17,8,8,NA,NA,28,26,2,6,0.6,0.5
2026-10-09T0700,1595A,109.9734,39.7884,鄂尔多斯市,奥林花园,,46,46,48,21,19,37,37,NA,NA,51,28,5,7,0.4,0.4
2026-10-09T0700,2436A,114.894,30.3989,鄂州市,市政府,细颗粒物(PM2.5),82,62,56,51,33,20,20,NA,NA,55,25,32,14,0.5,0.4
2026-10-09T0700,2437A,114.8986,30.3714,鄂州市,赵家坝,细颗粒物(PM2.5),72,63,55,46,38,23,23,NA,NA,54,27,14,12,0.6,0.7
2026-10-09T0700,3654A,114.8093,30.4091,鄂州市,精准医疗中心,细颗粒物(PM2.5),90,69,55,55,35,29,29,NA,NA,36,34,6,8,0.6,0.7
2026-10-09T0700,2454A,109.4978,30.2979,恩施土家族苗族自治州,湖北民院,,49,43,46,34,32,12,12,NA,NA,11,13,3,3,0.6,0.6
2026-10-09T0700,3549A,109.5061,30.3771,恩施土家族苗族自治州,龙凤新区,,33,33,40,22,26,14,14,NA,NA,3,7,5,5,0.5,0.5
2026-10-09T0700,2499A,108.3411,21.6159,防城港市,沙万,,38,30,53,26,29,80,80,NA,NA,12,16,7,8,0.7,0.7
2026-10-09T0700,2500A,108.3515,21.7733,防城港市,防城档案局,颗粒物(PM10),52,52,54,24,29,80,80,NA,NA,11,13,7,7,0.6,0.7
2026-10-09T0700,2501A,108.3506,21.6414,防城港市,大海花园,,43,31,45,30,31,94,94,NA,NA,9,10,8,9,0.7,0.8
2026-10-09T0700,1371A,113.1293,23.0065,佛山市,湾梁,颗粒物(PM10),56,58,43,36,30,30,30,NA,NA,48,35,/,/,/,/
2026-10-09T0700,1372A,113.1082,23.0477,佛山市,华材职中,颗粒物(PM10),53,53,41,33,29,33,33,NA,NA,46,27,6,3,0.8,0.7
2026-10-09T0700,1373A,113.1439,23.045,佛山市,南海气象局,颗粒物(PM10),56,58,44,36,29,18,18,NA,NA,59,31,/,/,/,/
2026-10-09T0700,1374A,113.2879,22.8094,佛山市,顺德苏岗,,48,48,52,25,37,47,47,NA,NA,33,32,/,/,0.5,0.6
2026-10-09T0700,1376A,112.8384,22.8678,佛山市,高明孔堂,细颗粒物(PM2.5),90,75,55,55,36,17,17,NA,NA,43,24,/,/,/,/
2026-10-09T0700,1377A,112.8835,23.1584,佛山市,三水监测站,细颗粒物(PM2.5),84,58,59,52,39,21,21,NA,NA,38,33,12,7,0.6,0.6
2026-10-09T0700,1378A,112.8668,23.185,佛山市,三水云东海,细颗粒物(PM2.5),62,54,49,41,33,20,20,NA,NA,24,27,/,/,/,/
2026-10-09T0700,3625A,113.2568,22.7629,佛山市,容桂街道办,,44,44,46,26,31,48,48,NA,NA,23,15,/,/,/,/
2026-10-09T0700,1282A,119.2681,26.0506,福州市,师大,,31,31,31,17,11,63,63,NA,NA,12,8,7,6,0.5,0.4
2026-10-09T0700,1283A,119.2983,26.1028,福州市,五四北路,,26,26,28,11,10,80,80,NA,NA,13,12,6,5,0.5,0.4
2026-10-09T0700,1284A,119.2648,26.0769,福州市,杨桥西路,,31,31,31,13,10,61,61,NA,NA,13,10,5,4,/,/
2026-10-09T0700,3048A,119.5799,26.0937,福州市,九龙,,32,22,24,9,8,100,100,NA,NA,6,6,8,7,0.5,0.4
2026-10-09T0700,3526A,119.5188,25.9666,福州市,吴航,,34,34,24,15,9,75,75,NA,NA,14,4,10,9,0.7,0.5
2026-10-09T0700,4104A,119.3106,26.0648,福州市,路通桥巷6号,,27,27,27,17,12,71,71,NA,NA,10,6,/,/,/,/
2026-10-09T0700,1755A,123.7974,41.8494,抚顺市,望花区,细颗粒物(PM2.5),56,49,71,38,29,14,14,NA,NA,50,31,7,13,0.8,0.8
2026-10-09T0700,1756A,123.9161,41.8827,抚顺市,顺城区,细颗粒物(PM2.5),58,42,67,39,32,8,8,NA,NA,46,41,12,15,0.9,1
2026-10-09T0700,1757A,124.0437,41.8615,抚顺市,东洲区,细颗粒物(PM2.5),52,NA,55,36,29,44,44,NA,NA,15,22,9,13,0.9,0.8
2026-10-09T0700,1758A,123.9246,41.8638,抚顺市,新抚区,,49,46,69,34,28,6,6,NA,NA,38,31,8,11,0.7,0.6
2026-10-09T0700,1759A,124.0972,41.8961,抚顺市,大伙房水库,,42,32,37,29,21,92,92,NA,NA,12,15,9,10,0.6,0.6
2026-10-09T0700,1760A,123.708,41.8386,抚顺市,沈抚新城,细颗粒物(PM2.5),58,51,67,39,25,16,16,NA,NA,35,25,11,14,1.1,0.9
2026-10-09T0700,2377A,116.3544,27.9833,抚州市,市站,细颗粒物(PM2.5),72,57,44,46,26,38,38,NA,NA,14,8,23,7,0.6,0.6
2026-10-09T0700,2378A,116.3562,27.9631,抚州市,血防站,,45,45,44,29,27,29,29,NA,NA,16,14,6,6,0.5,0.5
2026-10-09T0700,2379A,116.3561,28.0007,抚州市,采茶剧团,细颗粒物(PM2.5),72,67,46,46,27,61,61,NA,NA,10,7,26,6,0.6,0.5
2026-10-09T0700,2380A,116.3854,27.9648,抚州市,医学分院,细颗粒物(PM2.5),56,56,42,38,27,32,32,NA,NA,14,9,5,4,0.8,0.7
2026-10-09T0700,2207A,121.6095,41.9978,阜新市,工业园区,颗粒物(PM10),55,57,62,20,21,10,10,NA,NA,36,24,8,14,0.5,0.7
2026-10-09T0700,2208A,121.6567,42.0188,阜新市,长青街,颗粒物(PM10),51,51,53,28,24,4,4,NA,NA,40,25,6,11,0.5,0.6
2026-10-09T0700,2209A,121.6672,42.07,阜新市,农业园区,,34,34,53,20,22,32,32,NA,NA,19,15,4,8,0.4,0.5
2026-10-09T0700,2211A,121.6343,42.0455,阜新市,玉龙新城,,44,44,56,25,22,3,3,NA,NA,40,27,8,12,0.4,0.5
2026-10-09T0700,2301A,115.8276,32.8929,阜阳市,市监测站,细颗粒物(PM2.5),108,120,85,68,44,76,76,NA,NA,27,24,11,11,0.7,0.5
2026-10-09T0700,2303A,115.8551,32.8606,阜阳市,开发区,细颗粒物(PM2.5),109,120,100,69,46,49,49,NA,NA,37,30,8,8,0.7,0.6
2026-10-09T0700,2875A,115.783962,32.889217,阜阳市,阜阳职业技术学院,细颗粒物(PM2.5),104,109,75,64,41,74,74,NA,NA,25,22,8,7,0.8,0.6
2026-10-09T0700,3468A,115.79,32.8614,阜阳市,市规划展馆,细颗粒物(PM2.5),108,111,76,68,41,81,81,NA,NA,25,20,12,10,0.9,0.6
2026-10-09T0700,3469A,115.835101,32.918568,阜阳市,枣园社区,细颗粒物(PM2.5),116,113,76,77,45,36,36,NA,NA,53,35,6,7,0.7,0.5
2026-10-09T0700,2669A,102.9097,34.9841,甘南藏族自治州,州政府,,46,46,42,21,22,79,79,NA,NA,5,10,7,9,0.3,0.4
2026-10-09T0700,3380A,102.8915,34.9618,甘南藏族自治州,甘肃民族师范学院,颗粒物(PM10),55,56,53,17,26,94,94,NA,NA,9,20,8,10,0.4,0.5
2026-10-09T0700,2570A,101.96,30.048,甘孜藏族自治州,水桥子,,13,13,14,6,6,35,35,NA,NA,12,13,2,2,0.2,0.2
2026-10-09T0700,3065A,101.9534,29.9976,甘孜藏族自治州,州环保局,,28,28,21,9,4,11,11,NA,NA,23,16,2,3,0.2,0.3
2026-10-09T0700,2363A,114.9368,25.8663,赣州市,地委,,43,43,42,26,25,29,29,NA,NA,21,14,5,6,0.9,1
2026-10-09T0700,2364A,114.946,25.8483,赣州市,气象台,,47,47,41,31,24,13,13,NA,NA,17,22,8,6,0.4,0.4
2026-10-09T0700,2365A,114.932,25.8332,赣州市,市图书馆,,35,35,38,24,26,16,16,NA,NA,24,19,4,4,1.3,1.4
2026-10-09T0700,2508A,109.5669,23.1065,贵港市,荷城子站,,39,39,40,22,21,72,72,NA,NA,19,18,8,7,0.6,0.5
2026-10-09T0700,3405A,109.5886,23.1172,贵港市,新世纪学校,,44,44,40,26,22,68,68,NA,NA,17,14,/,/,0.6,0.6
2026-10-09T0700,4260A,109.5933,23.095,贵港市,中山路155-3号,,46,46,50,31,27,56,56,NA,NA,23,22,/,/,0.5,0.5
2026-10-09T0700,1439A,106.6863,26.6035,贵阳市,马鞍山,,26,24,23,18,15,19,19,NA,NA,14,11,2,4,/,/
2026-10-09T0700,1441A,106.6241,26.6266,贵阳市,鉴湖路,,36,36,39,13,14,82,82,NA,NA,8,13,12,11,0.7,0.6
2026-10-09T0700,1442A,106.7468,26.6344,贵阳市,燕子冲,,34,34,35,13,16,17,17,NA,NA,18,14,5,6,0.7,0.6
2026-10-09T0700,1443A,106.6556,26.4362,贵阳市,碧云窝,,46,46,42,12,16,14,14,NA,NA,14,11,6,8,/,/
2026-10-09T0700,1445A,106.6963,26.6063,贵阳市,红边门,,31,31,33,13,17,24,24,NA,NA,21,20,3,5,/,/
2026-10-09T0700,1446A,106.7162383,26.56964667,贵阳市,新华路,,36,36,38,16,15,33,33,NA,NA,19,20,7,8,0.6,0.6
2026-10-09T0700,1447A,106.6742,26.542,贵阳市,太慈桥,,27,27,30,18,15,16,16,NA,NA,14,15,2,6,/,/
2026-10-09T0700,4230A,106.688212,26.56952,贵阳市,花果园大街66号,NA,NA,NA,27,NA,14,NA,NA,103,NA,NA,16,NA,6,NA,NA
2026-10-09T0700,4231A,106.687268,26.516892,贵阳市,漓江路57号,,33,31,28,23,18,16,16,NA,NA,26,19,5,7,0.6,0.5
2026-10-09T0700,1864A,110.3091,25.2705,桂林市,龙隐路小学,,43,31,34,30,22,60,60,NA,NA,17,14,7,7,0.8,0.7
2026-10-09T0700,1865A,110.2849361,25.22909545,桂林市,八中,,44,44,41,17,14,31,31,NA,NA,32,20,6,6,0.7,0.7
2026-10-09T0700,3531A,110.296,25.1254,桂林市,旅游学院,颗粒物(PM10),63,67,42,38,29,10,10,NA,NA,37,29,2,3,0.7,0.7
2026-10-09T0700,4222A,110.1835,25.2444,桂林市,环湖路276号,,39,39,43,21,19,37,37,NA,NA,29,21,4,5,0.8,0.9
2026-10-09T0700,4301A,110.2803,25.2773,桂林市,信义路13号,,45,33,36,31,24,61,61,NA,NA,15,13,8,8,1.1,0.9
2026-10-09T0700,2674A,100.2262,34.4854,果洛藏族自治州,玛沁县大武镇,,29,24,43,6,11,92,92,NA,NA,1,9,15,15,0.4,0.5
2026-10-09T0700,1130A,126.5557,45.8109,哈尔滨市,松北商大,,19,19,37,7,13,22,22,NA,NA,26,20,5,6,0.5,0.5
2026-10-09T0700,1132A,126.6162,45.719,哈尔滨市,南岗学府路,,42,42,44,6,8,5,5,NA,NA,42,26,8,6,0.5,0.4
2026-10-09T0700,1133A,126.6894,45.7733,哈尔滨市,太平宏伟公园,,21,21,41,3,12,12,12,NA,NA,32,22,8,8,0.5,0.4
2026-10-09T0700,1134A,126.6361,45.7672,哈尔滨市,道外承德广场,,29,29,52,9,11,6,6,NA,NA,44,27,11,8,0.7,0.4
2026-10-09T0700,1136A,126.644,45.7261,哈尔滨市,动力和平路,,43,43,38,3,9,4,4,NA,NA,40,23,11,12,0.7,0.6
2026-10-09T0700,1137A,126.5933,45.7479,哈尔滨市,道里建国路,,36,36,39,3,11,15,15,NA,NA,32,19,8,7,1.5,0.4
2026-10-09T0700,1138A,126.6127,45.6119,哈尔滨市,平房东轻厂,颗粒物(PM10),67,73,55,19,15,4,4,NA,NA,38,33,10,11,0.7,0.6
2026-10-09T0700,1139A,126.5875,45.9827,哈尔滨市,呼兰师专,,25,25,38,3,9,27,27,NA,NA,23,18,4,4,0.7,0.7
2026-10-09T0700,1140A,126.6299,45.6799,哈尔滨市,省农科院,NA,NA,NA,52,NA,13,NA,NA,51,NA,NA,30,NA,9,NA,0.7
2026-10-09T0700,4282A,126.6769,45.7379,哈尔滨市,华山路1号,,41,41,41,12,11,18,18,NA,NA,32,19,8,8,0.3,0.3
2026-10-09T0700,4283A,126.9717,45.5356,哈尔滨市,解放大街52号,颗粒物(PM10),87,101,62,6,7,2,2,NA,NA,30,24,11,11,0.9,0.9
2026-10-09T0700,2688A,93.5124,42.8176,哈密市,地区监测站,,27,27,29,12,10,47,47,NA,NA,16,20,1,3,0.0,0
2026-10-09T0700,2689A,93.5014,42.8312,哈密市,哈密师范学校,,32,30,29,22,17,42,42,NA,NA,19,23,2,2,0.4,0.3
2026-10-09T0700,2671A,100.9016,36.9464,海北藏族自治州,海晏县西海镇,,31,30,43,20,24,97,97,NA,NA,2,4,7,11,0.4,0.5
2026-10-09T0700,3867A,102.074,36.5056,海东市,平安区公安局北苑,,43,43,48,13,22,95,95,NA,NA,1,9,7,10,0.4,0.4
2026-10-09T0700,4163A,102.0984,36.5119,海东市,滨河路,,37,37,68,16,22,93,93,NA,NA,9,24,9,15,0.4,0.5
2026-10-09T0700,1410A,110.3189,20.0596,海口市,海南大学,,35,35,35,12,17,106,106,NA,NA,3,5,3,5,0.4,0.5
2026-10-09T0700,1411A,110.2827,20.0051,海口市,秀英海南医院,,33,25,34,12,17,104,104,NA,NA,4,5,4,4,0.3,0.2
2026-10-09T0700,1412A,110.3391,19.9979,海口市,海南师范大学,,31,23,33,10,16,97,97,NA,NA,4,5,4,4,0.4,0.4
2026-10-09T0700,1413A,110.3303,20.0359,海口市,龙华路环保局宿舍,,32,29,37,13,17,101,101,NA,NA,3,5,/,/,0.3,0.4
2026-10-09T0700,3539A,110.5111,19.9737,海口市,桂林洋子站,,28,28,36,10,17,89,89,NA,NA,3,6,/,/,/,/
2026-10-09T0700,4134A,110.1952,20.0451,海口市,长滨二路9号,,34,28,32,12,16,106,106,NA,NA,4,6,/,/,/,/
2026-10-09T0700,2673A,100.6158,36.2985,海南藏族自治州,共和县恰卜恰镇,,27,14,31,3,16,85,85,NA,NA,1,7,8,8,0.4,0.5
2026-10-09T0700,2676A,97.373,37.376,海西蒙古族藏族自治州,德令哈市,,15,14,39,8,17,48,48,NA,NA,4,5,4,14,0.5,0.4
2026-10-09T0700,1049A,114.492,36.5712,邯郸市,矿院,细颗粒物(PM2.5),120,119,74,81,45,49,49,NA,NA,24,16,8,9,0.6,0.6
2026-10-09T0700,1050A,114.4839,36.6136,邯郸市,丛台公园,细颗粒物(PM2.5),92,99,62,56,26,57,57,NA,NA,27,16,3,3,0.5,0.4
2026-10-09T0700,3458A,114.7893,36.5592,邯郸市,香泉濮院小区,细颗粒物(PM2.5),134,122,96,97,54,66,66,NA,NA,31,22,8,5,0.8,0.6
2026-10-09T0700,3580A,114.1998,36.4439,邯郸市,峰峰矿区临水派出所,细颗粒物(PM2.5),52,40,50,36,32,98,98,NA,NA,11,13,10,13,0.6,0.7
2026-10-09T0700,4068A,114.5209,36.7697,邯郸市,建安街268号,细颗粒物(PM2.5),118,128,80,79,28,12,12,NA,NA,63,31,4,4,0.6,0.5
2026-10-09T0700,4069A,114.5488,36.6177,邯郸市,丛台东路558号,细颗粒物(PM2.5),102,86,83,62,52,59,59,NA,NA,25,27,8,7,0.5,0.5
2026-10-09T0700,2635A,107.0155,33.0707,汉中市,市监测站,细颗粒物(PM2.5),130,109,65,92,49,6,6,NA,NA,21,14,7,6,0.7,0.5
2026-10-09T0700,2636A,107.0083,33.114,汉中市,鑫源开发区,颗粒物(PM10),76,86,59,45,43,8,8,NA,NA,31,21,8,7,0.8,0.4
2026-10-09T0700,2637A,107.0072,33.0323,汉中市,南郑大河坎水厂,细颗粒物(PM2.5),90,84,63,55,46,2,2,NA,NA,14,16,3,4,0.7,0.6
2026-10-09T0700,1223A,120.2073,30.2111,杭州市,滨江,细颗粒物(PM2.5),94,72,60,57,38,37,37,NA,NA,42,28,7,9,0.6,0.5
2026-10-09T0700,1224A,120.0625,30.2737,杭州市,西溪,细颗粒物(PM2.5),60,58,49,40,27,21,21,NA,NA,26,19,5,5,0.5,0.4
2026-10-09T0700,1226A,120.3417,30.315,杭州市,下沙,细颗粒物(PM2.5),105,121,66,65,39,35,35,NA,NA,61,23,8,9,0.7,0.5
2026-10-09T0700,1227A,120.1252,30.2465,杭州市,卧龙桥,细颗粒物(PM2.5),54,48,39,37,26,17,17,NA,NA,9,12,6,7,0.6,0.4
2026-10-09T0700,1228A,120.1902,30.2691,杭州市,浙江农大,细颗粒物(PM2.5),66,59,55,43,31,34,34,NA,NA,30,24,8,10,0.6,0.5
2026-10-09T0700,1230A,120.1195,30.3121,杭州市,和睦小学,细颗粒物(PM2.5),66,54,49,43,36,25,25,NA,NA,40,26,7,8,0.7,0.6
2026-10-09T0700,1231A,120.3076,30.4146,杭州市,临平镇,细颗粒物(PM2.5),92,82,69,56,40,45,45,NA,NA,40,29,9,9,0.7,0.6
2026-10-09T0700,1232A,120.2753,30.1839,杭州市,城厢镇,细颗粒物(PM2.5),80,70,54,50,35,35,35,NA,NA,30,21,8,10,0.8,0.7
2026-10-09T0700,1233A,120.0883,30.1808,杭州市,云栖,颗粒物(PM10),52,52,46,34,27,15,15,NA,NA,20,15,5,6,0.6,0.6
2026-10-09T0700,3557A,119.9463,30.0496,杭州市,镇二中,细颗粒物(PM2.5),62,42,45,41,31,35,35,NA,NA,33,27,8,8,0.7,0.6
2026-10-09T0700,3558A,119.7184,30.2367,杭州市,市府大楼,细颗粒物(PM2.5),54,49,43,37,32,37,37,NA,NA,24,20,8,8,0.5,0.4
2026-10-09T0700,3656A,120.1554,30.2863,杭州市,消防大队,细颗粒物(PM2.5),72,76,59,46,38,54,54,NA,NA,28,22,10,11,0.7,0.6
2026-10-09T0700,1270A,117.1957,31.7845,合肥市,明珠广场,细颗粒物(PM2.5),80,78,60,50,33,38,38,NA,NA,83,36,6,9,0.6,0.5
2026-10-09T0700,1271A,117.307,31.8765,合肥市,三里街,细颗粒物(PM2.5),98,85,62,59,36,72,72,NA,NA,36,50,8,8,0.9,0.8
2026-10-09T0700,1272A,117.2587,31.8703,合肥市,琥珀山庄,细颗粒物(PM2.5),84,78,58,52,30,64,64,NA,NA,28,28,8,8,0.6,0.7
2026-10-09T0700,1275A,117.2593,31.9376,合肥市,庐阳区,细颗粒物(PM2.5),94,90,74,57,38,82,82,NA,NA,36,43,10,8,0.9,0.8
2026-10-09T0700,1276A,117.345251,31.861615,合肥市,瑶海区,细颗粒物(PM2.5),94,90,63,57,34,68,68,NA,NA,34,30,6,6,0.8,0.6
2026-10-09T0700,1277A,117.3033,31.7967,合肥市,包河区,细颗粒物(PM2.5),94,88,66,57,33,3,3,NA,NA,124,89,10,8,0.7,0.5
2026-10-09T0700,1278A,117.278,31.7392,合肥市,滨湖新区,细颗粒物(PM2.5),74,70,53,47,29,27,27,NA,NA,75,29,8,9,0.7,0.5
2026-10-09T0700,1279A,117.1324,31.8395,合肥市,高新区,细颗粒物(PM2.5),76,78,58,48,31,48,48,NA,NA,58,41,8,9,0.6,0.5
2026-10-09T0700,3464A,117.3802,31.9148,合肥市,高教基地,细颗粒物(PM2.5),68,68,54,44,31,44,44,NA,NA,20,23,9,10,0.7,0.7
2026-10-09T0700,4098A,117.2518,31.8404,合肥市,中国科学技术大学,细颗粒物(PM2.5),78,75,58,49,30,75,75,NA,NA,36,33,10,11,0.5,0.4
2026-10-09T0700,3614A,79.9241,37.0878,和田地区,地区环保局,颗粒物(PM10),102,124,190,36,61,72,72,NA,NA,2,8,3,5,0.5,0.6
2026-10-09T0700,3615A,79.9132,37.1137,和田地区,市环保局,颗粒物(PM10),108,140,215,41,65,68,68,NA,NA,4,32,1,6,0.4,0.7
2026-10-09T0700,2517A,108.0496,24.6957,河池市,市环保站,,25,25,29,16,14,19,19,NA,NA,15,13,6,8,0.6,0.6
2026-10-09T0700,4302A,108.0901,24.6945,河池市,上任中路54号,,29,28,34,20,16,6,6,NA,NA,22,23,8,9,0.7,0.7
2026-10-09T0700,1697A,114.6962,23.7538,河源市,东埔,,33,33,37,23,27,19,19,NA,NA,27,21,6,7,0.6,0.6
2026-10-09T0700,1698A,114.6895,23.7232,河源市,老城,,34,34,37,23,24,35,35,NA,NA,16,16,7,7,0.6,0.6
2026-10-09T0700,3374A,115.5562,35.089,菏泽市,定陶老年大学,细颗粒物(PM2.5),124,122,82,86,46,70,70,NA,NA,33,22,9,8,0.6,0.5
2026-10-09T0700,4114A,115.4239,35.2593,菏泽市,黄河路600号,细颗粒物(PM2.5),117,129,82,78,44,70,70,NA,NA,24,18,7,9,0.6,0.5
2026-10-09T0700,4115A,115.5025,35.2727,菏泽市,菏泽市人社局,细颗粒物(PM2.5),122,113,85,84,48,72,72,NA,NA,34,26,11,6,0.3,0.2
2026-10-09T0700,4184A,115.479691,35.244011,菏泽市,永昌路1号,细颗粒物(PM2.5),117,108,90,78,46,79,79,NA,NA,26,24,8,6,0.2,0.1
2026-10-09T0700,4193A,115.471542,35.280012,菏泽市,长城路999号,细颗粒物(PM2.5),109,95,82,69,45,95,95,NA,NA,23,20,11,9,0.5,0.4
2026-10-09T0700,2514A,111.5264,24.4178,贺州市,环保小区,,32,NA,33,22,23,42,42,NA,NA,10,12,12,13,0.4,0.5
2026-10-09T0700,2515A,111.561,24.4074,贺州市,政协大楼,,42,34,33,29,23,22,22,NA,NA,20,18,12,13,0.6,0.6
2026-10-09T0700,3534A,111.4744,24.455,贺州市,西湾,,45,45,41,26,23,21,21,NA,NA,14,15,10,11,0.6,0.6
2026-10-09T0700,2385A,114.17,35.9019,鹤壁市,市监测站,颗粒物(PM10),72,80,69,36,28,50,50,NA,NA,15,17,6,5,0.6,0.6
2026-10-09T0700,2386A,114.2953,35.7512,鹤壁市,市交警支队,颗粒物(PM10),103,126,95,60,36,48,48,NA,NA,38,25,6,7,0.7,0.6
2026-10-09T0700,2387A,114.2877,35.7302,鹤壁市,迎宾馆,颗粒物(PM10),102,123,107,58,32,53,53,NA,NA,34,21,3,7,0.7,0.7
2026-10-09T0700,3474A,114.2616,35.6824,鹤壁市,大新区,细颗粒物(PM2.5),124,152,126,86,43,30,30,NA,NA,55,38,10,10,0.5,0.3
2026-10-09T0700,3596A,114.1573,35.9607,鹤壁市,南山宾馆,颗粒物(PM10),68,75,80,32,33,111,111,NA,NA,8,15,14,11,0.2,0.2
2026-10-09T0700,2244A,130.2537,47.3416,鹤岗市,哈啤分公司,NA,NA,13,21,3,6,NA,NA,NA,NA,5,6,2,5,0.5,0.4
2026-10-09T0700,2245A,130.2683,47.3087,鹤岗市,斯达机电,,38,38,29,3,7,21,21,NA,NA,25,10,3,3,0.3,0.2
2026-10-09T0700,2246A,130.3114,47.3388,鹤岗市,东山纸板厂,,32,32,33,3,6,14,14,NA,NA,32,20,6,5,1.0,0.7
2026-10-09T0700,2263A,127.4832,50.2524,黑河市,交通局,颗粒物(PM10),124,180,42,6,9,19,19,NA,NA,24,19,6,6,0.2,0.2
2026-10-09T0700,2264A,127.5146,50.2339,黑河市,环保局,,19,19,32,3,13,12,12,NA,NA,23,18,5,6,0.2,0.3
2026-10-09T0700,1074A,115.6839,37.754,衡水市,电机北厂,细颗粒物(PM2.5),98,91,82,59,37,110,110,NA,NA,20,16,9,10,0.6,0.5
2026-10-09T0700,1075A,115.6303,37.7318,衡水市,市监测站,细颗粒物(PM2.5),104,95,90,64,35,95,95,NA,NA,21,16,12,11,0.5,0.5
2026-10-09T0700,3188A,115.6684,37.7216,衡水市,市城管局,细颗粒物(PM2.5),96,100,109,58,40,82,82,NA,NA,25,19,4,6,0.5,0.4
2026-10-09T0700,3459A,115.599,37.5491,衡水市,地表水厂,细颗粒物(PM2.5),98,96,120,59,39,68,68,NA,NA,28,20,3,4,0.6,0.5
2026-10-09T0700,2457A,112.6209,26.9268,衡阳市,衡阳化工总厂,细颗粒物(PM2.5),70,57,52,45,34,7,7,NA,NA,34,24,10,12,0.7,0.6
2026-10-09T0700,2458A,112.621,26.8957,衡阳市,珠晖区环保局,NA,NA,NA,38,NA,19,NA,NA,139,NA,NA,21,NA,12,NA,0.5
2026-10-09T0700,2459A,112.628,26.8654,衡阳市,市委党校,细颗粒物(PM2.5),103,75,50,63,35,10,10,NA,NA,32,22,6,8,1.5,0.9
2026-10-09T0700,2460A,112.6007,26.8977,衡阳市,市监测站,细颗粒物(PM2.5),66,57,55,43,37,16,16,NA,NA,34,27,8,10,1.0,0.8
2026-10-09T0700,2461A,112.5658,26.9013,衡阳市,真空机电公司,细颗粒物(PM2.5),94,83,53,57,36,27,27,NA,NA,21,18,10,12,0.8,0.7
2026-10-09T0700,3399A,112.6703,26.8817,衡阳市,师范学院,细颗粒物(PM2.5),58,59,50,39,31,9,9,NA,NA,21,17,7,9,0.8,0.7
2026-10-09T0700,3038A,103.3757,23.3679,红河哈尼族彝族自治州,州图书馆,,32,26,28,22,18,77,77,NA,NA,5,5,4,4,0.4,0.4
2026-10-09T0700,4154A,103.401,23.3561,红河哈尼族彝族自治州,蒙自市朝阳路,,25,17,18,12,16,77,77,NA,NA,3,4,4,4,0.3,0.3
2026-10-09T0700,1090A,111.6506,40.7517,呼和浩特市,呼市一监,颗粒物(PM10),55,56,61,29,30,30,30,NA,NA,42,39,11,12,1.1,0.8
2026-10-09T0700,1094A,111.7516,40.8369,呼和浩特市,如意水处理厂,颗粒物(PM10),57,59,63,29,29,3,3,NA,NA,78,58,8,10,0.5,0.4
2026-10-09T0700,1095A,111.727798,40.806187,呼和浩特市,二十九中,颗粒物(PM10),53,54,63,36,27,34,34,NA,NA,47,41,8,9,1.1,0.8
2026-10-09T0700,1097A,111.717,40.7617,呼和浩特市,化肥厂生活区,颗粒物(PM10),65,70,73,38,31,35,35,NA,NA,41,40,7,9,1.3,0.9
2026-10-09T0700,3699A,111.6519,40.8389,呼和浩特市,海东办,颗粒物(PM10),55,56,66,30,25,2,2,NA,NA,82,62,9,11,0.2,0.3
2026-10-09T0700,4275A,111.591512,40.827312,呼和浩特市,成吉思汗西街8号,颗粒物(PM10),63,68,68,27,25,25,25,NA,NA,63,57,6,8,0.6,0.6
2026-10-09T0700,4276A,111.6597,40.8077,呼和浩特市,公园东路75号,颗粒物(PM10),56,58,73,16,26,25,25,NA,NA,48,40,6,8,0.6,0.5
2026-10-09T0700,4277A,111.5427,40.7846,呼和浩特市,金海路35号,,49,49,60,27,29,24,24,NA,NA,55,46,6,8,0.5,0.5
2026-10-09T0700,3061A,119.7511,49.1576,呼伦贝尔市,国华电力东,,43,43,43,21,16,4,4,NA,NA,32,26,5,6,0.6,0.5
2026-10-09T0700,4279A,119.7569,49.2222,呼伦贝尔市,伊敏大街东7号,,29,29,39,16,18,14,14,NA,NA,29,27,7,8,0.2,0.3
2026-10-09T0700,1250A,120.075,30.867,湖州市,城西水厂,细颗粒物(PM2.5),107,88,67,67,43,49,49,NA,NA,42,34,8,8,0.6,0.5
2026-10-09T0700,2873A,120.083,30.8929,湖州市,仁皇山新区,细颗粒物(PM2.5),94,72,63,57,41,47,47,NA,NA,27,31,7,9,0.6,0.5
2026-10-09T0700,2907A,120.1846,30.8592,湖州市,吴兴区站,细颗粒物(PM2.5),94,57,60,57,43,79,79,NA,NA,23,24,9,10,0.7,0.6
2026-10-09T0700,3562A,120.4146,30.8538,湖州市,南浔区站,细颗粒物(PM2.5),98,91,62,59,40,52,52,NA,NA,29,26,11,12,0.6,0.5
2026-10-09T0700,1607A,120.904878,40.721091,葫芦岛市,龙港区,,41,40,55,28,43,131,131,NA,NA,10,12,9,11,0.5,0.6
2026-10-09T0700,1608A,120.8382,40.7521,葫芦岛市,化工街,细颗粒物(PM2.5),107,124,97,67,50,71,71,NA,NA,43,24,13,10,0.7,0.6
2026-10-09T0700,1609A,120.8339,40.7078,葫芦岛市,新区,细颗粒物(PM2.5),66,44,61,43,45,113,113,NA,NA,17,15,7,9,0.8,0.8
2026-10-09T0700,1610A,120.8697,40.7679,葫芦岛市,东城区,细颗粒物(PM2.5),129,NA,70,91,57,39,39,NA,NA,71,30,10,9,1.0,0.9
2026-10-09T0700,2483A,109.9297,27.5383,怀化市,河西地税局,,35,30,33,24,22,5,5,NA,NA,15,14,8,10,/,/
2026-10-09T0700,2484A,109.9783,27.5342,怀化市,市四医院,细颗粒物(PM2.5),96,65,42,58,24,21,21,NA,NA,24,19,9,11,0.6,0.5
2026-10-09T0700,2485A,109.9971,27.5579,怀化市,监测楼,细颗粒物(PM2.5),76,NA,42,48,28,18,18,NA,NA,24,25,8,10,0.4,0.3
2026-10-09T0700,1210A,119.0566,33.5991,淮安市,钵池山,,38,34,34,26,20,56,56,NA,NA,24,19,7,8,0.8,0.8
2026-10-09T0700,1211A,119.0083,33.578,淮安市,北京南路,,46,44,42,32,21,43,43,NA,NA,37,18,8,8,0.8,0.6
2026-10-09T0700,1212A,118.9938,33.6083,淮安市,市监测站,,40,NA,39,28,21,60,60,NA,NA,25,20,7,9,0.7,0.8
2026-10-09T0700,1213A,119.135,33.5038,淮安市,楚州区监测站,,37,37,34,25,20,52,52,NA,NA,26,18,7,7,0.6,0.6
2026-10-09T0700,3426A,118.8757,33.2897,淮安市,新华书店,颗粒物(PM10),52,52,44,26,22,50,50,NA,NA,24,15,12,11,0.9,0.9
2026-10-09T0700,4092A,119.119691,33.550006,淮安市,枚皋中路89号,,43,31,34,30,19,25,25,NA,NA,20,16,6,7,0.7,0.8
2026-10-09T0700,4206A,119.028838,33.631911,淮安市,承德北路606号,,46,46,41,29,19,21,21,NA,NA,43,19,7,8,1.5,0.7
2026-10-09T0700,2282A,116.8005,33.9749,淮北市,监测站,细颗粒物(PM2.5),92,77,72,56,43,70,70,NA,NA,29,21,8,9,0.7,0.6
2026-10-09T0700,2283A,116.8094,33.9008,淮北市,烈山区政府,细颗粒物(PM2.5),103,71,70,63,37,76,76,NA,NA,13,19,4,7,0.5,0.4
2026-10-09T0700,4017A,116.7926,33.9534,淮北市,市博物馆,细颗粒物(PM2.5),105,71,68,65,44,85,85,NA,NA,18,18,8,10,0.5,0.4
2026-10-09T0700,4100A,116.8322,33.9884,淮北市,杜集区第一实验学校,细颗粒物(PM2.5),126,106,58,88,49,51,51,NA,NA,39,25,8,9,0.8,0.6
2026-10-09T0700,2277A,116.8304,32.7726,淮南市,潘集区政府,细颗粒物(PM2.5),96,85,80,58,39,69,69,NA,NA,23,23,11,12,0.8,0.6
2026-10-09T0700,2279A,116.8569,32.5949,淮南市,谢家集区政府,细颗粒物(PM2.5),100,82,64,60,37,81,81,NA,NA,32,21,9,12,0.8,0.6
2026-10-09T0700,2280A,116.8279,32.6333,淮南市,八公山区政府,细颗粒物(PM2.5),102,84,65,62,40,90,90,NA,NA,22,21,9,11,0.8,0.6
2026-10-09T0700,2894A,117.0561,32.6536,淮南市,经济技术开发区消防队,细颗粒物(PM2.5),88,83,70,54,37,84,84,NA,NA,30,24,11,12,0.7,0.5
2026-10-09T0700,3329A,117.011,32.5891,淮南市,山南新区,细颗粒物(PM2.5),104,104,69,64,37,97,97,NA,NA,22,20,9,7,0.6,0.4
2026-10-09T0700,4209A,117.003137,32.644456,淮南市,国庆中路369号,细颗粒物(PM2.5),88,76,64,54,40,94,94,NA,NA,20,18,13,12,0.7,0.7
2026-10-09T0700,2446A,114.9021,30.474,黄冈市,职工中心,细颗粒物(PM2.5),62,46,41,41,30,59,59,NA,NA,19,16,8,10,0.5,0.4
2026-10-09T0700,2929A,114.8858,30.4519,黄冈市,红卫路,NA,NA,NA,50,NA,40,NA,NA,69,NA,NA,15,NA,5,NA,0.3
2026-10-09T0700,3398A,114.9134,30.4446,黄冈市,市林业局,细颗粒物(PM2.5),62,51,46,41,27,53,53,NA,NA,13,16,6,7,0.5,0.5
2026-10-09T0700,2672A,102.02,35.5101,黄南藏族自治州,同仁县隆务镇,,33,31,40,23,19,105,105,NA,NA,2,3,7,7,0.2,0.3
2026-10-09T0700,2295A,118.2905,29.6965,黄山市,延安路89号,,29,27,34,20,21,7,7,NA,NA,12,10,4,4,0.2,0.2
2026-10-09T0700,2297A,118.1369,30.2755,黄山市,黄山区政府5号楼,,24,24,34,14,21,8,8,NA,NA,3,7,4,4,0.2,0.2
2026-10-09T0700,4210A,118.335445,29.720283,黄山市,滨江东路7-2号,,34,34,44,20,26,10,10,NA,NA,10,10,/,/,/,/
2026-10-09T0700,2423A,115.0547,30.2332,黄石市,沈家营,细颗粒物(PM2.5),58,47,51,39,36,49,49,NA,NA,16,18,6,9,0.3,0.4
2026-10-09T0700,2426A,114.899,30.211,黄石市,铁山,细颗粒物(PM2.5),72,60,43,46,24,61,61,NA,NA,26,16,12,9,0.7,0.4
2026-10-09T0700,2427A,115.0259,30.2108,黄石市,团城山,颗粒物(PM10),57,59,54,36,32,61,61,NA,NA,15,17,9,11,0.4,0.5
2026-10-09T0700,3149A,115.0174,30.1591,黄石市,笔架山北路,颗粒物(PM10),77,87,62,44,30,32,32,NA,NA,36,16,7,16,0.8,0.7
2026-10-09T0700,4185A,115.078022,30.21118,黄石市,磁湖东路29号,,46,46,55,31,35,39,39,NA,NA,34,32,5,10,0.8,0.9
2026-10-09T0700,1392A,114.4181,23.0528,惠州市,河南岸金山湖子站,颗粒物(PM10),53,54,43,34,26,36,36,NA,NA,20,16,12,11,0.7,0.6
2026-10-09T0700,1393A,114.4055,23.0824,惠州市,下埔横江三路子站,颗粒物(PM10),66,72,46,40,25,42,42,NA,NA,16,11,20,10,0.6,0.5
2026-10-09T0700,1395A,114.4645,22.7832,惠州市,惠阳区承修路船湖子站,颗粒物(PM10),53,54,44,23,22,56,56,NA,NA,20,11,6,5,0.8,0.8
2026-10-09T0700,1396A,114.5316,22.7423,惠州市,大亚湾管委会子站,,30,30,39,11,18,92,92,NA,NA,15,14,5,6,0.6,0.7
2026-10-09T0700,3314A,114.4334,22.8134,惠州市,惠阳秋长,,36,36,44,12,18,82,82,NA,NA,22,20,/,/,/,/
2026-10-09T0700,3452A,114.6521,22.7755,惠州市,大亚湾霞涌,,31,31,40,11,19,68,68,NA,NA,12,9,/,/,/,/
2026-10-09T0700,4300A,114.4089,23.1147,惠州市,文华一路1号,细颗粒物(PM2.5),66,64,44,43,26,28,28,NA,NA,23,12,/,/,/,/
2026-10-09T0700,2240A,130.9618,45.2926,鸡西市,环保局,,44,44,34,10,8,2,2,NA,NA,23,13,6,7,0.5,0.3
2026-10-09T0700,2243A,130.9294,45.2959,鸡西市,第一中学,,38,38,30,3,8,4,4,NA,NA,35,14,2,2,0.1,0.1
2026-10-09T0700,3707A,131.0069,45.2988,鸡西市,欧美日汽修厂,颗粒物(PM10),103,127,42,15,10,10,10,NA,NA,16,13,2,2,0.4,0.3
2026-10-09T0700,2367A,114.9753,27.0803,吉安市,红声器材厂,细颗粒物(PM2.5),56,53,50,38,32,4,4,NA,NA,33,24,7,9,0.4,0.4
2026-10-09T0700,2369A,114.9903,27.1313,吉安市,市环境监测站,,44,44,46,30,25,60,60,NA,NA,11,20,6,6,/,/
2026-10-09T0700,2370A,115.009527,27.096792,吉安市,青原区法院,,50,50,48,34,29,9,9,NA,NA,23,23,8,9,0.3,0.3
2026-10-09T0700,1772A,126.54,43.8622,吉林市,哈达湾,细颗粒物(PM2.5),88,83,55,54,32,9,9,NA,NA,32,21,12,8,0.7,0.5
2026-10-09T0700,1773A,126.5843,43.8358,吉林市,东局子,细颗粒物(PM2.5),72,77,56,46,36,7,7,NA,NA,34,26,10,8,0.9,0.8
2026-10-09T0700,1774A,126.5051,43.8243,吉林市,电力学院,NA,NA,NA,67,NA,28,NA,NA,136,NA,NA,17,NA,14,NA,0.7
2026-10-09T0700,1775A,126.6133,43.8971,吉林市,江北,颗粒物(PM10),77,87,72,46,35,7,7,NA,NA,26,20,5,6,0.7,0.5
2026-10-09T0700,1776A,126.5549,43.8304,吉林市,江南公园,细颗粒物(PM2.5),86,81,59,53,33,1,1,NA,NA,27,20,8,9,0.6,0.4
2026-10-09T0700,2868A,126.4737,43.953,吉林市,九站,细颗粒物(PM2.5),74,75,57,47,31,4,4,NA,NA,29,23,22,18,0.9,0.7
2026-10-09T0700,1299A,116.9866,36.6118,济南市,科干所,,46,46,59,30,30,127,127,NA,NA,15,14,6,6,0.3,0.3
2026-10-09T0700,1300A,116.9379,36.6652,济南市,农科所,颗粒物(PM10),57,59,61,35,29,90,90,NA,NA,23,24,8,9,0.4,0.4
2026-10-09T0700,1301A,117.1265,36.6736,济南市,开发区,,49,49,57,29,27,127,127,NA,NA,14,14,8,9,0.4,0.3
2026-10-09T0700,1303A,117.0616,36.6865,济南市,省种子仓库,颗粒物(PM10),65,70,70,37,32,76,76,NA,NA,37,23,8,8,0.6,0.3
2026-10-09T0700,1304A,116.9495185,36.644937,济南市,机床二厂,细颗粒物(PM2.5),68,66,66,44,35,80,80,NA,NA,29,24,7,7,0.6,0.5
2026-10-09T0700,1305A,117.0496,36.6629,济南市,市监测站,颗粒物(PM10),51,51,52,20,27,130,130,NA,NA,12,18,5,7,0.4,0.4
2026-10-09T0700,1306A,116.7674,36.5458,济南市,长清党校,,46,46,65,22,27,100,100,NA,NA,20,18,8,9,0.3,0.3
2026-10-09T0700,1961A,117.5323,36.6865,济南市,东山小学,,49,49,60,24,28,103,103,NA,NA,20,16,7,9,0.6,0.5
2026-10-09T0700,3059A,117.7181,36.205,济南市,泰兴公司,颗粒物(PM10),63,68,64,39,32,12,12,NA,NA,56,43,5,8,0.7,0.5
2026-10-09T0700,3064A,117.6861,36.2172,济南市,莱芜战役纪念馆,颗粒物(PM10),83,95,63,47,34,37,37,NA,NA,40,25,8,10,0.7,0.4
2026-10-09T0700,3494A,117.1673,36.9782,济南市,济阳区政府,细颗粒物(PM2.5),76,73,81,48,34,88,88,NA,NA,25,34,6,6,0.5,0.5
2026-10-09T0700,3495A,117.1168,36.6299,济南市,锦屏中学,,42,42,52,24,24,130,130,NA,NA,8,9,8,8,0.3,0.4
2026-10-09T0700,4108A,117.7107,36.2385,济南市,山财大街5号,颗粒物(PM10),56,58,56,35,34,53,53,NA,NA,40,26,5,10,0.9,0.7
2026-10-09T0700,4109A,116.9744,36.6889,济南市,无影山路12号,颗粒物(PM10),55,56,60,35,32,96,96,NA,NA,30,23,11,11,0.3,0.2
2026-10-09T0700,1653A,116.6229,35.4288,济宁市,火炬城,颗粒物(PM10),56,58,58,30,30,54,54,NA,NA,18,14,8,6,0.7,0.4
2026-10-09T0700,3500A,116.5808,35.3703,济宁市,北湖一中,颗粒物(PM10),60,64,58,35,34,49,49,NA,NA,22,14,6,6,0.5,0.5
2026-10-09T0700,3501A,116.8251,35.5592,济宁市,服务中心,颗粒物(PM10),75,84,76,45,41,13,13,NA,NA,46,28,6,10,0.6,0.5
2026-10-09T0700,3678A,116.5907,35.4054,济宁市,市第七中学,颗粒物(PM10),59,62,64,26,33,56,56,NA,NA,22,17,9,6,0.6,0.5
2026-10-09T0700,4111A,116.6075,35.4566,济宁市,任和路,颗粒物(PM10),70,77,66,40,30,31,31,NA,NA,37,18,4,6,0.4,0.3
2026-10-09T0700,4112A,116.5648,35.3921,济宁市,文体南路1号,颗粒物(PM10),54,55,61,28,31,49,49,NA,NA,25,15,7,5,0.5,0.3
2026-10-09T0700,4122A,112.6071,35.1015,济源市,市委党校,颗粒物(PM10),68,75,72,39,31,49,49,NA,NA,27,22,10,12,0.8,0.7
2026-10-09T0700,4123A,112.596,35.0702,济源市,沁园中路1号,细颗粒物(PM2.5),88,79,66,54,35,38,38,NA,NA,38,29,10,8,1.3,0.9
2026-10-09T0700,2255A,130.2749,46.8028,佳木斯市,佳纺,,36,32,32,25,10,10,10,NA,NA,18,17,1,2,0.4,0.3
2026-10-09T0700,2257A,130.3258,46.7975,佳木斯市,环保局,,30,30,28,13,9,9,9,NA,NA,30,24,4,2,0.3,0.3
2026-10-09T0700,4285A,130.363,46.806,佳木斯市,顺和街,,30,30,27,12,10,6,6,NA,NA,38,25,5,2,0.3,0.2
2026-10-09T0700,4286A,130.3952,46.8268,佳木斯市,长安路196号,NA,NA,NA,26,NA,10,7,7,NA,NA,28,18,6,3,0.4,0.3
2026-10-09T0700,1252A,120.7439,30.778,嘉兴市,清河小学,细颗粒物(PM2.5),70,59,56,45,32,46,46,NA,NA,27,23,8,8,0.3,0.2
2026-10-09T0700,1253A,120.7261,30.7477,嘉兴市,嘉兴学院,细颗粒物(PM2.5),78,57,49,49,33,38,38,NA,NA,38,31,8,8,0.5,0.5
2026-10-09T0700,2872A,120.7845,30.7524,嘉兴市,南湖区残联,细颗粒物(PM2.5),76,58,50,48,34,45,45,NA,NA,40,31,12,9,0.5,0.4
2026-10-09T0700,3407A,120.6915,30.7741,嘉兴市,秀洲住建,细颗粒物(PM2.5),68,47,47,44,30,10,10,NA,NA,75,39,9,9,0.6,0.5
2026-10-09T0700,1945A,98.291,39.7705,嘉峪关市,气象局,,22,17,22,3,9,70,70,NA,NA,19,23,6,9,0.4,0.7
2026-10-09T0700,2884A,98.2672,39.7978,嘉峪关市,酒钢宾馆,,22,22,25,8,8,62,62,NA,NA,16,11,17,19,0.6,0.6
2026-10-09T0700,3248A,98.2644,39.7723,嘉峪关市,雄关区,,30,30,34,9,9,61,61,NA,NA,20,15,4,17,0.4,0.6
2026-10-09T0700,1383A,113.1063,22.6058,江门市,北街,,38,38,55,18,36,66,66,NA,NA,21,27,/,/,/,/
2026-10-09T0700,1384A,113.073,22.5835,江门市,西区,颗粒物(PM10),51,51,61,19,36,58,58,NA,NA,27,29,/,/,/,/
2026-10-09T0700,1385A,113.0218,22.531,江门市,圭峰西,,36,31,53,25,34,50,50,NA,NA,23,25,/,/,/,/
2026-10-09T0700,3311A,113.1077,22.5647,江门市,江海富民,颗粒物(PM10),66,72,67,23,35,42,42,NA,NA,43,29,/,/,0.5,0.5
2026-10-09T0700,3449A,113.0496,22.4669,江门市,新会银湖,细颗粒物(PM2.5),66,53,62,43,42,6,6,NA,NA,42,36,5,7,0.6,0.6
2026-10-09T0700,4326A,113.0794,22.5999,江门市,五邑大学,,50,50,63,29,36,49,49,NA,NA,31,26,7,9,0.5,0.5
2026-10-09T0700,3335A,113.3137,35.2643,焦作市,马村街道办,颗粒物(PM10),56,58,59,36,26,82,82,NA,NA,17,16,1,5,0.7,0.5
2026-10-09T0700,3336A,113.2464,35.2374,焦作市,焦作技师学院,颗粒物(PM10),67,73,60,31,25,54,54,NA,NA,20,14,4,6,0.7,0.5
2026-10-09T0700,3477A,113.1656,35.2536,焦作市,中站许衡医院,颗粒物(PM10),53,54,57,26,26,90,90,NA,NA,12,11,8,9,0.3,0.3
2026-10-09T0700,3981A,113.2456,35.18,焦作市,原李万街道办,颗粒物(PM10),69,76,85,37,28,66,66,NA,NA,31,23,6,6,0.2,0.2
2026-10-09T0700,4264A,113.234,35.219,焦作市,新安路1731号,颗粒物(PM10),79,90,66,41,30,66,66,NA,NA,14,11,1,1,0.5,0.5
2026-10-09T0700,4295A,113.2722,35.2121,焦作市,人民路3066号,颗粒物(PM10),73,82,73,30,30,74,74,NA,NA,17,14,5,5,0.2,0.2
2026-10-09T0700,1708A,116.3701,23.5345,揭阳市,新兴,,33,33,37,19,16,73,73,NA,NA,16,13,11,10,0.5,0.5
2026-10-09T0700,1709A,116.3261,23.5442,揭阳市,西马,,40,40,40,26,17,63,63,NA,NA,13,10,11,8,0.6,0.6
2026-10-09T0700,1710A,116.361,23.5627,揭阳市,东兴,,38,36,38,26,18,54,54,NA,NA,22,15,8,9,/,/
2026-10-09T0700,1711A,116.4151,23.5295,揭阳市,渔湖,,35,35,36,24,18,54,54,NA,NA,18,13,9,9,/,/
2026-10-09T0700,3320A,116.4028,23.5699,揭阳市,曲溪,,36,32,39,25,17,56,56,NA,NA,18,11,10,12,0.7,0.6
2026-10-09T0700,1944A,102.1691,38.5166,金昌市,天庆家园,,24,17,37,3,7,75,75,NA,NA,7,6,2,3,0.0,0.1
2026-10-09T0700,4022A,102.1648,38.5369,金昌市,金川区人防中心,,28,NA,30,12,11,89,89,NA,NA,5,4,4,4,0.2,0.2
2026-10-09T0700,4239A,102.193042,38.531887,金昌市,长春路96号,,29,29,31,10,8,89,89,NA,NA,4,4,4,4,0.1,0.2
2026-10-09T0700,1262A,119.6478,29.0773,金华市,十五中,,50,50,53,29,27,37,37,NA,NA,37,25,6,6,0.6,0.6
2026-10-09T0700,1263A,119.6859,29.1032,金华市,监测站,颗粒物(PM10),53,53,54,28,28,36,36,NA,NA,34,32,3,4,0.5,0.5
2026-10-09T0700,3659A,119.656,29.1132,金华市,气象局,细颗粒物(PM2.5),60,62,50,40,27,30,30,NA,NA,60,35,8,8,0.5,0.4
2026-10-09T0700,1767A,121.1114,41.0879,锦州市,南山,,50,35,66,35,44,22,22,NA,NA,40,31,11,12,1.0,0.7
2026-10-09T0700,1768A,121.060361,40.842794,锦州市,开发区,细颗粒物(PM2.5),107,86,100,67,47,34,34,NA,NA,99,33,19,17,0.9,0.8
2026-10-09T0700,1769A,121.1836,41.1118,锦州市,百股街道,细颗粒物(PM2.5),72,NA,71,46,50,28,28,NA,NA,32,26,17,15,0.9,0.8
2026-10-09T0700,1770A,121.1176,41.1224,锦州市,天安街道,细颗粒物(PM2.5),60,48,78,40,46,32,32,NA,NA,42,36,11,13,1.0,0.9
2026-10-09T0700,1771A,121.1303,41.1385,锦州市,北湖公园,细颗粒物(PM2.5),72,52,70,46,42,24,24,NA,NA,31,26,7,10,0.8,0.7
2026-10-09T0700,4241A,98.5099,39.7506,酒泉市,北大街108号,,22,17,30,15,15,62,62,NA,NA,9,7,7,6,0.4,0.4
2026-10-09T0700,2698A,76.0071,39.466,喀什地区,巡警大队,颗粒物(PM10),86,100,78,36,36,72,72,NA,NA,12,22,4,4,0.1,0.2
2026-10-09T0700,2699A,75.9756,39.4693,喀什地区,吾办,颗粒物(PM10),88,103,78,28,28,60,60,NA,NA,12,19,3,3,0.3,0.5
2026-10-09T0700,4027A,75.9485,39.4688,喀什地区,老干局,颗粒物(PM10),79,90,67,24,17,57,57,NA,NA,14,18,4,4,0.3,0.3
2026-10-09T0700,1824A,114.3389,34.778,开封市,肿瘤医院,细颗粒物(PM2.5),120,91,84,81,43,58,58,NA,NA,42,26,10,10,0.6,0.6
2026-10-09T0700,1826A,114.2884,34.7966,开封市,世纪星幼儿园,细颗粒物(PM2.5),113,NA,67,74,38,90,90,NA,NA,22,19,5,4,1.1,0.8
2026-10-09T0700,3147A,114.3434,34.8101,开封市,龙亭公园,细颗粒物(PM2.5),102,86,86,62,36,86,86,NA,NA,27,24,8,8,0.5,0.3
2026-10-09T0700,3210A,114.3645,34.7955,开封市,汴京公园,细颗粒物(PM2.5),105,102,90,65,41,79,79,NA,NA,29,27,6,6,0.3,0.3
2026-10-09T0700,3473A,114.2485,34.8306,开封市,技师学院,细颗粒物(PM2.5),82,78,75,51,33,122,122,NA,NA,15,12,5,5,0.3,0.2
2026-10-09T0700,3592A,114.4518,34.7503,开封市,祥符区生态环境局,细颗粒物(PM2.5),110,132,104,71,42,46,46,NA,NA,49,36,6,6,0.5,0.4
2026-10-09T0700,1951A,84.886,45.6029,克拉玛依市,长征新村,,18,18,32,3,8,36,36,NA,NA,12,13,2,2,0.4,0.4
2026-10-09T0700,1952A,84.8894,45.5827,克拉玛依市,南林小区,,17,17,28,3,4,32,32,NA,NA,13,18,6,6,0.4,0.4
2026-10-09T0700,1954A,84.896,44.3328,克拉玛依市,独山子区,颗粒物(PM10),51,51,47,12,10,76,76,NA,NA,11,16,3,4,0.5,0.4
2026-10-09T0700,1955A,85.6888,46.0909,克拉玛依市,乌尔禾区商贸楼,NA,NA,33,31,6,8,11,11,NA,NA,21,16,2,2,NA,0.4
2026-10-09T0700,3612A,85.1045,45.6895,克拉玛依市,白碱滩区新站,,40,40,57,11,12,27,27,NA,NA,16,14,5,8,0.2,0.2
2026-10-09T0700,2697A,76.1457,39.7143,克孜勒苏柯尔克孜自治州,市人民政府,颗粒物(PM10),62,66,57,28,24,52,52,NA,NA,9,15,25,6,0.2,0.3
2026-10-09T0700,3665A,76.1654,39.7157,克孜勒苏柯尔克孜自治州,克州文化中心,颗粒物(PM10),97,115,66,36,26,39,39,NA,NA,26,12,14,3,0.3,0.2
2026-10-09T0700,1450A,102.8203,24.889,昆明市,呈贡新区,,35,30,26,24,18,9,9,NA,NA,33,22,3,3,1.2,1
2026-10-09T0700,1452A,102.7253,25.0904,昆明市,龙泉镇,,31,31,34,17,23,13,13,NA,NA,22,27,2,3,0.7,0.7
2026-10-09T0700,1453A,102.7267,25.0378,昆明市,东风东路,,31,31,33,10,22,6,6,NA,NA,30,25,7,7,0.9,0.8
2026-10-09T0700,1454A,102.6744,25.0671,昆明市,金鼎山,,38,38,39,21,23,11,11,NA,NA,37,26,4,5,0.6,0.5
2026-10-09T0700,1455A,102.6643,25.0401,昆明市,碧鸡广场,,46,46,35,27,21,7,7,NA,NA,38,27,7,8,0.6,0.6
2026-10-09T0700,3179A,102.7491,25.012,昆明市,官渡区博物馆,,50,50,38,29,23,2,2,NA,NA,48,27,5,5,1.1,0.8
2026-10-09T0700,3375A,102.8016,24.8336,昆明市,青年创业园,,31,31,30,13,16,7,7,NA,NA,28,21,4,4,0.5,0.6
2026-10-09T0700,3550A,102.8,24.9787,昆明市,昆明学院,颗粒物(PM10),60,63,44,30,21,2,2,NA,NA,36,24,6,6,0.6,0.8
2026-10-09T0700,3551A,102.5969,24.6738,昆明市,晋宁区生态环境分局,,28,27,31,19,22,15,15,NA,NA,22,14,2,2,0.8,0.7
2026-10-09T0700,3552A,102.6673,24.9861,昆明市,云天化总部,,38,38,28,15,15,10,10,NA,NA,30,22,5,6,0.4,0.4
2026-10-09T0700,1456A,91.132,29.6515,拉萨市,八廓街,,31,6,14,6,8,99,99,NA,NA,4,8,8,10,0.1,0.1
2026-10-09T0700,1457A,91.1221,29.6748,拉萨市,市环保局,,29,8,11,6,6,92,92,NA,NA,5,10,7,9,0.1,0.2
2026-10-09T0700,1458A,91.0874,29.6476,拉萨市,区监测站,,30,6,11,6,7,94,94,NA,NA,5,10,6,7,0.1,0.2
2026-10-09T0700,1459A,91.1774,29.6541,拉萨市,西藏大学,,31,7,12,3,7,99,99,NA,NA,5,9,6,9,0.2,0.2
2026-10-09T0700,1460A,90.9798,29.6586,拉萨市,区辐射站,,27,7,19,6,8,86,86,NA,NA,4,14,6,8,0.2,0.2
2026-10-09T0700,1461A,91.0831,29.6292,拉萨市,拉萨火车站,,29,6,12,3,6,92,92,NA,NA,3,10,6,6,0.2,0.3
2026-10-09T0700,2520A,109.2203,23.7252,来宾市,来宾技工学校,NA,NA,NA,46,NA,24,NA,NA,134,NA,NA,17,NA,13,NA,0.6
2026-10-09T0700,3535A,109.1781,23.7293,来宾市,兴宾区政府,,36,34,36,25,20,40,40,NA,NA,11,9,6,8,0.5,0.4
2026-10-09T0700,4002A,109.2312,23.7428,来宾市,中南小学,颗粒物(PM10),52,52,41,30,24,44,44,NA,NA,22,24,13,11,0.7,0.6
2026-10-09T0700,1479A,103.8309,36.0467,兰州市,铁路设计院,颗粒物(PM10),79,90,72,25,26,7,7,NA,NA,60,45,4,5,0.6,0.6
2026-10-09T0700,3241A,103.7439,36.0841,兰州市,百合公园,颗粒物(PM10),58,60,61,19,23,29,29,NA,NA,37,43,4,6,0.6,0.7
2026-10-09T0700,3242A,103.9613,35.9985,兰州市,和平,,44,44,46,3,16,73,73,NA,NA,6,14,15,12,0.3,0.3
2026-10-09T0700,4236A,103.629272,36.093822,兰州市,庄浪东路808号,,46,46,52,11,19,36,36,NA,NA,36,26,11,13,0.4,0.4
2026-10-09T0700,4237A,103.7251,36.104344,兰州市,安宁西路88号,颗粒物(PM10),58,61,69,18,24,44,44,NA,NA,32,34,11,12,0.3,0.5
2026-10-09T0700,4238A,103.846982,36.067567,兰州市,北滨河东路1号,颗粒物(PM10),76,86,65,23,23,3,3,NA,NA,57,41,8,8,1.0,0.7
2026-10-09T0700,1067A,116.6712,39.5109,廊坊市,药材公司,细颗粒物(PM2.5),127,131,137,89,80,31,31,NA,NA,49,35,4,7,0.7,0.6
2026-10-09T0700,1068A,116.7215,39.5592,廊坊市,开发区,细颗粒物(PM2.5),132,130,122,95,77,39,39,NA,NA,31,27,1,4,0.5,0.5
2026-10-09T0700,1070A,116.7246,39.5273,廊坊市,北华航天学院,细颗粒物(PM2.5),139,129,124,102,72,24,24,NA,NA,53,39,4,7,0.6,0.6
2026-10-09T0700,2919A,116.7022,39.5454,廊坊市,河北工业大学,细颗粒物(PM2.5),124,127,144,86,78,56,56,NA,NA,33,40,3,6,0.6,0.6
2026-10-09T0700,2536A,103.7629,29.5844,乐山市,牛耳桥,细颗粒物(PM2.5),110,NA,82,70,72,36,36,NA,NA,13,26,8,9,1.4,1.1
2026-10-09T0700,2537A,103.7501,29.6002,乐山市,市第三水厂,细颗粒物(PM2.5),106,NA,77,66,68,39,39,NA,NA,14,26,6,7,1.4,1
2026-10-09T0700,2538A,103.7571,29.5664,乐山市,市监测站,细颗粒物(PM2.5),108,73,99,68,67,44,44,NA,NA,10,20,5,7,1.2,0.9
2026-10-09T0700,3361A,103.7313,29.563,乐山市,理工大学,细颗粒物(PM2.5),103,NA,70,63,60,36,36,NA,NA,12,19,7,9,1.1,0.8
2026-10-09T0700,2599A,100.2497,26.8802,丽江市,丽江古城,,15,12,17,10,10,32,32,NA,NA,13,10,3,4,0.5,0.5
2026-10-09T0700,2600A,100.2203,26.8906,丽江市,市中心,,12,12,12,6,9,22,22,NA,NA,14,11,5,6,0.5,0.5
2026-10-09T0700,1267A,119.9141,28.4513,丽水市,监测站大楼,,28,21,31,19,17,17,17,NA,NA,23,28,6,6,0.4,0.4
2026-10-09T0700,1268A,119.93,28.4589,丽水市,莲都小学,,36,36,31,24,17,26,26,NA,NA,23,18,/,/,/,/
2026-10-09T0700,1269A,119.8794,28.4232,丽水市,余庄前,,30,28,31,21,17,0,0,NA,NA,9,14,4,5,0.5,0.5
2026-10-09T0700,1173A,119.1759,34.5885,连云港市,市环境监测站,,26,19,17,9,6,81,81,NA,NA,15,10,8,9,0.3,0.3
2026-10-09T0700,3000A,119.3577,34.6971,连云港市,德源药业,,24,24,23,14,9,40,40,NA,NA,27,19,6,7,0.7,0.7
2026-10-09T0700,3007A,119.178,34.8442,连云港市,新城一中,颗粒物(PM10),72,80,31,26,10,24,24,NA,NA,37,33,12,11,0.4,0.3
2026-10-09T0700,3008A,119.3607,34.7519,连云港市,胡沟管理处,,20,12,11,3,3,62,62,NA,NA,32,20,7,9,0.3,0.4
2026-10-09T0700,3009A,119.1478,34.5913,连云港市,矿山设计院,,20,17,18,9,7,62,62,NA,NA,14,8,3,4,0.4,0.4
2026-10-09T0700,3434A,119.2414,34.6539,连云港市,工贸学校,,25,14,14,8,7,78,78,NA,NA,8,9,8,9,0,0.3
2026-10-09T0700,3664A,119.4171,34.734,连云港市,连云街道,,23,19,19,8,8,73,73,NA,NA,10,13,12,12,0.4,0.3
2026-10-09T0700,2573A,102.2629,27.8981,凉山彝族自治州,西昌市政府,,38,NA,23,26,21,20,20,NA,NA,14,10,8,11,0.9,0.9
2026-10-09T0700,2574A,102.2686,27.885,凉山彝族自治州,凉山州政府,,30,27,24,21,22,20,20,NA,NA,13,11,5,7,0.7,0.8
2026-10-09T0700,4229A,102.2342,27.8859,凉山彝族自治州,凯乐南路30号,,36,32,28,25,24,9,9,NA,NA,27,17,6,8,0.9,0.9
2026-10-09T0700,2212A,123.1978,41.2036,辽阳市,宏伟区,,42,25,33,21,19,133,133,NA,NA,6,9,8,10,0.4,0.5
2026-10-09T0700,2213A,123.1684,41.2497,辽阳市,新华园,,43,40,56,30,23,100,100,NA,NA,26,18,8,10,0.6,0.6
2026-10-09T0700,2214A,123.2355,41.2663,辽阳市,滨河路,,45,NA,44,31,21,103,103,NA,NA,12,16,9,10,0.8,0.8
2026-10-09T0700,4083A,123.153,41.2874,辽阳市,铁西路150号,,39,31,60,27,22,110,110,NA,NA,16,15,8,10,0.6,0.8
2026-10-09T0700,2227A,125.1359,42.8845,辽源市,环保局,细颗粒物(PM2.5),70,67,61,45,35,5,5,NA,NA,28,24,6,7,0.9,0.7
2026-10-09T0700,4085A,125.0998,42.9134,辽源市,安宁大街333号,细颗粒物(PM2.5),66,47,56,43,36,22,22,NA,NA,27,23,7,7,1.0,0.7
2026-10-09T0700,1625A,115.9789,36.4372,聊城市,区政府,细颗粒物(PM2.5),86,86,86,53,41,73,73,NA,NA,24,15,13,11,0.5,0.3
2026-10-09T0700,3200A,115.9772,36.4986,聊城市,监控中心,细颗粒物(PM2.5),70,64,86,45,43,94,94,NA,NA,20,16,13,10,0.6,0.5
2026-10-09T0700,3513A,116.0443,36.436,聊城市,九州社区,细颗粒物(PM2.5),78,76,88,49,45,86,86,NA,NA,23,19,13,11,0.5,0.5
2026-10-09T0700,4018A,116.0564,36.4609,聊城市,星美广场,细颗粒物(PM2.5),92,87,93,56,47,79,79,NA,NA,21,14,13,9,0.4,0.2
2026-10-09T0700,4113A,116.0091,36.4495,聊城市,利民路,颗粒物(PM10),75,85,90,41,41,84,84,NA,NA,24,18,16,13,0.6,0.6
2026-10-09T0700,2632A,94.3683,29.6373,林芝市,林芝监测站,,24,NA,9,7,5,75,75,NA,NA,3,5,4,5,0.2,0.3
2026-10-09T0700,2633A,94.3616,29.6634,林芝市,林芝人民医院,,22,NA,11,14,6,68,68,NA,NA,4,7,5,5,0.1,0.1
2026-10-09T0700,2603A,100.0779,23.8981,临沧市,市环保局,,9,NA,20,6,12,9,9,NA,NA,10,11,11,10,0.3,0.3
2026-10-09T0700,2604A,100.0894,23.882,临沧市,市气象局,,19,16,22,13,15,11,11,NA,NA,10,9,10,10,0.5,0.5
2026-10-09T0700,1733A,111.5552,36.0791,临汾市,临钢医院,颗粒物(PM10),55,56,60,30,32,43,43,NA,NA,31,31,11,8,0.7,0.7
2026-10-09T0700,1734A,111.4984,36.0734,临汾市,技工学校,颗粒物(PM10),56,58,70,31,33,43,43,NA,NA,26,26,6,6,0.6,0.6
2026-10-09T0700,1736A,111.5017,36.0857,临汾市,市委,颗粒物(PM10),60,64,66,24,30,44,44,NA,NA,25,26,9,7,0.5,0.6
2026-10-09T0700,3018A,111.5048,36.1015,临汾市,唐尧大酒店,颗粒物(PM10),62,66,68,25,31,37,37,NA,NA,23,26,8,8,0.7,0.7
2026-10-09T0700,4244A,111.4879,36.053,临汾市,启星学校,细颗粒物(PM2.5),56,40,56,38,34,42,42,NA,NA,26,28,8,8,0.6,0.7
2026-10-09T0700,4271A,103.2464,35.6123,临夏回族自治州,滨河东路1号,颗粒物(PM10),80,92,76,40,41,35,35,NA,NA,21,22,8,10,0.6,0.5
2026-10-09T0700,4310A,103.207136,35.599807,临夏回族自治州,新华街21号,颗粒物(PM10),56,58,74,16,38,56,56,NA,NA,10,15,10,9,0.4,0.5
2026-10-09T0700,1618A,118.3429,35.0532,临沂市,沂河小区,颗粒物(PM10),56,58,48,33,19,25,25,NA,NA,30,16,4,6,0.6,0.5
2026-10-09T0700,1619A,118.2962,35.0568,临沂市,鲁南制药厂,颗粒物(PM10),53,53,42,34,17,43,43,NA,NA,29,17,6,7,0.5,0.4
2026-10-09T0700,1620A,118.2793,34.9976,临沂市,新光毛纺厂,,44,44,43,29,24,43,43,NA,NA,35,22,5,6,0.5,0.4
2026-10-09T0700,1621A,118.3955,35.0889,临沂市,河东保险公司,细颗粒物(PM2.5),66,61,48,43,25,8,8,NA,NA,53,26,6,7,0.6,0.5
2026-10-09T0700,3370A,118.3563,35.0215,临沂市,十里堡居委,细颗粒物(PM2.5),52,51,37,36,19,29,29,NA,NA,38,22,5,7,0.7,0.6
2026-10-09T0700,3496A,118.359,35.1067,临沂市,南坊新区,细颗粒物(PM2.5),68,53,40,44,22,26,26,NA,NA,33,19,3,4,0.4,0.6
2026-10-09T0700,3860A,118.3915,35.0297,临沂市,皇山花园小区,细颗粒物(PM2.5),76,66,41,48,21,11,11,NA,NA,56,28,6,7,0.8,0.6
2026-10-09T0700,1870A,109.4854,24.3898,柳州市,柳东小学,,32,32,32,22,19,80,80,NA,NA,7,9,8,7,0.5,0.5
2026-10-09T0700,1871A,109.4109,24.3304,柳州市,环保监测站,细颗粒物(PM2.5),68,65,59,44,29,44,44,NA,NA,22,24,24,21,0.8,0.6
2026-10-09T0700,1872A,109.3886,24.3408,柳州市,河西水厂,细颗粒物(PM2.5),84,83,71,52,36,23,23,NA,NA,24,23,83,32,0.8,0.9
2026-10-09T0700,1873A,109.4263,24.2951,柳州市,市四中,,49,45,51,34,30,66,66,NA,NA,11,18,19,13,0.7,0.8
2026-10-09T0700,1874A,109.396,24.3658,柳州市,市九中,细颗粒物(PM2.5),80,61,59,50,35,30,30,NA,NA,26,23,17,15,1.0,0.9
2026-10-09T0700,1875A,109.4912,24.3164,柳州市,古亭山,,43,34,35,30,20,38,38,NA,NA,22,26,6,6,0.6,0.6
2026-10-09T0700,3402A,109.5422,24.3994,柳州市,市二中,,35,28,38,24,23,35,35,NA,NA,18,19,3,4,0.5,0.4
2026-10-09T0700,2307A,116.5078,31.7369,六安市,监测大楼,,33,33,38,23,27,50,50,NA,NA,22,17,3,5,0.4,0.4
2026-10-09T0700,2308A,116.4738,31.7642,六安市,皖西学院,,43,36,43,30,28,26,26,NA,NA,26,16,7,8,0.4,0.3
2026-10-09T0700,2309A,116.4997,31.7904,六安市,朝阳厂,细颗粒物(PM2.5),74,51,44,47,31,23,23,NA,NA,33,22,3,2,0.3,0.2
2026-10-09T0700,2310A,116.5566,31.7885,六安市,开发区,细颗粒物(PM2.5),80,69,61,50,28,40,40,NA,NA,41,23,7,7,0.4,0.3
2026-10-09T0700,2577A,104.8293,26.592,六盘水市,黄土坡,颗粒物(PM10),64,69,38,10,18,85,85,NA,NA,5,9,3,5,0.3,0.3
2026-10-09T0700,2579A,104.8481,26.5898,六盘水市,民中,,27,NA,20,14,18,85,85,NA,NA,6,10,1,2,0.3,0.4
2026-10-09T0700,2580A,104.9541,26.5506,六盘水市,双水,,27,14,23,8,16,85,85,NA,NA,5,8,5,6,0.3,0.3
2026-10-09T0700,4151A,104.8899,26.5685,六盘水市,钟山大道中段564号,,28,28,35,3,17,82,82,NA,NA,4,7,6,6,0.5,0.5
2026-10-09T0700,2336A,117.022,25.1031,龙岩市,龙岩市监测站,,32,23,25,22,17,39,39,NA,NA,12,14,15,12,0.6,0.4
2026-10-09T0700,2337A,117.0257,25.0662,龙岩市,闽西职业技术学院,,38,38,32,16,13,22,22,NA,NA,8,7,6,8,0.5,0.5
2026-10-09T0700,2338A,117.0195,25.0306,龙岩市,龙岩学院,,29,25,25,20,15,20,20,NA,NA,11,8,8,7,/,/
2026-10-09T0700,2885A,104.9344,33.3827,陇南市,滨江中学,,50,50,49,25,21,37,37,NA,NA,12,10,9,9,0.8,0.6
2026-10-09T0700,3247A,104.9551,33.3709,陇南市,市总工会,,43,43,42,22,20,40,40,NA,NA,7,7,8,8,0.3,0.4
2026-10-09T0700,2488A,111.9984,27.7346,娄底市,市监测站,细颗粒物(PM2.5),66,65,56,43,35,27,27,NA,NA,33,25,10,11,1.1,0.8
2026-10-09T0700,2491A,111.9888,27.7035,娄底市,市政府,细颗粒物(PM2.5),62,54,50,41,37,9,9,NA,NA,11,13,3,4,0.6,0.6
2026-10-09T0700,4127A,111.9812,27.7591,娄底市,涟钢职大,,44,44,41,29,26,47,47,NA,NA,10,15,5,7,0.8,1.2
2026-10-09T0700,4128A,112.0303,27.7457,娄底市,娄底体校,,45,40,43,31,28,1,1,NA,NA,11,11,2,3,0.6,0.5
2026-10-09T0700,1894A,105.4427,28.9063,泸州市,小市上码头,细颗粒物(PM2.5),131,112,96,94,76,18,18,NA,NA,17,16,8,8,0.7,0.7
2026-10-09T0700,1895A,105.4241,28.8573,泸州市,兰田宪桥,细颗粒物(PM2.5),128,116,104,90,75,14,14,NA,NA,14,17,7,9,0.8,0.8
2026-10-09T0700,1896A,105.4378,28.8833,泸州市,市环监站,细颗粒物(PM2.5),117,114,96,78,66,28,28,NA,NA,14,14,7,7,1.0,1
2026-10-09T0700,4325A,105.3665,28.77434,泸州市,纳溪区委政协,细颗粒物(PM2.5),130,NA,91,92,93,8,8,NA,NA,20,23,6,7,1.1,0.9
2026-10-09T0700,2183A,111.1447,37.5212,吕梁市,环保局,颗粒物(PM10),56,58,65,25,17,15,15,NA,NA,40,43,3,7,0.7,0.7
2026-10-09T0700,2185A,111.1285,37.5338,吕梁市,自来水公司,颗粒物(PM10),78,88,57,26,16,21,21,NA,NA,31,29,8,8,0.4,0.5
2026-10-09T0700,2867A,111.1225,37.5093,吕梁市,马茂庄小学,颗粒物(PM10),66,72,59,27,17,21,21,NA,NA,32,40,9,7,0.6,0.6
2026-10-09T0700,1812A,112.3934,34.6517,洛阳市,市委党校,细颗粒物(PM2.5),76,70,67,48,43,30,30,NA,NA,27,25,12,15,0.6,0.6
2026-10-09T0700,1815A,112.494,34.6883,洛阳市,河南林校,细颗粒物(PM2.5),80,75,72,50,42,12,12,NA,NA,51,36,10,12,0.5,0.5
2026-10-09T0700,1816A,112.3843,34.623,洛阳市,开发区管委会,细颗粒物(PM2.5),103,77,57,63,38,33,33,NA,NA,24,18,10,12,0.6,0.6
2026-10-09T0700,1817A,112.4263,34.6249,洛阳市,市委新办公区,细颗粒物(PM2.5),104,82,64,64,38,25,25,NA,NA,23,20,14,14,0.6,0.5
2026-10-09T0700,3340A,112.6005,34.6323,洛阳市,伊滨,细颗粒物(PM2.5),82,84,71,51,39,23,23,NA,NA,27,27,8,8,0.5,0.3
2026-10-09T0700,3341A,112.495,34.6338,洛阳市,中移产业园,细颗粒物(PM2.5),88,78,68,54,42,18,18,NA,NA,25,27,10,12,0.6,0.5
2026-10-09T0700,3593A,112.5736,34.8993,洛阳市,吉利监测站,颗粒物(PM10),59,62,62,33,33,60,60,NA,NA,17,22,13,13,0.7,0.5
2026-10-09T0700,3635A,112.3678,34.6623,洛阳市,河科大西苑校区,细颗粒物(PM2.5),66,67,75,43,46,42,42,NA,NA,30,28,12,16,0.8,0.7
2026-10-09T0700,3636A,112.4387,34.678,洛阳市,英才小学,细颗粒物(PM2.5),94,93,88,57,48,4,4,NA,NA,59,40,10,12,0.7,0.7
2026-10-09T0700,4214A,112.460027,34.694929,洛阳市,春都路1号院,细颗粒物(PM2.5),64,66,77,42,44,14,14,NA,NA,36,32,8,7,0.6,0.5
2026-10-09T0700,2399A,114.051,33.5721,漯河市,三五一五工厂,细颗粒物(PM2.5),100,97,73,60,33,58,58,NA,NA,40,26,7,8,0.5,0.5
2026-10-09T0700,2400A,114.0055,33.5698,漯河市,漯河大学,颗粒物(PM10),85,99,75,42,28,73,73,NA,NA,36,24,8,8,0.5,0.5
2026-10-09T0700,2401A,114.0134,33.5826,漯河市,市水利局,颗粒物(PM10),78,88,67,45,29,89,89,NA,NA,26,19,10,11,0.5,0.5
2026-10-09T0700,2402A,114.0261,33.5697,漯河市,市广电局,颗粒物(PM10),79,90,69,47,30,91,91,NA,NA,21,18,7,6,0.5,0.4
2026-10-09T0700,3478A,113.9691,33.568,漯河市,市图书馆,颗粒物(PM10),77,87,70,37,26,97,97,NA,NA,26,21,11,11,0.6,0.6
2026-10-09T0700,4250A,114.089259,33.588274,漯河市,韶山路11号,细颗粒物(PM2.5),86,90,69,53,30,73,73,NA,NA,36,26,12,11,0.6,0.5
2026-10-09T0700,1798A,118.5084,31.6838,马鞍山市,湖东路四小,细颗粒物(PM2.5),110,101,63,71,35,66,66,NA,NA,31,21,10,12,0.9,0.7
2026-10-09T0700,1799A,118.5019,31.6449,马鞍山市,开发区,细颗粒物(PM2.5),105,85,74,65,46,65,65,NA,NA,34,29,9,13,0.9,0.8
2026-10-09T0700,3633A,118.4914,31.681,马鞍山市,雨山,细颗粒物(PM2.5),106,85,60,66,38,71,71,NA,NA,28,22,8,12,0.7,0.6
2026-10-09T0700,4191A,118.527362,31.722269,马鞍山市,慈湖高新区,细颗粒物(PM2.5),106,102,74,66,39,32,32,NA,NA,55,25,5,7,0.8,0.6
2026-10-09T0700,1686A,111.0285,21.469,茂名市,电白南海,颗粒物(PM10),63,68,60,39,33,133,133,NA,NA,14,14,8,7,0.6,0.5
2026-10-09T0700,1687A,110.9294,21.6533,茂名市,茂石化七小,,49,46,47,34,32,112,112,NA,NA,13,12,5,12,0.6,0.6
2026-10-09T0700,1688A,110.9108,21.6688,茂名市,健康路,,46,36,39,32,30,129,129,NA,NA,13,12,6,9,0.5,0.5
2026-10-09T0700,1689A,110.8592,21.6826,茂名市,高岭,颗粒物(PM10),53,53,54,30,30,130,130,NA,NA,15,13,12,11,/,/
2026-10-09T0700,3450A,111.0101,21.5165,茂名市,电白水东,细颗粒物(PM2.5),64,56,46,42,32,125,125,NA,NA,13,12,12,8,/,/
2026-10-09T0700,2540A,103.8414,30.0871,眉山市,气象局,细颗粒物(PM2.5),98,68,75,59,56,10,10,NA,NA,38,31,9,14,1.1,1.1
2026-10-09T0700,3148A,103.829,30.0563,眉山市,区人社局,细颗粒物(PM2.5),80,76,78,50,47,5,5,NA,NA,46,32,8,17,0.8,0.9
2026-10-09T0700,4148A,103.8836,30.0695,眉山市,眉职院,细颗粒物(PM2.5),104,94,95,64,61,19,19,NA,NA,23,27,8,10,1.3,1.3
2026-10-09T0700,1690A,116.1248,24.3307,梅州市,梅江月梅,,34,34,33,22,19,12,12,NA,NA,20,15,/,/,/,/
2026-10-09T0700,1691A,116.0798,24.2719,梅州市,梅县新城,,28,21,39,19,21,26,26,NA,NA,10,17,11,11,0.8,0.8
2026-10-09T0700,3315A,116.1234,24.2994,梅州市,梅龙,,29,27,31,20,18,23,23,NA,NA,14,11,7,8,0.6,0.5
2026-10-09T0700,1878A,104.7775,31.4741,绵阳市,富乐山,细颗粒物(PM2.5),104,97,81,64,45,12,12,NA,NA,22,18,12,12,1.0,0.9
2026-10-09T0700,1880A,104.6698,31.4668,绵阳市,高新区自来水公司,细颗粒物(PM2.5),84,83,84,52,44,20,20,NA,NA,22,27,10,10,0.9,0.9
2026-10-09T0700,3491A,104.6899,31.5324,绵阳市,西科大附属小学,颗粒物(PM10),73,82,74,46,41,13,13,NA,NA,28,25,10,10,0.7,0.6
2026-10-09T0700,3492A,104.5647,31.5343,绵阳市,安州区旅游局,颗粒物(PM10),55,57,67,36,39,27,27,NA,NA,14,15,12,7,0.6,0.6
2026-10-09T0700,4146A,104.7092,31.4972,绵阳市,科技城新区公安局,颗粒物(PM10),85,98,78,47,42,11,11,NA,NA,33,30,11,11,0.9,0.8
2026-10-09T0700,4226A,104.765114,31.453094,绵阳市,绵阳市气象局,细颗粒物(PM2.5),94,90,74,57,45,14,14,NA,NA,23,24,8,7,0.9,0.8
2026-10-09T0700,1784A,129.61,44.561,牡丹江市,环保大楼,,43,43,34,8,10,19,19,NA,NA,20,15,8,7,0.2,0.2
2026-10-09T0700,1787A,129.6364,44.6075,牡丹江市,机车工厂,颗粒物(PM10),72,80,49,16,13,15,15,NA,NA,19,15,4,6,0.2,0.2
2026-10-09T0700,1788A,129.6386,44.5462,牡丹江市,第一中学,,26,26,31,3,9,17,17,NA,NA,17,14,5,6,0.4,0.4
2026-10-09T0700,4287A,129.5992,44.5964,牡丹江市,东晓云街98号,,28,28,38,10,10,15,15,NA,NA,17,12,12,9,0.6,0.5
2026-10-09T0700,2531A,105.0703,29.61,内江市,市监测站,细颗粒物(PM2.5),126,92,62,88,59,47,47,NA,NA,15,13,8,8,0.9,0.8
2026-10-09T0700,2533A,105.0657,29.5807,内江市,内江二中,细颗粒物(PM2.5),117,96,71,78,57,43,43,NA,NA,19,14,7,7,0.6,0.5
2026-10-09T0700,2534A,105.0407,29.5828,内江市,内江日报社,细颗粒物(PM2.5),120,NA,57,81,59,43,43,NA,NA,16,16,10,9,0.4,0.3
2026-10-09T0700,4147A,105.0433,29.6105,内江市,玉峰路西段888号,细颗粒物(PM2.5),117,78,60,78,56,39,39,NA,NA,19,14,7,8,0.6,0.6
2026-10-09T0700,2628A,92.0653,31.4846,那曲市,那曲监测站,,28,15,38,6,23,87,87,NA,NA,3,17,8,10,0.4,0.7
2026-10-09T0700,4243A,92.0515,31.4787,那曲市,那曲市委宣传部,NA,NA,NA,28,4,18,87,87,NA,NA,4,11,5,6,0.2,0.4
2026-10-09T0700,1291A,115.8887,28.7006,南昌市,省林业公司,,49,44,41,34,28,62,62,NA,NA,28,18,7,9,0.5,0.5
2026-10-09T0700,1292A,115.813,28.7443,南昌市,林科所,,38,NA,30,26,23,99,99,NA,NA,20,23,8,10,0.8,0.8
2026-10-09T0700,1294A,115.8518,28.687,南昌市,建工学校,颗粒物(PM10),53,54,50,27,29,77,77,NA,NA,27,25,12,13,0.8,0.8
2026-10-09T0700,1295A,115.8926,28.6425,南昌市,象湖,,46,NA,38,32,30,70,70,NA,NA,21,24,10,11,0.9,1
2026-10-09T0700,3046A,115.9084,28.6062,南昌市,机电学校,颗粒物(PM10),58,60,49,38,31,59,59,NA,NA,42,25,10,11,0.5,0.5
2026-10-09T0700,3690A,115.9718,28.7032,南昌市,外国语学校,细颗粒物(PM2.5),66,48,44,43,32,50,50,NA,NA,27,20,9,10,0.3,0.3
2026-10-09T0700,4106A,115.7923,28.6873,南昌市,工业二路,,40,40,48,24,27,41,41,NA,NA,34,31,8,9,0.6,0.7
2026-10-09T0700,4192A,115.931587,28.686774,南昌市,南京东路235号,,48,48,51,32,27,58,58,NA,NA,22,16,5,7,0.8,0.8
2026-10-09T0700,1906A,106.0791,30.8022,南充市,南充市委,细颗粒物(PM2.5),107,92,72,67,49,6,6,NA,NA,19,18,7,7,0.6,0.5
2026-10-09T0700,1907A,106.1038,30.8215,南充市,南充炼油厂,细颗粒物(PM2.5),121,103,81,83,57,12,12,NA,NA,18,24,8,8,0.7,0.6
2026-10-09T0700,4227A,106.108336,30.788436,南充市,梨树横街98号,细颗粒物(PM2.5),120,135,89,82,56,12,12,NA,NA,18,21,8,9,0.6,0.6
2026-10-09T0700,4304A,106.1172,30.843,南充市,清泉寺北路188号,细颗粒物(PM2.5),117,96,77,78,56,11,11,NA,NA,16,21,9,9,0.6,0.5
2026-10-09T0700,4305A,106.067,30.7616,南充市,同庆路1号,细颗粒物(PM2.5),120,93,70,82,54,15,15,NA,NA,23,21,9,9,0.7,0.6
2026-10-09T0700,1151A,118.8033,32.1085,南京市,迈皋桥,细颗粒物(PM2.5),66,60,53,43,34,21,21,NA,NA,33,21,7,9,0.6,0.4
2026-10-09T0700,1152A,118.7487,32.057,南京市,草场门,细颗粒物(PM2.5),90,73,61,55,39,90,90,NA,NA,31,28,8,8,0.8,0.7
2026-10-09T0700,1154A,118.770105,32.004342,南京市,中华门,细颗粒物(PM2.5),105,85,60,65,38,32,32,NA,NA,38,22,6,7,0.4,0.2
2026-10-09T0700,1155A,118.8059,32.0329,南京市,瑞金路,细颗粒物(PM2.5),100,88,67,60,42,58,58,NA,NA,30,28,6,5,0.7,0.5
2026-10-09T0700,1156A,118.7946,32.0774,南京市,玄武湖,细颗粒物(PM2.5),80,62,52,50,32,93,93,NA,NA,21,20,4,4,0.5,0.5
2026-10-09T0700,1157A,118.6415,32.0964,南京市,浦口,细颗粒物(PM2.5),102,NA,62,62,40,56,56,NA,NA,46,35,7,8,1.0,0.8
2026-10-09T0700,1158A,118.730129,32.000956,南京市,奥体中心,细颗粒物(PM2.5),92,82,65,56,36,51,51,NA,NA,46,31,8,10,0.8,0.6
2026-10-09T0700,1159A,118.9072,32.1047,南京市,仙林大学城,细颗粒物(PM2.5),70,75,61,45,35,56,56,NA,NA,40,23,5,6,0.6,0.5
2026-10-09T0700,3422A,118.8443,31.919,南京市,江宁彩虹桥,细颗粒物(PM2.5),101,70,63,61,38,41,41,NA,NA,39,22,8,8,0.7,0.6
2026-10-09T0700,3427A,118.8497,32.3599,南京市,六合雄州,细颗粒物(PM2.5),88,85,63,54,37,17,17,NA,NA,36,30,4,4,0.5,0.6
2026-10-09T0700,4086A,118.7641,32.0841,南京市,新模范马路66号,细颗粒物(PM2.5),84,70,59,52,34,76,76,NA,NA,33,22,4,3,0.6,0.5
2026-10-09T0700,4249A,118.8707617,31.34017673,南京市,汶溪路181号,细颗粒物(PM2.5),98,NA,53,59,32,37,37,NA,NA,56,23,8,10,0.9,0.8
2026-10-09T0700,4312A,119.019,31.6512,南京市,中山西路1号,细颗粒物(PM2.5),104,78,62,64,36,25,25,NA,NA,40,24,4,5,1.0,0.9
2026-10-09T0700,1401A,108.3098,22.788,南宁市,二十一中,细颗粒物(PM2.5),82,59,41,51,28,16,16,NA,NA,49,26,14,9,1.0,0.9
2026-10-09T0700,1402A,108.3135,22.8529,南宁市,北湖,细颗粒物(PM2.5),62,48,52,41,34,17,17,NA,NA,47,31,7,9,0.7,0.6
2026-10-09T0700,1403A,108.3205,22.8222,南宁市,市监测站,细颗粒物(PM2.5),60,NA,36,40,23,21,21,NA,NA,47,19,13,11,0.9,0.8
2026-10-09T0700,1404A,108.3828,22.8038,南宁市,大自然花园,,39,39,33,24,20,59,59,NA,NA,19,13,8,8,0.6,0.5
2026-10-09T0700,1406A,108.2397,22.8462,南宁市,区农职院,,49,NA,42,34,27,48,48,NA,NA,19,15,11,15,0.8,0.7
2026-10-09T0700,1407A,108.3285,22.7356,南宁市,英华嘉园,细颗粒物(PM2.5),68,57,47,44,29,34,34,NA,NA,35,30,12,8,0.7,0.6
2026-10-09T0700,3401A,108.4829,22.762,南宁市,红星社区,,47,47,39,28,22,26,26,NA,NA,44,22,11,8,0.7,0.6
2026-10-09T0700,4132A,108.2927,23.1477,南宁市,起凤路9号,细颗粒物(PM2.5),72,59,46,46,32,9,9,NA,NA,37,21,3,4,0.5,0.5
2026-10-09T0700,4221A,108.2177,22.7774,南宁市,乐贤路16号,细颗粒物(PM2.5),68,44,52,44,31,24,24,NA,NA,33,34,10,11,0.7,0.7
2026-10-09T0700,2332A,118.1682,26.6371,南平市,南平市监测站,,26,26,24,15,13,26,26,NA,NA,18,11,5,6,0.6,0.5
2026-10-09T0700,2334A,118.1757,26.6276,南平市,南平七中,,19,17,26,13,13,33,33,NA,NA,10,10,4,5,0.3,0.4
2026-10-09T0700,1168A,120.9056,31.9669,南通市,狼山街道,细颗粒物(PM2.5),94,72,60,57,34,42,42,NA,NA,38,22,6,7,0.7,0.6
2026-10-09T0700,1170A,120.8635,32.0231,南通市,城中,细颗粒物(PM2.5),76,76,67,48,31,88,88,NA,NA,27,16,7,7,0.3,0.3
2026-10-09T0700,1171A,120.9376,31.9301,南通市,星湖花园,细颗粒物(PM2.5),82,NA,52,51,34,57,57,NA,NA,23,14,5,8,0.5,0.5
2026-10-09T0700,1172A,120.8053,32.046,南通市,紫琅学院,细颗粒物(PM2.5),76,57,44,48,26,66,66,NA,NA,37,20,6,6,0.6,0.7
2026-10-09T0700,3291A,121.0631,32.0644,南通市,通州监测站,颗粒物(PM10),53,53,54,36,26,96,96,NA,NA,14,10,3,4,0.6,0.5
2026-10-09T0700,3432A,120.9348,31.9874,南通市,环境教育馆,细颗粒物(PM2.5),86,80,70,53,40,27,27,NA,NA,35,27,4,6,0.8,0.6
2026-10-09T0700,4091A,120.8692,31.9885,南通市,洪江路,细颗粒物(PM2.5),80,58,52,50,33,99,99,NA,NA,16,16,8,8,0.3,0.3
2026-10-09T0700,2404A,112.5338,33.0086,南阳市,瓦房庄,颗粒物(PM10),53,54,76,28,32,67,67,NA,NA,20,29,7,8,0.4,0.7
2026-10-09T0700,2405A,112.5002,32.9734,南阳市,汉画馆,颗粒物(PM10),56,58,75,30,35,35,35,NA,NA,24,31,7,8,0.5,0.6
2026-10-09T0700,2406A,112.5778,33.0144,南阳市,气象站,,47,47,74,29,27,71,71,NA,NA,9,23,8,9,0.6,0.8
2026-10-09T0700,2407A,112.548,32.9687,南阳市,理工学院,,48,48,74,26,34,64,64,NA,NA,15,31,9,10,0.5,0.6
2026-10-09T0700,4008A,112.5233,32.9921,南阳市,卧龙区政府,颗粒物(PM10),55,56,95,27,30,68,68,NA,NA,16,28,6,7,0.5,0.6
2026-10-09T0700,1234A,121.8352,29.9111,宁波市,区环保大楼,颗粒物(PM10),51,51,48,33,26,45,45,NA,NA,60,31,8,8,0.5,0.4
2026-10-09T0700,1235A,121.5595,29.8208,宁波市,万里学院,,49,48,49,34,32,41,41,NA,NA,39,26,11,12,0.6,0.6
2026-10-09T0700,1236A,121.713,29.9564,宁波市,龙赛医院,细颗粒物(PM2.5),76,76,63,48,32,43,43,NA,NA,41,30,8,10,0.8,0.7
2026-10-09T0700,1240A,121.5855,29.8635,宁波市,太古小学,细颗粒物(PM2.5),56,56,57,38,32,38,38,NA,NA,42,30,6,6,0.6,0.6
2026-10-09T0700,1241A,121.5239,29.8673,宁波市,市环境监测中心,颗粒物(PM10),56,58,59,29,35,48,48,NA,NA,29,25,11,11,0.4,0.5
2026-10-09T0700,2871A,121.6156,29.9015,宁波市,万里国际学校,细颗粒物(PM2.5),72,52,50,46,32,39,39,NA,NA,41,34,9,9,0.8,0.8
2026-10-09T0700,3710A,121.5593,29.8976,宁波市,白沙活动中心,,45,38,40,31,32,64,64,NA,NA,25,24,11,11,0.5,0.5
2026-10-09T0700,4095A,121.8962,29.7529,宁波市,中科路88号,,30,30,39,15,20,51,51,NA,NA,34,17,10,10,0.7,0.7
2026-10-09T0700,2341A,119.5387,26.6611,宁德市,宁德市监测站,,20,NA,27,12,14,62,62,NA,NA,10,6,5,6,0.7,0.7
2026-10-09T0700,3209A,119.5231,26.6562,宁德市,宁德一中,,25,18,27,14,14,77,77,NA,NA,6,7,5,6,0.4,0.5
2026-10-09T0700,2618A,98.859,25.8541,怒江傈僳族自治州,州监测站,,20,20,18,12,14,36,36,NA,NA,4,7,6,7,0.5,0.5
2026-10-09T0700,2619A,98.8607,25.8168,怒江傈僳族自治州,泸水一中,,19,NA,21,13,14,21,21,NA,NA,7,12,6,6,0.3,0.5
2026-10-09T0700,1888A,101.6891,26.571,攀枝花市,弄弄坪,,31,31,37,15,18,19,19,NA,NA,14,15,7,15,0.4,1.2
2026-10-09T0700,1889A,101.577,26.5914,攀枝花市,河门口,,26,26,38,15,21,21,21,NA,NA,9,12,8,12,1.1,1
2026-10-09T0700,1891A,101.7365,26.4986,攀枝花市,仁和,,33,33,28,23,20,9,9,NA,NA,14,11,7,13,0.8,1.3
2026-10-09T0700,2835A,101.7222,26.567,攀枝花市,四十中小,,45,45,41,23,24,13,13,NA,NA,23,23,13,18,1.0,1.4
2026-10-09T0700,1604A,122.0303,41.1489,盘锦市,开发区,细颗粒物(PM2.5),72,NA,41,46,36,88,88,NA,NA,15,11,7,7,0.5,0.6
2026-10-09T0700,1605A,122.0486,41.0883,盘锦市,兴隆台,,39,36,48,27,25,87,87,NA,NA,25,16,6,7,0.6,0.6
2026-10-09T0700,1606A,121.8297,41.1026,盘锦市,新生街道,细颗粒物(PM2.5),54,NA,43,37,27,86,86,NA,NA,13,11,4,4,0.5,0.6
2026-10-09T0700,1832A,113.3257,33.7423,平顶山市,新华旅馆,颗粒物(PM10),104,128,90,48,36,10,10,NA,NA,54,35,9,10,0.8,0.6
2026-10-09T0700,1833A,113.2917,33.737,平顶山市,规划设计院,"颗粒物(PM10),细颗粒物(PM2.5)",102,124,90,62,40,18,18,NA,NA,39,32,8,9,0.7,0.7
2026-10-09T0700,1834A,113.182,33.7738,平顶山市,平顶山工学院,颗粒物(PM10),97,115,78,55,38,36,36,NA,NA,37,24,12,11,0.8,0.8
2026-10-09T0700,3594A,112.8736,33.9068,平顶山市,石龙区,颗粒物(PM10),100,120,90,49,37,12,12,NA,NA,75,41,7,8,0.9,0.8
2026-10-09T0700,4116A,113.284,33.7139,平顶山市,姚电大道23号,颗粒物(PM10),108,140,114,53,41,6,6,NA,NA,43,33,9,9,0.9,0.9
2026-10-09T0700,2656A,106.6633,35.5338,平凉市,聚贤嘉苑,,43,43,48,17,23,25,25,NA,NA,23,20,9,10,0.7,0.7
2026-10-09T0700,2657A,106.7021,35.5307,平凉市,博物馆,,41,41,50,23,26,28,28,NA,NA,17,18,11,9,0.6,0.7
2026-10-09T0700,2348A,113.8384,27.6436,萍乡市,中医院,,46,37,43,32,25,23,23,NA,NA,24,26,9,11,0.9,0.8
2026-10-09T0700,2350A,113.8677,27.6438,萍乡市,市环保局,细颗粒物(PM2.5),60,50,46,40,30,32,32,NA,NA,32,23,14,12,0.6,0.6
2026-10-09T0700,2351A,113.8663,27.6202,萍乡市,安源区政府,,43,37,41,30,28,20,20,NA,NA,20,16,6,10,0.8,0.9
2026-10-09T0700,4107A,113.8686,27.6668,萍乡市,联洪村委会,,46,46,44,29,26,31,31,NA,NA,18,21,13,12,0.7,0.7
2026-10-09T0700,2319A,119.0142,25.4324,莆田市,荔城区仓后路,,31,20,27,9,10,98,98,NA,NA,8,6,/,/,/,/
2026-10-09T0700,2320A,119.0016,25.4553,莆田市,莆田市监测站,,35,18,23,6,8,109,109,NA,NA,5,6,6,6,0.4,0.4
2026-10-09T0700,2321A,119.112,25.4561,莆田市,涵江区六中,,25,16,30,9,10,78,78,NA,NA,6,5,/,/,0.5,0.5
2026-10-09T0700,2322A,119.1014,25.3215,莆田市,秀屿区政府,,30,16,30,10,10,93,93,NA,NA,10,8,9,10,0.7,0.6
2026-10-09T0700,2392A,115.0312,35.7636,濮阳市,环保局,细颗粒物(PM2.5),111,97,71,72,35,66,66,NA,NA,28,18,7,7,0.7,0.5
2026-10-09T0700,3021A,115,35.7667,濮阳市,濮水河管理处,细颗粒物(PM2.5),108,98,65,68,34,42,42,NA,NA,24,18,8,6,0.8,0.5
2026-10-09T0700,4118A,115.0552,35.7816,濮阳市,中原东路68号,细颗粒物(PM2.5),121,118,77,83,35,76,76,NA,NA,24,16,6,6,0.8,0.7
2026-10-09T0700,4216A,115.0923632,35.76857718,濮阳市,任丘路479号,细颗粒物(PM2.5),116,112,80,77,43,64,64,NA,NA,28,18,11,9,0.9,0.7
2026-10-09T0700,2601A,100.9801,22.7634,普洱市,市环保局,,32,32,32,11,14,28,28,NA,NA,6,6,8,8,0.8,0.7
2026-10-09T0700,2602A,100.9763,22.8237,普洱市,普洱第二中学,,27,27,31,12,13,8,8,NA,NA,11,9,10,10,0.6,0.7
2026-10-09T0700,3345A,131.0413,45.7795,七台河市,中波台,,25,25,26,8,6,12,12,NA,NA,23,16,6,4,0.6,0.4
2026-10-09T0700,3637A,131.0136,45.7688,七台河市,人民广场,,43,43,36,14,8,17,17,NA,NA,19,20,5,5,0.4,0.4
2026-10-09T0700,3684A,130.8639,45.8144,七台河市,新建矿广场,颗粒物(PM10),55,56,40,3,9,6,6,NA,NA,21,18,7,6,0.4,0.1
2026-10-09T0700,1779A,123.9307,47.3641,齐齐哈尔市,安居小区,,41,41,33,9,7,13,13,NA,NA,36,18,4,4,0.4,0.3
2026-10-09T0700,1780A,123.9497,47.3389,齐齐哈尔市,中心广场,,24,24,29,11,11,24,24,NA,NA,25,18,2,2,0.1,0.1
2026-10-09T0700,1781A,123.9483,47.3229,齐齐哈尔市,农牧车辆厂,,31,31,31,6,5,20,20,NA,NA,23,15,6,5,0.3,0.4
2026-10-09T0700,1783A,123.9442,47.2994,齐齐哈尔市,市环境监测站,,33,33,32,7,5,14,14,NA,NA,29,18,4,5,0.1,0.1
2026-10-09T0700,3662A,123.6341,47.2079,齐齐哈尔市,富区青少年活动中心,颗粒物(PM10),52,52,45,7,9,18,18,NA,NA,28,18,5,4,0.6,0.6
2026-10-09T0700,2591A,107.9765,26.5724,黔东南苗族侗族自治州,市环境监测站,,35,31,32,24,18,22,22,NA,NA,10,15,3,4,0.4,0.5
2026-10-09T0700,2881A,107.8909,26.531,黔东南苗族侗族自治州,凯里学院,,14,14,19,7,15,19,19,NA,NA,18,10,4,5,0.2,0.2
2026-10-09T0700,2593A,107.5223,26.2371,黔南布依族苗族自治州,小围寨,,16,14,16,11,12,16,16,NA,NA,10,9,2,2,0.2,0.3
2026-10-09T0700,3538A,107.5175,26.2977,黔南布依族苗族自治州,沙坝,,15,12,18,10,11,14,14,NA,NA,6,7,2,3,0.3,0.4
2026-10-09T0700,2589A,104.9022,25.0943,黔西南布依族苗族自治州,场坝街,,22,16,25,15,19,49,49,NA,NA,9,6,38,15,0.4,0.4
2026-10-09T0700,2590A,104.8812,25.0994,黔西南布依族苗族自治州,坪东大道,,27,27,29,10,21,32,32,NA,NA,22,11,5,18,0.4,0.4
2026-10-09T0700,2502A,108.6238,21.9667,钦州市,市环保站,,48,48,41,27,21,73,73,NA,NA,17,13,13,11,0.6,0.5
2026-10-09T0700,2503A,108.655,21.9481,钦州市,沙埠小学,,45,44,49,31,26,70,70,NA,NA,13,14,14,11,0.4,0.5
2026-10-09T0700,2504A,108.5989,21.7435,钦州市,港区一小,"颗粒物(PM10),细颗粒物(PM2.5)",52,52,60,36,26,68,68,NA,NA,25,23,11,10,0.7,0.7
2026-10-09T0700,3404A,108.5959,21.9634,钦州市,北职校,,46,46,49,27,23,54,54,NA,NA,17,15,14,12,0.7,0.8
2026-10-09T0700,1046A,119.5247,39.9346,秦皇岛市,建设大厦,颗粒物(PM10),83,96,106,45,47,48,48,NA,NA,45,28,7,14,0.5,0.8
2026-10-09T0700,3132A,119.5979,39.938,秦皇岛市,文明里,细颗粒物(PM2.5),92,105,95,56,46,8,8,NA,NA,67,26,7,13,0.8,0.8
2026-10-09T0700,4066A,119.7458,39.9952,秦皇岛市,南园路157号,颗粒物(PM10),80,91,102,48,50,10,10,NA,NA,90,32,10,13,0.8,0.8
2026-10-09T0700,4067A,119.5131,39.8858,秦皇岛市,翠岛大街1号,细颗粒物(PM2.5),84,73,87,52,50,57,57,NA,NA,45,25,14,19,0.7,0.7
2026-10-09T0700,4198A,119.509013,39.825305,秦皇岛市,北戴河轮滑馆,细颗粒物(PM2.5),70,56,78,45,44,98,98,NA,NA,17,19,11,13,0.7,0.8
2026-10-09T0700,1310A,120.404,36.0625,青岛市,市南区东部子站,,35,14,11,3,3,112,112,NA,NA,15,8,7,7,0.4,0.4
2026-10-09T0700,1311A,120.362344,36.10282,青岛市,四方区子站,,24,24,14,10,4,65,65,NA,NA,47,14,3,3,0.6,0.4
2026-10-09T0700,1312A,120.294373,36.054183,青岛市,市南区西部子站,,20,19,9,10,3,62,62,NA,NA,37,12,6,6,0.5,0.4
2026-10-09T0700,1313A,120.4581,36.0858,青岛市,崂山区子站,,33,14,11,7,6,104,104,NA,NA,16,6,9,9,0.5,0.4
2026-10-09T0700,1315A,120.3945,36.3083,青岛市,城阳区子站,,36,36,23,21,10,23,23,NA,NA,43,22,4,4,0.4,0.4
2026-10-09T0700,3642A,120.3454,36.0735,青岛市,市北区南部,,36,14,13,3,2,113,113,NA,NA,9,6,6,7,0.4,0.4
2026-10-09T0700,3643A,120.3897,36.18,青岛市,李沧区北部,,32,24,21,9,5,100,100,NA,NA,21,16,4,4,0.6,0.5
2026-10-09T0700,4110A,120.5222,36.4089,青岛市,盟旺路653号,,29,15,15,12,5,92,92,NA,NA,14,11,6,6,0.5,0.4
2026-10-09T0700,4290A,120.196923,35.954556,青岛市,珠江路669号,颗粒物(PM10),51,51,20,27,5,6,6,NA,NA,85,11,6,5,0.5,0.3
2026-10-09T0700,4291A,120.0424,35.8656,青岛市,黄岛区人民政府广场,,40,31,16,28,6,5,5,NA,NA,48,19,5,5,0.5,0.3
2026-10-09T0700,1703A,113.0218,23.7086,清远市,凤城街办,,40,39,33,28,23,58,58,NA,NA,16,9,/,/,/,/
2026-10-09T0700,3025A,113.0479,23.6343,清远市,技师学院,,43,43,42,26,25,30,30,NA,NA,34,22,12,9,1.0,1
2026-10-09T0700,3318A,112.9898,23.7403,清远市,清新太和,,35,32,31,24,21,50,50,NA,NA,15,9,11,11,0.9,0.8
2026-10-09T0700,3455A,113.076,23.72,清远市,清城东城,,38,38,35,24,22,49,49,NA,NA,15,9,/,/,/,/
2026-10-09T0700,2661A,107.6325,35.7357,庆阳市,庆阳五中,颗粒物(PM10),58,61,47,33,26,57,57,NA,NA,21,12,3,4,0.6,0.4
2026-10-09T0700,2662A,107.6361,35.7067,庆阳市,市环保局,颗粒物(PM10),53,54,49,28,26,88,88,NA,NA,15,10,2,2,0.7,0.5
2026-10-09T0700,1916A,103.7897,25.5036,曲靖市,环境监测站,,38,37,30,26,21,49,49,NA,NA,17,13,12,11,0.6,0.5
2026-10-09T0700,1917A,103.8013,25.5357,曲靖市,烟厂办公区,,39,36,30,27,18,61,61,NA,NA,12,11,8,5,0.7,0.7
2026-10-09T0700,3376A,103.7926,25.4651,曲靖市,南苑二区,,47,47,32,32,22,59,59,NA,NA,12,10,3,4,0.7,0.6
2026-10-09T0700,3377A,103.7442,25.5259,曲靖市,曲靖师范学院,,43,43,30,28,20,52,52,NA,NA,10,8,8,5,0.6,0.5
2026-10-09T0700,1264A,118.8694,28.94,衢州市,环保大楼,细颗粒物(PM2.5),76,72,49,48,30,42,42,NA,NA,30,23,/,/,/,/
2026-10-09T0700,1266A,118.8622,28.9809,衢州市,衢州学院,,50,49,41,35,26,74,74,NA,NA,20,23,9,8,0.5,0.5
2026-10-09T0700,4097A,118.9646,28.9832,衢州市,衢州三中,颗粒物(PM10),62,66,59,39,31,42,42,NA,NA,28,28,5,6,0.7,0.7
2026-10-09T0700,1611A,118.5818,24.9116,泉州市,涂山街,,29,26,28,16,13,90,90,NA,NA,10,9,3,4,0.4,0.4
2026-10-09T0700,1612A,118.597,24.8976,泉州市,津头埔,,28,24,31,14,12,87,87,NA,NA,8,9,3,4,0.5,0.5
2026-10-09T0700,1613A,118.6669,24.9422,泉州市,万安,,30,26,31,13,12,94,94,NA,NA,9,8,4,5,0.7,0.7
2026-10-09T0700,4105A,118.6355,24.9148,泉州市,霞新路6号,,30,30,29,14,11,86,86,NA,NA,10,9,/,/,0.4,0.4
2026-10-09T0700,2626A,88.8873,29.2723,日喀则市,日喀则监测站,,27,6,14,3,4,86,86,NA,NA,3,5,5,4,0.3,0.3
2026-10-09T0700,3726A,88.8775,29.2425,日喀则市,林业技术推广中心,,23,6,15,3,2,73,73,NA,NA,1,2,5,5,0.3,0.3
2026-10-09T0700,1659A,119.4711,35.421,日照市,监测站,,26,NA,15,15,9,3,3,NA,NA,51,36,9,10,0.4,0.5
2026-10-09T0700,1660A,119.523,35.4216,日照市,市政府广场,,33,NA,15,14,6,7,7,NA,NA,66,28,6,6,0.5,0.4
2026-10-09T0700,1661A,119.5511,35.4113,日照市,港务局,,29,27,16,20,6,5,5,NA,NA,58,22,6,6,0.6,0.5
2026-10-09T0700,3507A,119.5326,35.4627,日照市,职业技术学院,,32,24,14,22,6,7,7,NA,NA,60,16,10,9,0.4,0.3
2026-10-09T0700,3604A,119.3267,35.1043,日照市,岚山环保分局,,29,29,25,11,7,74,74,NA,NA,15,12,9,11,0.6,0.5
2026-10-09T0700,1835A,111.1922,34.7752,三门峡市,市政府,,50,42,45,35,22,47,47,NA,NA,23,18,9,10,0.4,0.4
2026-10-09T0700,1836A,111.1588,34.794,三门峡市,开发区,颗粒物(PM10),53,54,48,31,22,55,55,NA,NA,15,15,9,10,0.4,0.4
2026-10-09T0700,3039A,111.1911,34.7829,三门峡市,三门峡市第一小学,,49,49,45,28,22,73,73,NA,NA,11,11,14,13,0.6,0.5
2026-10-09T0700,3598A,111.1031,34.719,三门峡市,富达温泉假日酒店,细颗粒物(PM2.5),118,NA,40,79,25,43,43,NA,NA,18,17,9,11,0.6,0.5
2026-10-09T0700,2324A,117.621,26.2626,三明市,三钢,,33,NA,23,23,17,26,26,NA,NA,18,13,6,6,0.6,0.4
2026-10-09T0700,2325A,117.6352,26.2714,三明市,三明二中,,26,24,26,18,16,27,27,NA,NA,16,12,6,6,0.6,0.5
2026-10-09T0700,2326A,117.6028,26.2377,三明市,三元区政府,,40,29,31,28,19,12,12,NA,NA,13,17,3,2,0.8,0.6
2026-10-09T0700,1877A,109.4962,18.2682,三亚市,河西子站,,19,6,14,3,7,60,60,NA,NA,4,4,4,4,0.4,0.5
2026-10-09T0700,3540A,109.7348,18.3443,三亚市,君悦子站,,19,6,20,3,7,58,58,NA,NA,4,5,4,4,0.5,0.6
2026-10-09T0700,4135A,109.1714,18.3739,三亚市,城东小学站,,11,10,18,3,10,35,35,NA,NA,6,6,/,/,/,/
2026-10-09T0700,2624A,91.7592,29.234,山南市,山南监测站,,33,6,8,3,2,105,105,NA,NA,1,5,4,3,0.2,0.2
2026-10-09T0700,2625A,91.7701,29.2436,山南市,山南人民医院,,32,6,12,3,3,102,102,NA,NA,1,4,6,6,0.1,0.2
2026-10-09T0700,1674A,116.6795,23.3666,汕头市,金平子站,,34,34,29,21,13,72,72,NA,NA,19,10,11,5,0.6,0.5
2026-10-09T0700,1675A,116.7248,23.3632,汕头市,龙湖子站,,38,38,40,18,13,80,80,NA,NA,12,6,10,6,/,/
2026-10-09T0700,1676A,116.7257,23.2774,汕头市,濠江子站,,29,17,30,15,12,91,91,NA,NA,9,8,8,7,/,/
2026-10-09T0700,1677A,116.7518,23.4712,汕头市,澄海子站,,33,27,33,23,14,83,83,NA,NA,9,7,7,6,0.6,0.6
2026-10-09T0700,1678A,116.6088,23.2539,汕头市,潮阳子站,,28,19,26,16,12,88,88,NA,NA,6,3,9,8,0.6,0.6
2026-10-09T0700,3444A,116.4539,23.2684,汕头市,潮南峡山,,40,40,35,17,14,78,78,NA,NA,14,11,3,6,0.4,0.3
2026-10-09T0700,3624A,116.4069,23.2533,汕头市,潮南子站,,31,31,37,16,14,71,71,NA,NA,16,10,9,9,/,/
2026-10-09T0700,1693A,115.3653,22.7751,汕尾市,市环保局,,32,30,33,22,17,86,86,NA,NA,15,14,7,7,0.4,0.4
2026-10-09T0700,1695A,115.362,22.7926,汕尾市,新城中学,,32,32,33,18,16,84,84,NA,NA,10,8,8,8,0.4,0.4
2026-10-09T0700,2645A,109.9155,33.8714,商洛市,监测站,,42,42,38,29,25,23,23,NA,NA,12,17,6,6,0.3,0.4
2026-10-09T0700,3045A,109.9647,33.8486,商洛市,商州区中学,,30,25,40,21,22,9,9,NA,NA,20,19,6,7,0.4,0.4
2026-10-09T0700,2408A,115.6701,34.4283,商丘市,环境监测站,细颗粒物(PM2.5),94,98,69,57,34,67,67,NA,NA,34,21,5,6,0.6,0.4
2026-10-09T0700,2409A,115.6458,34.4047,商丘市,粮食局,细颗粒物(PM2.5),105,68,53,65,33,92,92,NA,NA,36,28,15,10,0.9,0.5
2026-10-09T0700,3171A,115.6069,34.4465,商丘市,梁园区档案局,细颗粒物(PM2.5),86,72,55,53,32,90,90,NA,NA,31,21,5,6,0.8,0.5
2026-10-09T0700,4119A,115.6701,34.3767,商丘市,北海东路185号,细颗粒物(PM2.5),107,109,71,67,34,85,85,NA,NA,22,20,12,8,0.8,0.5
2026-10-09T0700,4120A,115.6172,34.3704,商丘市,中山大街3号,细颗粒物(PM2.5),96,95,68,58,35,100,100,NA,NA,20,16,14,10,0.6,0.4
2026-10-09T0700,1141A,121.401,31.2382,上海市,普陀,细颗粒物(PM2.5),60,57,54,40,33,67,67,NA,NA,23,11,6,7,0.7,0.6
2026-10-09T0700,1142A,121.4774,31.2043,上海市,十五厂,细颗粒物(PM2.5),66,56,52,43,35,40,40,NA,NA,72,36,8,9,0.7,0.6
2026-10-09T0700,1143A,121.4673,31.3011,上海市,虹口,细颗粒物(PM2.5),94,68,62,57,38,18,18,NA,NA,55,34,5,7,0.8,0.5
2026-10-09T0700,1147A,121.4253,31.226,上海市,静安监测站,细颗粒物(PM2.5),68,60,53,44,32,88,88,NA,NA,36,24,9,10,1.0,0.8
2026-10-09T0700,1148A,121.7029,31.1905,上海市,浦东川沙,颗粒物(PM10),53,54,62,35,38,17,17,NA,NA,74,44,11,12,0.7,0.6
2026-10-09T0700,1149A,121.5339,31.229,上海市,浦东新区监测站,细颗粒物(PM2.5),70,66,57,45,35,64,64,NA,NA,45,32,10,11,0.5,0.5
2026-10-09T0700,1150A,121.5776,31.2038,上海市,浦东张江,细颗粒物(PM2.5),88,72,63,54,38,39,39,NA,NA,55,35,8,9,0.5,0.4
2026-10-09T0700,3265A,121.4242,31.3303,上海市,宝山庙行,细颗粒物(PM2.5),76,82,65,48,35,30,30,NA,NA,73,32,10,11,0.8,0.7
2026-10-09T0700,3266A,121.8789,31.4662,上海市,崇明上实东滩,,32,27,37,22,24,74,74,NA,NA,8,11,3,5,0.3,0.4
2026-10-09T0700,3268A,121.316,31.2839,上海市,嘉定南翔,细颗粒物(PM2.5),82,65,54,51,37,29,29,NA,NA,58,40,8,9,0.6,0.6
2026-10-09T0700,3269A,121.3357,30.7455,上海市,金山新城,细颗粒物(PM2.5),66,57,36,43,22,65,65,NA,NA,36,15,5,6,0.9,0.7
2026-10-09T0700,3270A,121.4996,31.0741,上海市,闵行浦江,细颗粒物(PM2.5),80,69,57,50,35,48,48,NA,NA,40,25,8,8,0.2,0.1
2026-10-09T0700,3271A,121.2886,31.1663,上海市,青浦徐泾,细颗粒物(PM2.5),54,52,55,37,34,30,30,NA,NA,64,34,7,9,0.5,0.5
2026-10-09T0700,3272A,121.2193,31.0382,上海市,松江图书馆,细颗粒物(PM2.5),76,73,64,48,39,58,58,NA,NA,56,36,9,10,0.7,0.6
2026-10-09T0700,3273A,121.3904,31.206,上海市,长宁仙霞,颗粒物(PM10),53,53,51,35,33,50,50,NA,NA,55,28,3,5,1.0,0.5
2026-10-09T0700,3274A,121.7964,31.0507,上海市,浦东惠南,,36,35,51,25,33,75,75,NA,NA,38,33,11,12,0.7,0.7
2026-10-09T0700,3544A,121.4891,30.925,上海市,奉贤南桥新城,颗粒物(PM10),52,52,63,35,36,110,110,NA,NA,25,28,7,7,0.4,0.4
2026-10-09T0700,4183A,121.417401,31.16637,上海市,冠生园路458号,细颗粒物(PM2.5),64,56,46,42,30,51,51,NA,NA,30,29,8,8,0.6,0.6
2026-10-09T0700,4205A,121.541914,31.268301,上海市,宁武路151号,细颗粒物(PM2.5),80,73,76,50,40,37,37,NA,NA,64,52,9,11,0.5,0.5
2026-10-09T0700,2382A,117.9758,28.4439,上饶市,市监测站,细颗粒物(PM2.5),62,49,43,41,27,50,50,NA,NA,16,9,14,8,/,/
2026-10-09T0700,2383A,117.9521,28.4637,上饶市,凤凰光学,,49,47,44,34,27,32,32,NA,NA,27,14,8,6,0.2,0.2
2026-10-09T0700,3685A,117.897,28.4316,上饶市,双创科技城,,50,50,43,35,27,59,59,NA,NA,26,18,12,10,0.6,0.5
2026-10-09T0700,4211A,118.190438,28.444845,上饶市,裕丰大道,细颗粒物(PM2.5),56,57,49,38,28,38,38,NA,NA,13,10,6,7,0.8,0.7
2026-10-09T0700,1669A,113.5821,24.7733,韶关市,市八中,,42,41,43,29,29,26,26,NA,NA,26,19,21,16,0.4,0.4
