timepoint,stationcode,longitude,latitude,area,positionname,primarypollutant,aqi,pm10,pm10_24h,pm2_5,pm2_5_24h,o3,o3_24h,o3_8h,o3_8h_24h,no2,no2_24h,so2,so2_24h,co,co_24h
2026-10-08T1300,1734A,111.4984,36.0734,临汾市,技工学校,颗粒物(PM10),98,117,72,10,34,144,144,80,80,11,26,5,7,0.4,0.6
2026-10-08T1300,1736A,111.5017,36.0857,临汾市,市委,,47,31,66,13,31,149,149,82,82,10,24,6,8,0.4,0.5
2026-10-08T1300,3018A,111.5048,36.1015,临汾市,唐尧大酒店,,44,32,65,17,30,138,138,74,74,9,24,8,9,0.4,0.7
2026-10-08T1300,4244A,111.4879,36.053,临汾市,启星学校,,42,21,61,11,37,134,134,74,74,10,30,7,8,0.4,0.7
2026-10-08T1300,4271A,103.2464,35.6123,临夏回族自治州,滨河东路1号,颗粒物(PM10),57,59,67,26,34,92,92,47,47,7,26,10,11,0.3,0.5
2026-10-08T1300,4310A,103.207136,35.599807,临夏回族自治州,新华街21号,,45,45,66,28,32,77,77,33,33,7,18,9,9,0.3,0.4
2026-10-08T1300,1618A,118.3429,35.0532,临沂市,沂河小区,颗粒物(PM10),56,58,55,23,24,148,148,84,84,11,21,7,6,0.5,0.5
2026-10-08T1300,1619A,118.2962,35.0568,临沂市,鲁南制药厂,,50,48,49,21,19,159,159,99,99,13,21,9,8,0.4,0.5
2026-10-08T1300,1620A,118.2793,34.9976,临沂市,新光毛纺厂,臭氧1小时(O3_1h),54,48,47,26,26,163,163,92,92,14,26,7,6,0.4,0.4
2026-10-08T1300,1621A,118.3955,35.0889,临沂市,河东保险公司,臭氧1小时(O3_1h),57,51,50,25,24,165,165,81,81,13,27,8,7,0.4,0.5
2026-10-08T1300,3370A,118.3563,35.0215,临沂市,十里堡居委,,49,46,47,23,25,154,154,86,86,12,28,8,7,0.6,0.6
2026-10-08T1300,3496A,118.359,35.1067,临沂市,南坊新区,臭氧1小时(O3_1h),70,56,43,28,22,176,176,102,102,10,20,6,4,0.4,0.6
2026-10-08T1300,3860A,118.3915,35.0297,临沂市,皇山花园小区,,50,46,47,30,22,160,160,87,87,11,32,7,7,0.5,0.6
2026-10-08T1300,1870A,109.4854,24.3898,柳州市,柳东小学,,40,32,29,15,16,128,128,102,102,6,7,6,8,0.5,0.5
2026-10-08T1300,1871A,109.4109,24.3304,柳州市,环保监测站,,41,35,52,14,24,129,129,72,72,10,24,11,19,0.4,0.5
2026-10-08T1300,1872A,109.3886,24.3408,柳州市,河西水厂,,44,44,60,21,27,120,120,61,61,9,23,14,23,0.6,0.7
2026-10-08T1300,1873A,109.4263,24.2951,柳州市,市四中,,43,43,46,18,25,132,132,83,83,6,19,11,12,0.6,0.7
2026-10-08T1300,1874A,109.396,24.3658,柳州市,市九中,,40,37,56,19,32,128,128,65,65,8,23,13,16,0.6,0.7
2026-10-08T1300,1875A,109.4912,24.3164,柳州市,古亭山,,47,47,30,12,18,126,126,84,84,5,26,6,6,0.6,0.5
2026-10-08T1300,3402A,109.5422,24.3994,柳州市,市二中,,45,40,32,15,19,143,143,81,81,8,18,5,4,0.4,0.4
2026-10-08T1300,2307A,116.5078,31.7369,六安市,监测大楼,,46,28,34,13,23,146,146,89,89,9,17,5,5,0.3,0.4
2026-10-08T1300,2308A,116.4738,31.7642,六安市,皖西学院,臭氧1小时(O3_1h),52,32,38,16,25,161,161,88,88,8,15,8,8,0.3,0.3
2026-10-08T1300,2309A,116.4997,31.7904,六安市,朝阳厂,,40,32,38,12,23,128,128,73,73,8,16,2,2,0.1,0.2
2026-10-08T1300,2310A,116.5566,31.7885,六安市,开发区,臭氧1小时(O3_1h),58,32,60,8,22,166,166,100,100,6,22,8,8,0.2,0.3
2026-10-08T1300,2577A,104.8293,26.592,六盘水市,黄土坡,,33,27,32,13,21,103,103,69,69,7,10,5,4,0.3,0.3
2026-10-08T1300,2579A,104.8481,26.5898,六盘水市,民中,,32,24,23,16,19,101,101,76,76,8,11,2,2,0.4,0.4
2026-10-08T1300,2580A,104.9541,26.5506,六盘水市,双水,,32,24,26,21,17,100,100,84,84,6,8,6,6,0.3,0.3
2026-10-08T1300,4151A,104.8899,26.5685,六盘水市,钟山大道中段564号,NA,NA,40,37,18,20,92,92,69,69,6,8,6,6,NA,0.4
2026-10-08T1300,2336A,117.022,25.1031,龙岩市,龙岩市监测站,,41,35,30,13,18,131,131,108,108,6,12,9,11,0.4,0.5
2026-10-08T1300,2337A,117.0257,25.0662,龙岩市,闽西职业技术学院,,43,31,32,12,15,136,136,103,103,4,8,8,9,0.5,0.5
2026-10-08T1300,2338A,117.0195,25.0306,龙岩市,龙岩学院,,42,26,27,12,16,134,134,93,93,5,8,8,8,/,/
2026-10-08T1300,2885A,104.9344,33.3827,陇南市,滨江中学,,29,29,48,12,21,64,64,35,35,7,12,10,10,0.4,0.7
2026-10-08T1300,3247A,104.9551,33.3709,陇南市,市总工会,,41,41,40,15,18,65,65,43,38,6,6,8,8,0.6,0.6
2026-10-08T1300,1343A,112.8906,28.1307,长沙市,湖南中医药大学,,48,43,46,18,25,152,152,63,63,6,32,10,9,0.8,0.9
2026-10-08T1300,1727A,113.1146,36.1547,长治市,清华站,,48,41,40,8,21,151,151,70,70,7,14,12,11,0.4,0.4
2026-10-08T1300,1730A,113.0887,36.2126,长治市,审计局,,47,33,40,9,20,150,150,72,72,10,23,14,13,0.5,0.5
2026-10-08T1300,1731A,113.0845,36.1856,长治市,长治八中,颗粒物(PM10),52,52,55,16,23,143,143,68,68,10,21,15,14,0.6,0.7
2026-10-08T1300,2845A,113.1561,36.1912,长治市,德盛苑,,49,35,36,17,19,155,155,111,94,13,15,14,13,0.6,0.6
2026-10-08T1300,3568A,113.0603,36.0464,长治市,向阳小学,,47,43,63,12,20,150,150,91,89,6,12,10,9,0.3,0.3
2026-10-08T1300,3569A,112.8788,36.315,长治市,屯留一中,,47,32,35,12,16,150,150,97,97,9,13,14,14,0.3,0.3
2026-10-08T1300,4189A,113.113092,36.199482,长治市,英华南巷50号,,46,42,45,14,21,147,147,71,71,11,20,13,13,0.6,0.6
2026-10-08T1300,4190A,113.23666,36.33435,长治市,学府街1号,颗粒物(PM10),51,51,75,22,28,160,160,87,87,3,10,12,11,0.7,0.9
2026-10-08T1300,1854A,111.696,28.9725,常德市,市二中,颗粒物(PM10),54,55,53,32,36,150,150,65,65,24,19,14,11,0.6,0.6
2026-10-08T1300,3138A,111.7152,29.0288,常德市,武陵区永安,颗粒物(PM10),55,56,62,24,44,160,160,84,84,10,21,12,15,0.9,1
2026-10-08T1300,3139A,111.6891,28.9881,常德市,鼎城区玉霞,NA,NA,51,62,NA,41,156,156,70,70,16,13,15,12,0.8,0.9
2026-10-08T1300,3140A,111.6651,29.0526,常德市,武陵区长庚,臭氧1小时(O3_1h),54,54,64,29,47,163,163,76,76,11,21,12,15,0.8,0.8
2026-10-08T1300,1196A,119.9524,31.7586,常州市,市监测站,臭氧1小时(O3_1h),102,60,64,29,35,204,204,96,96,18,54,9,9,0.5,0.7
2026-10-08T1300,1200A,119.9351,31.703,常州市,武进监测站,臭氧1小时(O3_1h),94,47,75,26,42,195,195,92,92,13,48,12,13,0.6,0.8
2026-10-08T1300,3002A,119.9701,31.813,常州市,行政中心,臭氧1小时(O3_1h),103,66,71,32,38,206,206,105,105,19,42,11,11,0.7,0.7
2026-10-08T1300,3003A,120.0434,31.7726,常州市,经开区,臭氧1小时(O3_1h),104,63,79,29,38,208,208,96,96,17,59,15,17,0.9,0.8
2026-10-08T1300,3010A,119.8919,31.7892,常州市,钟楼,臭氧1小时(O3_1h),107,71,64,29,35,213,213,100,100,15,36,13,13,0.5,0.7
2026-10-08T1300,3429A,119.8595,31.706,常州市,武进经发区,臭氧1小时(O3_1h),94,55,71,33,41,195,195,86,86,12,54,11,13,0.6,0.7
2026-10-08T1300,3430A,119.5812,31.7256,常州市,金坛城区,NA,NA,NA,37,40,35,199,199,100,100,10,25,10,9,0.7,0.7
2026-10-08T1300,4089A,119.9551,31.863,常州市,崇义南街5-H号,臭氧1小时(O3_1h),111,72,76,46,42,221,221,106,106,20,43,14,11,0.9,0.7
2026-10-08T1300,2220A,120.4318,41.588,朝阳市,西梁,颗粒物(PM10),67,73,52,14,22,151,151,108,108,9,20,9,8,0.6,0.7
2026-10-08T1300,2221A,120.452,41.565,朝阳市,河畔小区,颗粒物(PM10),73,81,43,8,17,159,159,123,123,10,14,12,10,0.7,0.7
2026-10-08T1300,2222A,120.4176,41.5648,朝阳市,八里堡,颗粒物(PM10),67,73,51,13,20,159,159,108,108,11,22,13,11,0.7,0.7
2026-10-08T1300,3026A,116.6179,23.6608,潮州市,市政府,,37,30,42,13,22,118,118,100,98,8,11,6,7,0.5,0.6
2026-10-08T1300,4036A,116.646,23.676,潮州市,金山,,35,32,37,11,20,109,109,83,83,7,11,4,5,0.4,0.5
2026-10-08T1300,2473A,113.0116,25.8228,郴州市,市职中,,39,34,36,20,24,122,122,55,55,14,23,12,10,0.5,0.6
2026-10-08T1300,2475A,113.0381,25.8074,郴州市,市审计局,,42,33,39,21,24,132,132,58,58,12,22,11,10,/,/
2026-10-08T1300,2476A,113.0348,25.7757,郴州市,市环保局,,39,34,36,19,21,124,124,54,54,10,22,12,11,0.5,0.6
2026-10-08T1300,4252A,113.0138,25.8011,郴州市,好美居路49号,,43,43,33,6,17,113,113,52,52,8,23,16,12,/,/
2026-10-08T1300,1277A,117.3033,31.7967,合肥市,包河区,,49,44,54,17,26,155,155,77,77,14,80,6,8,0.3,0.5
2026-10-08T1300,1278A,117.278,31.7392,合肥市,滨湖新区,臭氧1小时(O3_1h),67,34,42,17,22,173,173,110,110,12,25,9,9,0.4,0.5
2026-10-08T1300,1279A,117.1324,31.8395,合肥市,高新区,,48,36,45,16,23,153,153,91,91,24,36,8,8,0.3,0.4
2026-10-08T1300,3464A,117.3802,31.9148,合肥市,高教基地,臭氧1小时(O3_1h),62,41,46,15,25,169,169,97,97,11,23,10,9,0.6,0.6
2026-10-08T1300,4098A,117.2518,31.8404,合肥市,中国科学技术大学,臭氧1小时(O3_1h),69,36,50,12,27,175,175,115,115,10,29,9,10,0.2,0.3
2026-10-08T1300,3614A,79.9241,37.0878,和田地区,地区环保局,颗粒物(PM10),161,271,254,111,72,40,40,40,40,9,14,22,6,0.8,0.6
2026-10-08T1300,3615A,79.9132,37.1137,和田地区,市环保局,颗粒物(PM10),157,264,274,72,78,52,52,37,37,22,26,10,7,0.7,0.8
2026-10-08T1300,2517A,108.0496,24.6957,河池市,市环保站,,33,32,24,3,9,103,103,53,53,6,12,8,8,0.6,0.6
2026-10-08T1300,4302A,108.0901,24.6945,河池市,上任中路54号,,36,36,28,10,13,103,103,40,40,6,20,9,9,0.6,0.6
2026-10-08T1300,1697A,114.6962,23.7538,河源市,东埔,,39,37,34,27,24,115,115,80,80,10,16,7,8,0.6,0.8
2026-10-08T1300,1698A,114.6895,23.7232,河源市,老城,,38,38,37,21,22,110,110,69,69,9,17,8,8,0.6,0.6
2026-10-08T1300,3374A,115.5562,35.089,菏泽市,定陶老年大学,臭氧1小时(O3_1h),63,56,61,26,29,170,170,108,108,10,21,7,7,0.4,0.3
2026-10-08T1300,4114A,115.4239,35.2593,菏泽市,黄河路600号,臭氧1小时(O3_1h),63,65,71,24,31,170,170,122,122,11,16,8,10,0.4,0.4
2026-10-08T1300,4115A,115.5025,35.2727,菏泽市,菏泽市人社局,臭氧1小时(O3_1h),68,48,61,23,27,174,174,115,115,12,22,4,6,0.1,0.1
2026-10-08T1300,4184A,115.479691,35.244011,菏泽市,永昌路1号,臭氧1小时(O3_1h),62,55,69,21,26,169,169,114,114,10,20,5,8,0.1,0.1
2026-10-08T1300,4193A,115.471542,35.280012,菏泽市,长城路999号,臭氧1小时(O3_1h),62,53,61,23,25,169,169,124,124,10,18,8,10,0.4,0.3
2026-10-08T1300,2514A,111.5264,24.4178,贺州市,环保小区,NA,NA,30,31,16,21,132,132,74,74,6,12,14,13,NA,0.4
2026-10-08T1300,2515A,111.561,24.4074,贺州市,政协大楼,,42,35,30,17,20,134,134,62,62,8,15,13,12,0.5,0.6
2026-10-08T1300,3534A,111.4744,24.455,贺州市,西湾,,40,40,40,26,24,120,120,62,62,7,12,12,11,0.4,0.8
2026-10-08T1300,2385A,114.17,35.9019,鹤壁市,市监测站,,50,48,59,21,23,157,157,84,84,9,15,8,6,0.5,0.6
2026-10-08T1300,2386A,114.2953,35.7512,鹤壁市,市交警支队,颗粒物(PM10),57,59,85,14,31,150,150,89,89,11,30,5,7,0.5,0.6
2026-10-08T1300,2387A,114.2877,35.7302,鹤壁市,迎宾馆,颗粒物(PM10),79,90,98,15,31,160,160,98,98,9,26,6,6,0.6,0.6
2026-10-08T1300,3474A,114.2616,35.6824,鹤壁市,大新区,NA,NA,NA,102,24,39,151,151,83,83,7,34,10,11,0.2,0.3
2026-10-08T1300,3596A,114.1573,35.9607,鹤壁市,南山宾馆,NA,NA,64,66,27,28,155,155,111,111,10,13,NA,12,0.2,0.2
2026-10-08T1300,2244A,130.2537,47.3416,鹤岗市,哈啤分公司,,24,16,25,7,5,76,76,69,69,7,6,9,9,0.4,0.4
2026-10-08T1300,2245A,130.2683,47.3087,鹤岗市,斯达机电,NA,NA,NA,26,9,5,54,54,51,51,10,9,4,3,0.2,0.2
2026-10-08T1300,2246A,130.3114,47.3388,鹤岗市,东山纸板厂,,24,24,57,3,7,56,56,51,51,12,12,6,5,0.5,0.5
2026-10-08T1300,2263A,127.4832,50.2524,黑河市,交通局,,15,12,19,3,7,48,48,41,41,19,12,6,6,0.1,0.2
2026-10-08T1300,2264A,127.5146,50.2339,黑河市,环保局,NA,NA,NA,15,NA,6,54,54,45,45,7,9,6,5,0.1,0.1
2026-10-08T1300,1074A,115.6839,37.754,衡水市,电机北厂,颗粒物(PM10),85,98,81,22,32,171,171,119,119,9,16,9,11,0.4,0.4
2026-10-08T1300,1075A,115.6303,37.7318,衡水市,市监测站,颗粒物(PM10),94,111,98,16,35,165,165,107,107,9,18,9,11,0.4,0.4
2026-10-08T1300,2568A,102.2503,31.8896,阿坝藏族羌族自治州,马师校,,22,16,27,3,7,70,70,30,30,2,5,4,4,0.4,0.4
2026-10-08T1300,3994A,102.2174,31.9016,阿坝藏族羌族自治州,马尔康中学西区,,24,NA,18,7,7,76,76,33,33,2,3,5,5,0.1,0.2
2026-10-08T1300,2695A,80.2899,41.1684,阿克苏地区,电视台,,34,34,44,10,16,85,85,74,63,9,10,5,5,0.1,0.1
2026-10-08T1300,2696A,80.2592,41.1541,阿克苏地区,艺术中心,,31,31,50,7,16,89,89,84,63,11,12,6,6,0.3,0.3
2026-10-08T1300,2205A,105.699,38.8409,阿拉善盟,蒙二幼,NA,NA,41,44,6,12,112,112,92,92,3,7,7,7,NA,0.3
2026-10-08T1300,2206A,105.7198,38.8508,阿拉善盟,环保局新楼,,38,38,38,8,10,106,106,99,94,4,5,9,9,0.5,0.5
2026-10-08T1300,2708A,88.1266,47.8515,阿勒泰地区,市站,,44,44,26,3,4,64,64,39,39,21,12,1,2,0.7,0.7
2026-10-08T1300,4166A,88.1198,47.7931,阿勒泰地区,阿勒泰路33号,,21,20,20,3,2,67,67,52,50,7,9,3,3,0.3,0.3
2026-10-08T1300,2630A,80.1171,32.4999,阿里地区,阿里监测站,,34,20,21,3,5,106,106,90,82,7,7,4,5,0.3,0.3
2026-10-08T1300,3192A,80.0906,32.5029,阿里地区,阿里藏医院,,34,18,18,3,3,108,108,98,87,5,6,4,5,0.4,0.4
2026-10-08T1300,2644A,109.0088,32.6974,安康市,汉滨区检察院,,27,23,32,14,18,86,86,33,33,7,12,6,6,0.7,0.8
2026-10-08T1300,4054A,109.0324,32.6913,安康市,市邮政管理局,,30,28,39,16,19,95,95,36,36,8,12,4,6,0.4,0.5
2026-10-08T1300,2291A,117.0806,30.5181,安庆市,环科院,,47,42,48,16,24,150,150,92,92,15,18,8,9,0.5,0.6
2026-10-08T1300,2292A,117.0331,30.5118,安庆市,马山宾馆,,48,36,46,17,26,151,151,91,91,18,20,7,8,0.5,0.7
2026-10-08T1300,2294A,116.9897,30.6146,安庆市,安庆大学,,48,32,45,14,28,151,151,85,85,5,14,7,6,0.3,0.6
2026-10-08T1300,3173A,117.0598,30.5351,安庆市,市人大,臭氧1小时(O3_1h),55,35,43,17,23,164,164,95,95,12,20,8,9,0.2,0.4
2026-10-08T1300,3123A,105.9408,26.2431,安顺市,凤凰山,,32,16,29,7,19,102,102,81,81,4,11,7,10,0.3,0.4
2026-10-08T1300,3124A,105.9443,26.2567,安顺市,金钟山,,35,15,21,10,16,110,110,95,95,4,7,8,9,0.3,0.3
2026-10-08T1300,3125A,105.8983,26.248,安顺市,娄家坡,,50,50,39,8,17,95,95,81,81,4,6,9,10,0.3,0.4
2026-10-08T1300,1819A,114.3552,36.1017,安阳市,红庙街,颗粒物(PM10),63,68,74,13,27,162,162,102,102,10,20,3,2,0.3,0.3
2026-10-08T1300,1820A,114.361,36.0681,安阳市,银杏小区,NA,NA,63,80,16,31,165,165,102,102,8,21,6,5,NA,1.2
2026-10-08T1300,3141A,114.3921,36.0879,安阳市,信访局,臭氧1小时(O3_1h),78,67,74,22,28,182,182,111,111,11,24,6,5,0.4,0.4
2026-10-08T1300,3669A,114.4706,36.0634,安阳市,左辅环卫站,颗粒物(PM10),96,114,131,24,38,165,165,92,92,9,36,8,7,0.7,0.7
2026-10-08T1300,4117A,114.2918,36.0769,安阳市,钢三路198号,,48,48,79,22,37,139,139,79,79,7,18,8,8,0.4,0.5
2026-10-08T1300,1748A,123.0441,41.1201,鞍山市,深沟寺,颗粒物(PM10),57,59,31,29,13,155,155,118,118,13,12,11,9,0.6,0.5
2026-10-08T1300,1749A,123.011,41.0931,鞍山市,太阳城,颗粒物(PM10),53,54,34,29,15,158,158,115,115,14,14,14,13,0.6,0.7
2026-10-08T1300,1750A,123.0483,41.1445,鞍山市,太平,颗粒物(PM10),74,83,36,28,13,140,140,108,108,15,14,14,12,1.0,1
2026-10-08T1300,1751A,122.964,41.0968,鞍山市,铁西三道街,颗粒物(PM10),78,89,44,36,16,160,160,114,114,13,18,10,11,0.8,1.3
2026-10-08T1300,1753A,123.0219,41.0822,鞍山市,明达新区,颗粒物(PM10),54,55,30,32,14,153,153,117,117,10,10,14,13,0.7,1
2026-10-08T1300,4201A,122.944647,41.082639,鞍山市,兴盛南路290号,颗粒物(PM10),72,80,39,39,16,166,166,117,117,16,18,12,13,0.6,1
2026-10-08T1300,2195A,107.4206,40.7609,巴彦淖尔市,附二中,颗粒物(PM10),84,97,88,51,42,120,120,54,54,19,22,15,11,0.7,0.7
2026-10-08T1300,2196A,107.37,40.7372,巴彦淖尔市,市环保大楼,颗粒物(PM10),72,80,79,26,26,125,125,62,62,17,19,8,6,0.6,0.6
2026-10-08T1300,1956A,86.1476,41.7529,巴音郭楞蒙古自治州,孔雀公园,,40,40,52,3,14,74,74,44,44,14,26,3,3,0.2,0.2
2026-10-08T1300,1957A,86.1971,41.7166,巴音郭楞蒙古自治州,棉纺厂,,46,46,57,3,13,81,81,43,43,4,29,/,/,/,/
2026-10-08T1300,1958A,86.236,41.7172,巴音郭楞蒙古自治州,经济开发区,,30,30,40,3,13,85,85,59,59,5,18,3,3,0.2,0.2
2026-10-08T1300,3181A,106.776805,31.852614,巴中市,市五中,细颗粒物(PM2.5),60,53,55,40,38,48,48,25,25,19,14,12,11,0.7,0.6
2026-10-08T1300,3183A,106.7419,31.8654,巴中市,圣泉水务公司,NA,NA,42,48,28,30,39,39,38,36,8,10,13,12,NA,0.8
2026-10-08T1300,3616A,106.7617,31.8343,巴中市,市中心医院,细颗粒物(PM2.5),64,62,62,42,39,52,52,29,29,16,17,11,11,0.8,0.7
2026-10-08T1300,2235A,122.7909,45.608,白城市,洮北区环保局,,20,18,27,3,10,61,61,42,42,4,9,6,5,0.3,0.3
2026-10-08T1300,2236A,122.8741,45.5725,白城市,市环保局,,34,34,30,3,10,60,60,42,42,7,12,4,4,0.3,0.3
2026-10-08T1300,2231A,126.4219,41.9172,白山市,喜丰,,46,29,63,11,15,146,146,56,56,6,31,11,10,0.8,0.9
2026-10-08T1300,2232A,126.4082,41.9416,白山市,环保局,,43,32,32,10,12,135,135,52,52,6,17,7,5,0.5,0.3
2026-10-08T1300,2647A,104.1727,36.5448,白银市,第三小学,,43,43,48,14,19,106,106,65,65,4,13,2,15,0.3,0.7
2026-10-08T1300,2648A,104.1467,36.5482,白银市,动力公司,颗粒物(PM10),55,56,43,6,19,114,114,70,70,4,14,2,8,0.3,0.6
2026-10-08T1300,2512A,106.6102,23.901,百色市,市监测站,,35,28,24,10,10,112,112,47,47,10,10,8,7,0.4,0.3
2026-10-08T1300,2513A,106.6524,23.8842,百色市,市中心血站,,40,38,37,28,21,125,125,50,50,10,19,13,12,0.3,0.3
2026-10-08T1300,4133A,106.6273,23.8798,百色市,龙景西路,,38,26,27,21,15,119,119,38,38,10,14,15,12,0.3,0.3
2026-10-08T1300,2270A,117.396,32.9389,蚌埠市,工人疗养院,臭氧1小时(O3_1h),69,43,51,25,27,175,175,118,118,11,19,9,9,0.5,0.5
2026-10-08T1300,2271A,117.3606,32.9428,蚌埠市,百货大楼,臭氧1小时(O3_1h),78,46,58,23,30,182,182,114,114,10,30,13,13,0.6,0.6
2026-10-08T1300,2273A,117.4183,32.8909,蚌埠市,蚌埠学院,臭氧1小时(O3_1h),73,34,52,20,27,178,178,122,122,11,23,9,8,0.3,0.3
2026-10-08T1300,2274A,117.3534,32.9672,蚌埠市,淮上区政府,臭氧1小时(O3_1h),70,51,62,24,33,176,176,106,106,10,35,9,8,0.4,0.4
2026-10-08T1300,2275A,117.3143,32.8977,蚌埠市,高新区,臭氧1小时(O3_1h),64,41,55,22,32,171,171,115,115,11,25,8,7,0.4,0.4
2026-10-08T1300,3715A,117.3091,32.9314,蚌埠市,蚌埠田家炳中学,臭氧1小时(O3_1h),79,51,66,20,33,183,183,117,117,8,26,11,35,0.6,0.6
2026-10-08T1300,1585A,109.8761,40.6533,包头市,市环境监测站,,49,49,62,22,24,122,122,64,64,18,40,11,11,0.6,0.7
2026-10-08T1300,1587A,109.9992,40.5843,包头市,包头八中,颗粒物(PM10),58,60,68,21,28,118,118,64,64,20,37,10,11,0.5,0.5
2026-10-08T1300,1589A,109.8641,40.6288,包头市,惠龙物流,,48,48,56,21,27,115,115,67,67,20,36,13,12,0.7,0.7
2026-10-08T1300,1590A,110.0376,40.5546,包头市,东河鸿龙湾,NA,NA,45,63,NA,31,121,121,64,64,19,39,8,9,0.6,0.6
2026-10-08T1300,3283A,109.9154,40.5684,包头市,滨河大厦,,50,50,48,32,29,112,112,60,60,20,38,13,12,0.5,0.5
2026-10-08T1300,3419A,109.9449,40.6259,包头市,包头市委党校,,37,37,50,18,24,113,113,63,63,22,40,11,13,0.5,0.6
2026-10-08T1300,3683A,109.8332,40.6577,包头市,昆区政府,,48,48,56,24,27,106,106,62,62,24,42,13,13,0.6,0.6
2026-10-08T1300,1931A,107.0802,34.3129,宝鸡市,竹园沟,颗粒物(PM10),63,67,39,38,26,108,108,53,53,16,12,7,5,0.3,0.3
2026-10-08T1300,1933A,107.1429,34.3549,宝鸡市,监测站,NA,NA,53,52,47,35,117,117,29,NA,17,19,5,3,NA,0.7
2026-10-08T1300,1934A,107.1172,34.3759,宝鸡市,技工学校,细颗粒物(PM2.5),101,71,54,61,54,132,132,55,55,13,15,9,7,0.7,0.7
2026-10-08T1300,1936A,107.2025,34.3518,宝鸡市,文理学院,细颗粒物(PM2.5),66,56,51,43,34,129,129,57,57,14,18,9,6,0.5,0.5
2026-10-08T1300,1937A,107.2396,34.3626,宝鸡市,三迪小学,细颗粒物(PM2.5),64,68,57,42,38,124,124,55,55,19,26,7,5,0.7,0.7
2026-10-08T1300,4155A,107.1721,34.3558,宝鸡市,滨河北路,细颗粒物(PM2.5),62,58,55,41,35,122,122,52,52,16,19,7,5,0.5,0.4
2026-10-08T1300,4308A,107.3898,34.3601,宝鸡市,陈仓区北开路21号,颗粒物(PM10),51,51,80,32,53,115,115,50,50,18,34,8,12,0.6,0.7
2026-10-08T1300,1051A,115.4803,38.8568,保定市,游泳馆,颗粒物(PM10),93,110,117,49,52,172,172,88,88,26,39,8,5,0.9,0.8
2026-10-08T1300,1052A,115.509,38.8895,保定市,华电二区,臭氧1小时(O3_1h),85,93,89,50,50,188,188,89,89,21,38,6,4,0.8,0.7
2026-10-08T1300,1053A,115.4588,38.9037,保定市,接待中心,细颗粒物(PM2.5),107,90,98,67,74,192,192,83,83,20,34,8,6,1.0,1
2026-10-08T1300,1054A,115.4484,38.8344,保定市,地表水厂,细颗粒物(PM2.5),101,104,123,61,71,157,157,NA,NA,27,36,8,6,0.8,0.6
2026-10-08T1300,3581A,115.3136,38.9511,保定市,满城区生态环境分局,颗粒物(PM10),88,102,102,26,41,163,163,76,76,17,23,5,3,0.5,0.5
2026-10-08T1300,3582A,115.4709,38.7628,保定市,清苑区第二中学,细颗粒物(PM2.5),80,86,129,50,70,157,157,72,72,13,28,10,7,0.8,0.6
2026-10-08T1300,3583A,115.6231,39.0223,保定市,徐水物探局,颗粒物(PM10),101,122,129,50,60,151,151,56,56,26,54,6,5,0.5,0.6
2026-10-08T1300,4004A,115.4199,38.8665,保定市,双鹰农机,颗粒物(PM10),106,134,141,40,45,186,186,89,89,15,24,9,7,0.8,0.7
2026-10-08T1300,4034A,115.515,38.8589,保定市,植保所站,细颗粒物(PM2.5),106,114,118,66,69,174,174,78,78,26,38,9,6,0.8,0.8
2026-10-08T1300,2594A,99.1589,25.1137,保山市,市环境监测站,,28,19,14,9,7,88,88,43,43,6,6,7,7,0.3,0.3
2026-10-08T1300,2595A,99.1616,25.1381,保山市,市环保局,,27,22,9,9,8,86,86,46,46,6,4,4,4,0.5,0.4
2026-10-08T1300,1867A,109.1435,21.4085,北海市,海滩公园,臭氧1小时(O3_1h),99,47,45,27,27,199,199,127,127,10,11,9,12,0.3,0.4
2026-10-08T1300,1868A,109.0983,21.466,北海市,新市环保局,NA,NA,44,42,20,25,163,163,110,110,10,14,4,7,NA,0.4
2026-10-08T1300,1869A,109.1775,21.5232,北海市,北海工业园,,49,40,43,16,24,155,155,97,97,15,14,5,13,0.4,0.5
2026-10-08T1300,3400A,109.1844,21.4396,北海市,龙潭自来水厂,臭氧1小时(O3_1h),94,48,47,21,30,195,195,105,105,12,15,11,10,0.5,0.6
2026-10-08T1300,1001A,116.3611,39.8786,北京市,万寿西宫,细颗粒物(PM2.5),113,103,88,74,45,169,169,92,92,34,44,7,4,0.6,0.5
2026-10-08T1300,1003A,116.4174,39.9289,北京市,东四,细颗粒物(PM2.5),112,136,90,73,44,168,168,92,92,37,42,7,4,0.8,0.7
2026-10-08T1300,1004A,116.4073,39.8858,北京市,天坛,细颗粒物(PM2.5),115,141,76,76,43,151,151,65,65,39,34,6,3,0.8,0.6
2026-10-08T1300,1005A,116.4622,39.9364,北京市,农展馆,细颗粒物(PM2.5),116,155,89,77,44,138,138,51,51,40,47,8,5,0.7,0.6
2026-10-08T1300,1006A,116.3399,39.9293,北京市,官园,"颗粒物(PM10),细颗粒物(PM2.5)",108,140,96,68,47,173,173,92,92,28,40,5,3,0.8,0.7
2026-10-08T1300,1007A,116.2879,39.9613,北京市,海淀万柳,"颗粒物(PM10),细颗粒物(PM2.5)",110,144,92,70,40,171,171,79,79,28,37,8,4,0.7,0.6
2026-10-08T1300,1008A,116.6635,40.1349,北京市,顺义新城,细颗粒物(PM2.5),121,94,66,83,38,160,160,86,86,27,27,8,5,0.6,0.5
2026-10-08T1300,1009A,116.6275,40.327,北京市,怀柔镇,细颗粒物(PM2.5),110,133,66,70,34,168,168,98,98,22,18,7,4,0.6,0.5
2026-10-08T1300,1010A,116.2295,40.217,北京市,昌平镇,颗粒物(PM10),95,113,73,56,36,164,164,108,108,21,18,7,5,0.7,0.5
2026-10-08T1300,1011A,116.3968,39.982,北京市,奥体中心,细颗粒物(PM2.5),116,134,86,77,45,133,133,63,63,36,43,4,3,0.7,0.7
2026-10-08T1300,3418A,116.8336,40.4095,北京市,密云新城,细颗粒物(PM2.5),102,111,70,62,34,160,160,78,78,18,24,5,3,0.6,0.5
2026-10-08T1300,3671A,116.0879,39.9725,北京市,门头沟三家店,细颗粒物(PM2.5),94,103,81,57,40,154,154,99,99,24,28,6,4,0.6,0.6
2026-10-08T1300,3672A,116.1507,39.8246,北京市,丰台云岗,细颗粒物(PM2.5),128,140,98,90,45,172,172,94,94,25,25,7,6,0.6,0.5
2026-10-08T1300,3674A,115.9578,39.7602,北京市,房山燕山,细颗粒物(PM2.5),107,125,92,67,47,161,161,92,92,23,18,6,4,0.6,0.6
2026-10-08T1300,3675A,116.4669,39.7734,北京市,大兴旧宫,细颗粒物(PM2.5),122,150,87,84,45,135,135,47,47,41,39,7,5,0.7,0.6
2026-10-08T1300,3694A,115.9859,40.4562,北京市,延庆石河营,颗粒物(PM10),68,75,67,37,34,139,139,62,62,17,21,5,4,0.5,0.5
2026-10-08T1300,3695A,116.6151,40.3052,北京市,怀柔新城,细颗粒物(PM2.5),110,121,60,70,32,155,155,96,96,20,14,8,4,0.6,0.5
2026-10-08T1300,3696A,116.2542,39.8764,北京市,丰台小屯,细颗粒物(PM2.5),110,134,95,70,43,168,168,84,84,28,45,7,4,0.7,0.6
2026-10-08T1300,3697A,116.8399,40.3843,北京市,密云镇,细颗粒物(PM2.5),117,124,73,78,36,159,159,71,71,18,40,6,4,0.5,0.4
2026-10-08T1300,4057A,115.9423,40.4431,北京市,延庆百泉,颗粒物(PM10),63,67,62,35,30,127,127,51,51,19,22,6,4,0.5,0.5
2026-10-08T1300,4058A,116.6598,39.9164,北京市,通州新华,细颗粒物(PM2.5),122,153,95,84,46,123,123,53,53,35,52,7,4,0.7,0.6
2026-10-08T1300,4182A,116.1942,39.9158,北京市,石景山八角,细颗粒物(PM2.5),107,123,102,67,44,177,177,76,76,23,52,7,3,0.7,0.7
2026-10-08T1300,4194A,117.078628,40.151726,北京市,平谷新城,细颗粒物(PM2.5),112,122,71,73,38,149,149,78,78,21,16,10,4,NA,0.6
2026-10-08T1300,1761A,123.8274146,41.31234549,本溪市,大峪,,39,34,26,11,12,124,124,86,86,9,19,8,7,0.5,0.5
2026-10-08T1300,1763A,123.7169,41.3094,本溪市,彩屯,,38,38,43,14,19,112,112,76,76,22,24,15,11,1.9,1.6
2026-10-08T1300,1764A,123.7672166,41.28649327,本溪市,东明,NA,NA,44,24,12,8,127,127,107,107,NA,15,5,6,0.7,0.7
2026-10-08T1300,1765A,123.799345,41.266614,本溪市,新立屯,,39,35,23,14,8,124,124,108,108,9,18,11,10,0.6,0.5
2026-10-08T1300,1766A,123.829144,41.336777,本溪市,威宁,,40,37,29,16,15,126,126,82,82,6,18,8,7,0.5,0.6
2026-10-08T1300,2587A,105.287,27.3133,毕节市,八中,,38,33,52,26,35,111,111,53,53,12,13,18,10,0.4,0.6
2026-10-08T1300,2588A,105.3079,27.2987,毕节市,师专,,34,32,59,23,36,108,108,50,50,10,16,19,12,0.4,0.5
2026-10-08T1300,4263A,105.3688,27.3598,毕节市,工业大道,,37,34,55,16,32,118,118,57,57,9,19,10,9,/,/
2026-10-08T1300,1629A,117.9961,37.3604,滨州市,第二水厂,臭氧1小时(O3_1h),82,83,101,33,54,185,185,108,108,12,42,13,16,0.4,0.6
2026-10-08T1300,1630A,117.9789,37.3931,滨州市,北中新校,臭氧1小时(O3_1h),82,56,85,24,49,185,185,116,116,12,51,10,14,0.4,0.7
2026-10-08T1300,3514A,117.9379,37.3959,滨州市,中海酒店,NA,NA,NA,84,24,47,173,173,108,108,10,38,9,15,0.1,0.5
2026-10-08T1300,3515A,117.9381509,37.35547456,滨州市,开发区一中,臭氧1小时(O3_1h),73,78,104,23,54,178,178,106,106,7,36,8,13,0.6,0.8
2026-10-08T1300,3516A,118.0914,37.6938,滨州市,金海六路,臭氧1小时(O3_1h),69,66,78,23,39,175,175,84,84,7,34,10,14,0.1,0.3
2026-10-08T1300,4028A,117.9955,37.3752,滨州市,滨州市西街道办事处,颗粒物(PM10),63,68,112,25,88,147,147,76,76,27,53,11,15,0.4,0.7
2026-10-08T1300,2311A,115.8071,33.8399,亳州市,污水处理厂,臭氧1小时(O3_1h),55,42,51,19,25,164,164,92,92,10,19,5,8,0.3,0.3
2026-10-08T1300,2312A,115.7789,33.8519,亳州市,三国揽胜宫,臭氧1小时(O3_1h),54,50,54,18,27,163,163,88,88,11,19,8,9,0.5,0.5
2026-10-08T1300,3332A,115.7631,33.803,亳州市,亳州学院,臭氧1小时(O3_1h),62,41,45,20,20,169,169,104,104,11,16,7,7,0.4,0.4
2026-10-08T1300,2693A,82.0482,44.8553,博尔塔拉蒙古自治州,市党校,颗粒物(PM10),58,60,53,3,9,61,61,37,36,7,9,7,6,0.3,0.3
2026-10-08T1300,2694A,82.0805,44.8966,博尔塔拉蒙古自治州,市环保局,颗粒物(PM10),58,60,51,8,8,58,58,38,24,16,13,12,8,0.2,0.2
2026-10-08T1300,1071A,116.8733,38.2922,沧州市,沧县城建局,臭氧1小时(O3_1h),67,54,83,21,38,173,173,114,114,5,15,6,9,0.3,0.3
2026-10-08T1300,1072A,116.8462,38.3189,沧州市,电视转播站,臭氧1小时(O3_1h),68,65,77,28,44,174,174,117,117,10,15,10,12,0.1,0.2
2026-10-08T1300,1073A,116.8588,38.3161,沧州市,市环保局,颗粒物(PM10),57,59,91,26,42,158,158,100,100,10,20,5,6,0.2,0.3
2026-10-08T1300,3324A,116.8011,38.294,沧州市,河北水利电力学院,颗粒物(PM10),101,122,118,20,41,157,157,99,99,11,22,10,12,0.3,0.4
2026-10-08T1300,2622A,97.1813,31.1289,昌都市,昌都监测站,,21,10,12,3,7,67,67,38,38,10,14,3,4,0.2,0.3
2026-10-08T1300,3719A,97.1707,31.1428,昌都市,昌都会议中心,,22,12,12,3,6,70,70,42,42,11,7,3,3,0.3,0.2
2026-10-08T1300,2692A,87.2722,44.0298,昌吉回族自治州,新区政务中心,,30,30,29,10,11,61,61,41,34,13,16,10,7,0.3,0.3
2026-10-08T1300,3613A,87.3069,44.0093,昌吉回族自治州,亚心广场,,44,44,41,3,11,68,68,49,43,11,14,12,9,0.3,0.3
2026-10-08T1300,4164A,87.2057,43.9289,昌吉回族自治州,财政所,,44,44,48,7,10,66,66,40,40,14,12,13,8,0.5,0.3
2026-10-08T1300,1120A,125.2874,43.9024,长春市,客车厂,颗粒物(PM10),59,62,56,24,28,132,132,90,90,14,33,9,7,0.5,0.7
2026-10-08T1300,1121A,125.2943,43.8508,长春市,邮电学院,颗粒物(PM10),51,51,43,22,27,125,125,82,82,8,20,8,6,0.5,0.5
2026-10-08T1300,1122A,125.3648,43.8745,长春市,劳动公园,颗粒物(PM10),60,64,46,21,27,135,135,87,87,11,28,9,7,0.6,0.6
2026-10-08T1300,1123A,125.3233,43.8781,长春市,园林处,颗粒物(PM10),54,55,49,22,27,136,136,92,92,10,21,11,9,0.7,0.7
2026-10-08T1300,1124A,125.4604,43.7904,长春市,净月潭,颗粒物(PM10),52,52,32,24,23,141,141,90,90,10,10,12,9,0.5,0.4
2026-10-08T1300,1126A,125.38,43.8422,长春市,经开区环卫处,颗粒物(PM10),53,54,49,21,26,140,140,89,89,10,26,12,10,0.6,0.6
2026-10-08T1300,1127A,125.234,43.7761,长春市,高新区管委会,颗粒物(PM10),59,62,47,20,27,137,137,86,86,10,25,11,9,0.6,0.6
2026-10-08T1300,1128A,125.1695,43.83,长春市,岱山公园,,49,49,50,22,25,136,136,93,93,10,25,8,6,0.8,0.7
2026-10-08T1300,4281A,125.334645,43.916281,长春市,北亚泰大街1068号,颗粒物(PM10),52,52,54,25,33,128,128,90,90,15,37,11,9,0.5,0.6
2026-10-08T1300,1335A,113.082,28.2421,长沙市,经开区环保局,,50,50,41,18,24,157,157,91,91,14,20,7,8,0.5,0.6
2026-10-08T1300,1336A,112.8873,28.2202,长沙市,高开区环保局,,45,35,54,21,31,143,143,64,64,10,34,7,7,0.6,0.8
2026-10-08T1300,1337A,113.0785,28.2012,长沙市,马坡岭,臭氧1小时(O3_1h),54,37,51,19,28,163,163,78,78,9,28,9,8,0.3,0.4
2026-10-08T1300,1338A,112.9448,28.1894,长沙市,湖南师范大学,,50,48,45,22,25,158,158,80,80,12,22,6,6,0.5,0.6
2026-10-08T1300,1339A,113.0177,28.1322,长沙市,雨花区环保局,,47,47,45,13,25,148,148,83,83,9,33,9,9,0.5,0.6
2026-10-08T1300,1340A,112.9795,28.2593,长沙市,伍家岭,,48,37,53,18,28,152,152,67,67,12,24,6,6,0.3,0.4
2026-10-08T1300,1341A,113.002,28.1944,长沙市,火车新站,NA,NA,45,50,19,26,NA,NA,71,71,11,33,8,8,0.6,0.8
2026-10-08T1300,1342A,112.9846,28.1177,长沙市,天心区环保局,,49,38,47,18,26,154,154,95,95,10,32,6,6,0.8,0.8
2026-10-08T1300,1431A,103.9727,30.7242,成都市,金泉两河,细颗粒物(PM2.5),62,60,73,41,56,80,80,45,45,13,16,3,3,0.5,0.5
2026-10-08T1300,1432A,104.1423,30.6765,成都市,十里店,细颗粒物(PM2.5),80,64,94,50,66,85,85,40,40,18,22,9,9,0.8,0.8
2026-10-08T1300,1433A,104.0594,30.5765,成都市,三瓦窑,细颗粒物(PM2.5),72,74,80,46,56,91,91,43,43,23,30,11,9,0.6,0.5
2026-10-08T1300,1434A,104.1122,30.6306,成都市,沙河铺,细颗粒物(PM2.5),76,80,97,48,60,80,80,46,43,26,26,11,9,0.7,0.7
2026-10-08T1300,2880A,104.0219,30.6561,成都市,大石西路,细颗粒物(PM2.5),88,78,92,54,68,69,69,41,41,26,24,8,6,0.5,0.5
2026-10-08T1300,3136A,104.2724,30.559,成都市,龙泉驿区区政府,细颗粒物(PM2.5),78,78,68,49,51,117,117,57,57,20,20,7,6,0.9,0.9
2026-10-08T1300,3357A,104.0028,30.6891,成都市,金博路,细颗粒物(PM2.5),68,58,73,44,57,69,69,33,33,21,28,5,5,0.8,0.9
2026-10-08T1300,3359A,104.056,30.5228,成都市,华阳,细颗粒物(PM2.5),90,83,74,55,55,86,86,44,38,21,20,6,3,0.8,0.8
2026-10-08T1300,3488A,104.387954,30.746684,成都市,青白江技师分院,细颗粒物(PM2.5),72,69,69,46,51,98,98,38,38,14,29,4,5,1.0,1
2026-10-08T1300,3489A,104.0788,30.4054,成都市,科学城,细颗粒物(PM2.5),125,106,79,87,55,86,86,30,30,31,23,11,9,1.1,0.9
2026-10-08T1300,4011A,103.8505,30.6946,成都市,光华大道三段,"颗粒物(PM10),细颗粒物(PM2.5)",54,55,69,37,45,67,67,34,34,16,17,7,5,1.0,1
2026-10-08T1300,4144A,104.3257,30.6406,成都市,八角井街185号,颗粒物(PM10),77,87,74,44,48,116,116,43,43,15,24,9,8,0.8,0.8
2026-10-08T1300,4224A,104.2433276,30.53529463,成都市,鲸龙路1057号,颗粒物(PM10),63,68,85,28,57,115,115,56,56,18,30,11,10,0.9,1
2026-10-08T1300,1062A,117.9531,40.908,承德市,铁路,,45,41,49,10,19,142,142,62,62,20,25,11,9,0.4,0.4
2026-10-08T1300,1063A,117.9397,40.9763,承德市,中国银行,,44,44,41,10,15,133,133,58,58,15,17,10,8,0.5,0.4
2026-10-08T1300,4073A,117.9462,40.95,承德市,杏林街1号,颗粒物(PM10),55,56,45,23,24,142,142,64,64,13,15,10,7,0.5,0.4
2026-10-08T1300,4274A,117.7994,40.9605,承德市,滨河大街98号,颗粒物(PM10),60,64,48,11,20,156,156,70,70,12,14,14,12,0.3,0.2
2026-10-08T1300,2314A,117.4698,30.6617,池州市,池州学院,,45,36,39,19,24,142,142,84,84,11,21,6,6,0.4,0.5
2026-10-08T1300,3237A,117.4918,30.6617,池州市,展览馆,,46,31,38,17,20,146,146,81,81,9,19,5,5,0.5,0.6
2026-10-08T1300,3333A,117.5626,30.695,池州市,第八中学,,48,38,42,21,23,152,152,82,82,14,15,12,8,0.6,0.6
2026-10-08T1300,3334A,117.5037,30.6242,池州市,第十二中学,,47,33,38,16,19,149,149,81,81,12,26,6,5,0.5,0.7
2026-10-08T1300,1744A,118.9229,42.2816,赤峰市,松山一中,,50,42,35,12,22,158,158,144,144,11,16,12,11,0.5,0.4
2026-10-08T1300,1745A,118.9588,42.2733,赤峰市,哈达街,NA,NA,39,38,14,22,156,156,138,138,16,18,9,8,NA,0.8
2026-10-08T1300,1746A,118.8792,42.2551,赤峰市,天义路,,48,36,31,20,18,151,151,140,140,12,14,5,5,0.4,0.4
2026-10-08T1300,3058A,119.2656,42.0356,赤峰市,银河街,臭氧1小时(O3_1h),70,72,53,21,27,176,176,94,94,14,22,8,15,0.8,0.9
2026-10-08T1300,3286A,118.9359,42.3146,赤峰市,桥北物流园区,NA,NA,48,31,12,17,167,167,145,145,11,21,3,4,NA,0.6
2026-10-08T1300,2521A,107.3473,22.4137,崇左市,市环保局江州分局,,48,47,32,18,16,153,153,79,79,9,15,8,5,0.8,0.6
2026-10-08T1300,4256A,107.375,22.3736,崇左市,石景林东路7号,,47,47,28,17,16,135,135,74,74,7,15,7,4,0.5,0.5
2026-10-08T1300,3207A,118.31131,32.3033,滁州市,市政府原办公楼,臭氧1小时(O3_1h),102,50,50,44,44,204,204,95,95,16,27,10,9,0.4,0.4
2026-10-08T1300,3331A,118.3268,32.2633,滁州市,图书馆,臭氧1小时(O3_1h),98,45,46,25,31,198,198,98,98,13,23,10,9,0.4,0.4
2026-10-08T1300,4101A,118.3196,32.3335,滁州市,银山路666号,臭氧1小时(O3_1h),101,56,58,37,33,201,201,86,86,17,30,7,7,0.5,0.4
2026-10-08T1300,4102A,118.3426,32.2979,滁州市,黄山路555号,臭氧1小时(O3_1h),102,57,68,33,36,203,203,99,99,12,28,11,10,0.6,0.6
2026-10-08T1300,2606A,101.5379,25.0492,楚雄彝族自治州,市经济开发区,,24,12,18,3,14,76,76,33,33,6,13,2,2,0.5,0.6
2026-10-08T1300,4153A,101.5536,25.0343,楚雄彝族自治州,团结路562号,,26,12,18,3,11,82,82,39,39,2,8,4,4,0.3,0.4
2026-10-08T1300,2549A,107.5087,31.2186,达州市,市环境监测站,,43,43,55,26,29,62,62,24,24,22,26,7,7,0.4,0.5
2026-10-08T1300,2550A,107.4988,31.2132,达州市,凤凰小区,,46,46,55,24,30,71,71,30,30,15,26,7,7,0.4,0.5
2026-10-08T1300,2551A,107.5081,31.1987,达州市,达县机关宾馆,,44,44,60,24,32,71,71,32,32,18,33,6,6,0.3,0.4
2026-10-08T1300,2552A,107.4644,31.2124,达州市,市政中心,颗粒物(PM10),55,57,68,23,31,70,70,26,26,18,32,6,6,0.4,0.5
2026-10-08T1300,2614A,100.2168,25.5818,大理白族自治州,大理市环境监测站,NA,NA,12,11,11,8,78,78,59,59,NA,7,6,6,0.2,0.3
2026-10-08T1300,2615A,100.1542,25.7055,大理白族自治州,大理古城,,27,23,12,9,10,84,84,54,54,5,11,7,7,0.7,0.6
2026-10-08T1300,1109A,121.6119,38.974,大连市,甘井子,,47,32,26,20,14,149,149,104,104,10,17,7,5,0.7,0.7
2026-10-08T1300,1110A,121.565,38.9509,大连市,周水子,,46,27,22,18,13,147,147,107,107,13,18,4,5,0.4,0.4
2026-10-08T1300,1111A,121.5637,38.8849,大连市,星海三站,,44,20,19,14,12,138,138,101,101,11,14,7,7,0.6,0.5
2026-10-08T1300,1112A,121.6301,38.9117,大连市,青泥洼桥,,42,26,23,14,14,132,132,99,99,10,15,9,7,0.6,0.3
2026-10-08T1300,1113A,121.6248,38.8643,大连市,傅家庄,,45,22,26,3,8,141,141,107,107,7,11,9,7,0.6,0.6
2026-10-08T1300,1114A,121.5117,38.8636,大连市,七贤岭,,43,25,25,15,13,136,136,100,100,14,17,10,8,0.7,0.7
2026-10-08T1300,1116A,121.7507,39.1339,大连市,金州,,44,28,26,19,14,138,138,99,99,18,19,11,9,0.7,0.7
2026-10-08T1300,1117A,121.7811,39.0495,大连市,开发区,,41,28,26,15,12,131,131,98,98,11,18,8,7,0.6,0.6
2026-10-08T1300,1118A,121.9762,39.0631,大连市,双D港,,40,36,23,14,11,128,128,104,104,11,13,9,8,0.6,0.6
2026-10-08T1300,4082A,121.2548,38.8188,大连市,旅顺,,43,37,24,18,12,135,135,101,101,7,12,9,8,0.7,0.7
2026-10-08T1300,1789A,124.8085,46.0381,大庆市,大同区,,35,35,30,3,8,78,78,60,60,4,7,5,5,0.1,0.2
2026-10-08T1300,1790A,125.1166,46.5255,大庆市,龙凤区,,36,36,34,11,12,68,68,54,54,4,7,5,5,0.1,0.4
2026-10-08T1300,1791A,124.8894,46.4007,大庆市,红岗区,,37,37,32,6,6,67,67,51,51,4,10,4,8,0.2,0.3
2026-10-08T1300,1792A,125.1391,46.578,大庆市,萨尔图区,,38,38,25,3,5,65,65,53,53,4,5,8,8,0.3,0.3
2026-10-08T1300,1793A,124.9026,46.6217,大庆市,让胡路区,,33,33,29,3,6,66,66,50,50,3,8,4,4,0.2,0.2
2026-10-08T1300,3481A,125.127,46.6277,大庆市,萨区政府监测点,,23,20,15,3,5,73,73,60,60,2,3,6,7,0.4,0.4
2026-10-08T1300,1723A,113.2926,40.0759,大同市,云冈宾馆,,45,42,72,19,23,141,141,60,60,14,39,13,14,0.6,0.7
2026-10-08T1300,1724A,113.3437,40.0921,大同市,大同大学,颗粒物(PM10),55,57,70,19,21,148,148,78,78,13,29,12,13,0.5,0.6
2026-10-08T1300,1725A,113.2637,40.129,大同市,安家小村,颗粒物(PM10),83,95,70,25,23,140,140,73,73,17,28,14,14,0.5,0.5
2026-10-08T1300,3282A,113.3399,40.0586,大同市,大同市卫生学校,颗粒物(PM10),59,62,64,8,23,150,150,78,78,11,32,12,15,0.4,0.5
2026-10-08T1300,3565A,113.1371,40.1122,大同市,云冈站,颗粒物(PM10),74,83,66,23,21,146,146,73,73,13,17,13,12,0.4,0.4
2026-10-08T1300,3566A,113.1186,40.2556,大同市,图书馆,,42,42,51,18,18,130,130,64,64,14,13,16,12,0.8,0.7
2026-10-08T1300,3567A,113.5931,40.0459,大同市,区一中,颗粒物(PM10),75,84,57,20,26,157,157,89,89,11,17,17,14,0.8,0.8
2026-10-08T1300,4199A,113.2798248,40.09972476,大同市,魏都大道141号,NA,NA,NA,95,20,26,140,140,62,62,14,42,16,17,0.5,0.6
2026-10-08T1300,2269A,124.1068,50.4091,大兴安岭地区,科技局,,18,14,25,3,7,56,56,36,36,2,6,4,4,0.4,0.4
2026-10-08T1300,3663A,124.117,50.4279,大兴安岭地区,红旗社区,,19,9,17,3,9,60,60,38,38,5,11,1,2,0.4,0.4
2026-10-08T1300,1600A,124.33,40.0625,丹东市,江湾东路,,37,37,42,14,20,116,116,66,66,6,21,9,10,0.6,0.8
2026-10-08T1300,1601A,124.4242,40.1513,丹东市,临江后街,,36,22,28,10,14,115,115,65,65,6,14,6,6,0.7,0.7
2026-10-08T1300,1602A,124.3935,40.1461,丹东市,元宝山,,37,25,25,12,14,117,117,64,64,5,11,9,9,0.6,0.6
2026-10-08T1300,1603A,124.3634,40.1093,丹东市,民主桥,,36,36,36,15,17,100,100,55,55,5,23,8,8,0.2,0.3
2026-10-08T1300,3541A,109.5726195,19.51688767,儋州市,第一中学子站,,35,31,43,14,20,112,112,102,96,3,6,2,3,0.6,0.6
2026-10-08T1300,3542A,109.5567,19.5187,儋州市,东坡学校子站,,39,30,33,16,19,124,124,108,105,5,6,6,6,0.5,0.6
2026-10-08T1300,2616A,98.5611,24.4273,德宏傣族景颇族自治州,德宏州监测站,,27,12,18,12,15,86,86,31,31,8,13,7,7,0.7,0.8
2026-10-08T1300,3677A,98.5887,24.4366,德宏傣族景颇族自治州,芒市人民政府综合楼,,30,30,36,19,14,78,78,28,28,9,10,6,6,0.5,0.5
2026-10-08T1300,1901A,104.424,31.1209,德阳市,东山公园,细颗粒物(PM2.5),58,50,59,39,57,76,76,49,43,9,15,11,12,1.0,1.1
2026-10-08T1300,1902A,104.3827,31.1318,德阳市,西小区,颗粒物(PM10),63,67,90,37,66,91,91,48,48,13,24,10,12,0.6,0.7
2026-10-08T1300,1904A,104.3553,31.1091,德阳市,耐火材料厂,颗粒物(PM10),60,63,91,35,70,84,84,42,42,12,22,3,4,0.9,1
2026-10-08T1300,4145A,104.4144,31.1495,德阳市,市林业局,颗粒物(PM10),63,67,80,34,61,84,84,36,36,11,29,14,15,0.8,0.9
2026-10-08T1300,1622A,116.3034,37.4675,德州市,儿童乐园,颗粒物(PM10),83,95,103,34,42,159,159,104,104,9,18,10,15,0.3,0.4
2026-10-08T1300,1624A,116.2992,37.4449,德州市,监理站,颗粒物(PM10),102,124,114,29,58,162,162,106,106,9,22,10,15,0.6,0.8
2026-10-08T1300,3066A,116.2722,37.438,德州市,九衢泉纯净水厂,颗粒物(PM10),83,95,101,29,45,170,170,103,103,12,28,13,16,0.2,0.4
2026-10-08T1300,3371A,116.3693,37.44,德州市,开发区人民医院,NA,NA,119,104,38,43,171,171,105,105,9,23,NA,15,0.4,0.5
2026-10-08T1300,3511A,116.5687,37.3331,德州市,陵城艺术中心,颗粒物(PM10),90,105,99,28,39,180,180,118,118,10,19,7,7,0.5,0.5
2026-10-08T1300,4292A,116.352738,37.420875,德州市,新河东路,颗粒物(PM10),88,102,96,34,44,179,179,107,107,10,23,10,12,0.5,0.7
2026-10-08T1300,2621A,99.7054,27.8319,迪庆藏族自治州,迪庆州站,,26,10,19,7,9,81,81,43,43,8,10,8,7,0.3,0.4
2026-10-08T1300,3180A,99.7122,27.8129,迪庆藏族自治州,质量技术监督局,,26,14,15,3,8,82,82,42,42,8,9,10,9,0.4,0.4
2026-10-08T1300,4257A,104.6092,35.5962,定西市,将台街,,47,47,61,3,20,121,121,51,51,5,18,8,7,0.2,0.3
2026-10-08T1300,4309A,104.6159,35.5701,定西市,正龙路62号,颗粒物(PM10),52,52,49,3,18,105,105,54,54,6,9,4,4,0.2,0.2
2026-10-08T1300,4071A,114.9883,38.5232,定州市,交通局,颗粒物(PM10),81,93,114,46,51,163,163,87,87,15,27,14,7,0.7,0.7
2026-10-08T1300,4072A,115.0045,38.5136,定州市,第五中学,颗粒物(PM10),76,86,118,39,56,150,150,68,68,18,44,12,6,0.6,0.6
2026-10-08T1300,1390A,113.7943,23.0132,东莞市,东城石井,,44,25,32,24,25,138,138,90,90,10,14,9,11,0.7,0.7
2026-10-08T1300,1391A,113.7384,22.9659,东莞市,南城西平,臭氧1小时(O3_1h),57,52,47,31,29,165,165,91,91,14,34,11,13,0.8,0.8
2026-10-08T1300,3319A,113.7283,23.041,东莞市,万江金泰,,45,42,37,28,27,143,143,86,86,11,19,9,8,0.8,0.8
2026-10-08T1300,4129A,113.8666,23.1062,东莞市,裕兴路,,48,48,54,19,24,130,130,83,83,13,20,13,16,0.7,0.7
2026-10-08T1300,4130A,114.0076,22.9739,东莞市,教育路1号,,49,46,54,22,29,154,154,96,96,14,33,13,14,0.7,0.7
2026-10-08T1300,4131A,113.7981,22.8124,东莞市,长怡路1号,臭氧1小时(O3_1h),62,54,61,28,30,169,169,93,93,11,28,8,7,0.6,0.6
2026-10-08T1300,1666A,118.6612,37.4313,东营市,市环保局,臭氧1小时(O3_1h),78,58,50,28,19,182,182,96,96,12,24,9,10,0.4,0.7
2026-10-08T1300,3036A,118.6903,37.4337,东营市,开发区管委会,臭氧1小时(O3_1h),92,74,59,32,21,193,193,112,112,14,20,9,11,0.5,0.5
2026-10-08T1300,3365A,118.5721,37.5654,东营市,垦利区民丰路,臭氧1小时(O3_1h),79,61,54,28,27,183,183,101,101,14,29,8,9,0.3,0.3
2026-10-08T1300,3498A,118.5063,37.8606,东营市,河口城区,臭氧1小时(O3_1h),93,68,64,25,27,194,194,108,108,9,24,11,11,0.6,0.6
2026-10-08T1300,3646A,118.4979,37.4623,东营市,胜利站,臭氧1小时(O3_1h),82,60,61,3,24,185,185,100,100,13,37,13,14,0.4,0.4
2026-10-08T1300,3734A,118.5753,37.4405,东营市,理想之城,臭氧1小时(O3_1h),80,56,52,22,19,184,184,89,89,10,26,15,14,0.6,0.7
2026-10-08T1300,1591A,110.0024,39.8127,鄂尔多斯市,综合楼,,41,41,55,16,17,115,115,88,88,10,20,11,11,0.5,0.5
2026-10-08T1300,1592A,109.9485,39.8259,鄂尔多斯市,巴音孟克林场办事处,NA,NA,34,47,NA,NA,114,114,91,91,12,16,6,7,0.5,0.6
2026-10-08T1300,1593A,109.7734,39.5987,鄂尔多斯市,康泽苑,,38,29,38,14,14,119,119,72,72,8,15,5,4,0.3,0.4
2026-10-08T1300,1594A,109.8121,39.5987,鄂尔多斯市,华泰汽车城,,37,31,42,11,16,118,118,59,59,8,25,6,6,0.5,0.5
2026-10-08T1300,1595A,109.9734,39.7884,鄂尔多斯市,奥林花园,,44,44,56,21,19,114,114,77,77,11,23,8,7,0.3,0.4
2026-10-08T1300,2436A,114.894,30.3989,鄂州市,市政府,,49,36,50,14,31,155,155,83,83,9,21,10,11,0.4,0.3
2026-10-08T1300,2437A,114.8986,30.3714,鄂州市,赵家坝,NA,NA,NA,53,NA,29,158,158,83,83,15,28,10,13,0.7,0.8
2026-10-08T1300,3654A,114.8093,30.4091,鄂州市,精准医疗中心,,46,38,53,6,30,145,145,80,80,9,25,7,9,0.5,0.7
2026-10-08T1300,2454A,109.4978,30.2979,恩施土家族苗族自治州,湖北民院,,34,34,36,16,20,95,95,42,42,8,10,3,3,0.5,0.5
2026-10-08T1300,3549A,109.5061,30.3771,恩施土家族苗族自治州,龙凤新区,,28,27,33,14,18,89,89,40,40,7,6,6,6,0.5,0.5
2026-10-08T1300,2499A,108.3411,21.6159,防城港市,沙万,颗粒物(PM10),55,56,41,30,23,156,156,107,107,13,10,9,6,0.9,0.7
2026-10-08T1300,2500A,108.3515,21.7733,防城港市,防城档案局,,39,39,47,21,24,124,124,90,90,6,12,8,7,0.7,0.7
2026-10-08T1300,2501A,108.3506,21.6414,防城港市,大海花园,颗粒物(PM10),55,57,37,30,26,161,161,108,108,10,9,10,9,1.1,0.8
2026-10-08T1300,1371A,113.1293,23.0065,佛山市,湾梁,,40,39,33,25,24,128,128,76,76,15,24,/,/,/,/
2026-10-08T1300,1372A,113.1082,23.0477,佛山市,华材职中,,42,36,39,23,26,133,133,75,75,10,36,3,3,0.7,0.7
2026-10-08T1300,1373A,113.1439,23.045,佛山市,南海气象局,,48,48,39,22,26,128,128,74,74,12,30,/,/,/,/
2026-10-08T1300,1374A,113.2879,22.8094,佛山市,顺德苏岗,臭氧1小时(O3_1h),63,46,36,35,26,170,170,90,90,15,26,/,/,0.5,0.5
2026-10-08T1300,1376A,112.8384,22.8678,佛山市,高明孔堂,,49,45,50,34,30,143,143,67,67,21,31,/,/,/,/
2026-10-08T1300,1377A,112.8835,23.1584,佛山市,三水监测站,,46,41,44,29,28,146,146,82,82,11,25,7,8,0.5,0.5
2026-10-08T1300,1378A,112.8668,23.185,佛山市,三水云东海,,47,33,39,24,26,149,149,82,82,8,22,/,/,/,/
2026-10-08T1300,3625A,113.2568,22.7629,佛山市,容桂街道办,,49,44,39,34,27,154,154,80,80,9,17,/,/,/,/
2026-10-08T1300,1282A,119.2681,26.0506,福州市,师大,,39,27,36,6,15,124,124,107,107,5,9,6,6,0.4,0.5
2026-10-08T1300,1283A,119.2983,26.1028,福州市,五四北路,,38,19,34,7,14,119,119,109,109,10,14,5,6,0.4,0.4
2026-10-08T1300,1284A,119.2648,26.0769,福州市,杨桥西路,,39,26,36,8,15,122,122,110,109,7,9,4,5,/,/
2026-10-08T1300,3048A,119.5799,26.0937,福州市,九龙,,42,24,27,8,14,133,133,121,121,4,7,6,7,0.4,0.5
2026-10-08T1300,3526A,119.5188,25.9666,福州市,吴航,,40,22,28,8,14,128,128,117,117,2,6,8,9,0.4,0.5
2026-10-08T1300,4104A,119.3106,26.0648,福州市,路通桥巷6号,,39,26,31,10,17,122,122,115,113,4,7,/,/,/,/
2026-10-08T1300,1755A,123.7974,41.8494,抚顺市,望花区,颗粒物(PM10),65,71,57,21,26,154,154,81,81,16,39,12,14,0.6,0.9
2026-10-08T1300,1756A,123.9161,41.8827,抚顺市,顺城区,颗粒物(PM10),56,58,42,16,20,153,153,82,82,12,30,15,13,0.8,0.9
2026-10-08T1300,1757A,124.0437,41.8615,抚顺市,东洲区,,50,48,28,15,13,158,158,95,95,11,15,13,11,0.7,0.7
2026-10-08T1300,1758A,123.9246,41.8638,抚顺市,新抚区,颗粒物(PM10),68,74,55,19,25,151,151,67,67,12,33,13,10,0.5,0.5
2026-10-08T1300,1759A,124.0972,41.8961,抚顺市,大伙房水库,,50,38,24,15,13,160,160,108,108,13,15,12,10,0.6,0.6
2026-10-08T1300,1760A,123.708,41.8386,抚顺市,沈抚新城,颗粒物(PM10),75,85,50,23,17,170,170,104,104,15,29,18,15,0.9,0.9
2026-10-08T1300,2377A,116.3544,27.9833,抚州市,市站,,40,33,43,10,23,128,128,80,80,3,7,7,8,0.5,0.5
2026-10-08T1300,2378A,116.3562,27.9631,抚州市,血防站,,43,32,45,9,25,136,136,80,80,6,14,5,7,0.4,0.4
2026-10-08T1300,2379A,116.3561,28.0007,抚州市,采茶剧团,,47,32,42,6,21,148,148,90,90,2,7,2,4,0.4,0.5
2026-10-08T1300,2380A,116.3854,27.9648,抚州市,医学分院,,44,30,40,15,23,138,138,85,85,2,8,4,5,0.5,0.5
2026-10-08T1300,2207A,121.6095,41.9978,阜新市,工业园区,颗粒物(PM10),65,70,69,29,36,155,155,76,76,15,33,20,17,0.9,0.8
2026-10-08T1300,2208A,121.6567,42.0188,阜新市,长青街,颗粒物(PM10),65,70,52,35,30,165,165,85,85,19,32,16,11,0.8,0.8
2026-10-08T1300,2209A,121.6672,42.07,阜新市,农业园区,颗粒物(PM10),65,71,48,32,26,167,167,102,102,14,21,14,12,0.6,0.5
2026-10-08T1300,2211A,121.6343,42.0455,阜新市,玉龙新城,臭氧1小时(O3_1h),60,61,58,23,24,168,168,79,79,18,40,18,12,0.7,0.6
2026-10-08T1300,2301A,115.8276,32.8929,阜阳市,市监测站,臭氧1小时(O3_1h),72,55,67,28,35,177,177,99,99,9,24,11,10,0.3,0.3
2026-10-08T1300,2303A,115.8551,32.8606,阜阳市,开发区,臭氧1小时(O3_1h),72,63,66,25,29,177,177,104,104,15,27,9,8,0.4,0.6
2026-10-08T1300,2875A,115.783962,32.889217,阜阳市,阜阳职业技术学院,臭氧1小时(O3_1h),78,49,49,25,23,182,182,122,122,11,17,8,7,0.5,0.4
2026-10-08T1300,3468A,115.79,32.8614,阜阳市,市规划展馆,臭氧1小时(O3_1h),79,58,49,26,27,183,183,116,116,10,15,8,8,0.5,0.5
2026-10-08T1300,3469A,115.835101,32.918568,阜阳市,枣园社区,臭氧1小时(O3_1h),75,46,55,25,30,180,180,105,105,13,32,6,6,0.3,0.4
2026-10-08T1300,2669A,102.9097,34.9841,甘南藏族自治州,州政府,,34,34,48,12,22,80,80,33,33,3,20,9,9,0.3,0.4
2026-10-08T1300,3380A,102.8915,34.9618,甘南藏族自治州,甘肃民族师范学院,,32,30,60,16,20,100,100,43,43,5,30,8,9,0.4,0.5
2026-10-08T1300,2570A,101.96,30.048,甘孜藏族自治州,水桥子,,17,8,15,3,4,54,54,23,23,7,14,2,2,0.2,0.2
2026-10-08T1300,3065A,101.9534,29.9976,甘孜藏族自治州,州环保局,,17,17,18,3,2,54,54,34,34,11,13,3,3,0.2,0.5
2026-10-08T1300,2363A,114.9368,25.8663,赣州市,地委,,43,42,40,12,23,136,136,82,82,3,10,6,6,0.9,0.9
2026-10-08T1300,2364A,114.946,25.8483,赣州市,气象台,,43,34,35,14,21,137,137,NA,NA,8,11,8,7,0.3,0.3
2026-10-08T1300,2365A,114.932,25.8332,赣州市,市图书馆,,45,34,35,21,23,143,143,83,83,8,13,3,4,1.4,1.3
2026-10-08T1300,2366A,114.8905,25.8472,赣州市,华坚鞋城,NA,NA,47,40,21,26,132,132,76,76,10,16,3,2,NA,0.4
2026-10-08T1300,3109A,115.0094,25.8614,赣州市,赣县区卫计委,,45,21,33,18,17,141,141,76,76,6,13,9,7,0.4,0.6
2026-10-08T1300,2684A,106.2753,36.0057,固原市,监测站,,38,35,37,10,17,119,119,58,58,5,23,7,7,0.3,0.4
2026-10-08T1300,2685A,106.2384,36.0189,固原市,新区,,36,36,36,9,17,108,108,49,49,5,14,7,6,0.3,0.5
2026-10-08T1300,2544A,106.6307,30.4577,广安市,市委,,46,46,50,20,35,77,77,43,43,10,14,9,8,0.5,0.5
2026-10-08T1300,2545A,106.6266,30.4662,广安市,友谊中学,,35,35,44,24,32,80,80,44,43,8,10,10,9,0.6,0.6
2026-10-08T1300,2547A,106.6386,30.4551,广安市,广电花园,,45,45,47,29,39,84,84,46,46,10,12,8,8,0.6,0.6
2026-10-08T1300,2902A,106.6347,30.4868,广安市,北辰小学,颗粒物(PM10),53,53,56,27,36,84,84,49,49,11,22,10,10,0.6,0.7
2026-10-08T1300,2524A,105.8211,32.4444,广元市,老城,细颗粒物(PM2.5),70,59,55,45,39,56,56,28,28,21,24,25,6,1.8,1
2026-10-08T1300,2526A,105.8629,32.429,广元市,监测站,细颗粒物(PM2.5),62,58,56,41,33,52,52,26,26,26,17,7,5,0.8,0.7
2026-10-08T1300,3617A,105.8047,32.4167,广元市,经开区,细颗粒物(PM2.5),66,69,59,43,40,63,63,33,33,23,24,34,11,1.1,0.7
2026-10-08T1300,1345A,113.2346,23.1423,广州市,广雅中学,,38,35,45,19,25,120,120,72,72,12,42,6,7,0.5,0.4
2026-10-08T1300,1346A,113.2611,23.105,广州市,市五中,,44,32,33,20,22,139,139,93,93,11,21,6,6,/,/
2026-10-08T1300,1348A,113.3477,23.0916,广州市,广东商学院,,42,39,30,22,16,134,134,87,87,12,23,7,7,0.3,0.3
2026-10-08T1300,1349A,113.4332,23.105,广州市,市八十六中,,39,24,27,17,20,123,123,74,74,18,36,8,8,/,/
2026-10-08T1300,1350A,113.3506,22.9488,广州市,番禺中学,颗粒物(PM10),68,74,42,35,25,156,156,84,84,14,28,9,6,0.5,0.4
2026-10-08T1300,1351A,113.2147,23.3918,广州市,花都师范,细颗粒物(PM2.5),54,54,37,37,17,136,136,102,102,11,15,6,7,0.7,0.8
2026-10-08T1300,1352A,113.2599,23.1329,广州市,市监测站,,40,38,39,20,22,127,127,85,85,9,26,2,3,/,/
2026-10-08T1300,1353A,113.5618,23.3119,广州市,九龙镇镇龙,,39,39,42,22,24,106,106,64,64,7,22,9,9,0.5,0.5
2026-10-08T1300,1354A,113.2764,23.1544,广州市,麓湖,NA,NA,NA,27,NA,18,122,122,70,70,NA,32,7,7,0.7,0.7
2026-10-08T1300,2846A,113.3209,23.1323,广州市,体育西,,39,31,31,18,19,123,123,86,86,14,32,7,7,0.8,0.8
2026-10-08T1300,3298A,113.5718,23.5493,广州市,从化街口,,36,33,38,25,25,112,112,66,66,6,21,10,10,0.5,0.5
2026-10-08T1300,3299A,113.3463,23.369,广州市,白云竹料,,43,43,41,26,27,124,124,84,84,9,21,7,7,0.8,0.8
2026-10-08T1300,3300A,113.2981,23.2365,广州市,白云嘉禾,,40,36,37,21,22,128,128,81,81,12,28,8,8,/,/
2026-10-08T1300,3301A,113.4256,23.1716,广州市,黄埔科学城,,36,33,32,24,23,114,114,81,81,5,20,6,7,0.7,0.7
2026-10-08T1300,3302A,113.3942,23.0485,广州市,番禺大学城,,46,43,38,24,20,146,146,85,85,17,30,11,10,0.5,0.4
2026-10-08T1300,3303A,113.4923,22.8169,广州市,南沙黄阁,臭氧1小时(O3_1h),75,54,49,40,31,180,180,88,88,20,30,12,14,/,/
2026-10-08T1300,3304A,113.534,22.7893,广州市,南沙街,臭氧1小时(O3_1h),83,54,51,39,33,186,186,98,98,13,20,12,12,0.8,0.8
2026-10-08T1300,3443A,113.2905,23.5541,广州市,花都梯面,NA,NA,34,28,23,19,108,108,83,83,NA,30,10,10,/,/
2026-10-08T1300,3445A,113.786,23.7479,广州市,从化良口,,32,24,21,17,17,101,101,68,68,5,10,7,6,/,/
2026-10-08T1300,3446A,113.805,23.2614,广州市,增城荔城,,38,33,30,26,20,108,108,84,84,13,19,12,11,0.6,0.6
2026-10-08T1300,2506A,109.604387,23.066791,贵港市,江南子站,,42,34,60,15,29,133,133,72,72,6,26,4,7,0.4,0.6
2026-10-08T1300,2508A,109.5669,23.1065,贵港市,荷城子站,,43,34,39,11,18,137,137,99,99,9,15,8,7,0.5,0.5
2026-10-08T1300,3405A,109.5886,23.1172,贵港市,新世纪学校,,44,29,37,20,19,140,140,97,97,7,11,/,/,0.5,0.5
2026-10-08T1300,4260A,109.5933,23.095,贵港市,中山路155-3号,,42,38,46,18,23,134,134,83,83,8,18,/,/,0.4,0.5
2026-10-08T1300,1439A,106.6863,26.6035,贵阳市,马鞍山,,37,24,22,9,13,116,116,54,54,7,12,8,4,/,/
2026-10-08T1300,1441A,106.6241,26.6266,贵阳市,鉴湖路,,41,41,38,15,13,111,111,57,NA,10,15,12,9,0.5,0.5
2026-10-08T1300,1442A,106.7468,26.6344,贵阳市,燕子冲,,36,36,34,9,14,110,110,50,50,7,14,9,5,0.6,0.6
2026-10-08T1300,1443A,106.6556,26.4362,贵阳市,碧云窝,,39,39,38,10,12,106,106,55,55,6,12,8,6,/,/
2026-10-08T1300,1445A,106.6963,26.6063,贵阳市,红边门,,34,22,31,11,16,106,106,52,52,8,18,7,4,/,/
2026-10-08T1300,1446A,106.7162383,26.56964667,贵阳市,新华路,,34,34,38,7,13,103,103,60,60,7,20,10,7,0.5,0.6
2026-10-08T1300,1447A,106.6742,26.542,贵阳市,太慈桥,,34,31,29,12,14,106,106,52,52,8,16,10,4,/,/
2026-10-08T1300,4230A,106.688212,26.56952,贵阳市,花果园大街66号,,32,26,31,8,14,101,101,50,50,10,23,7,4,/,/
2026-10-08T1300,4231A,106.687268,26.516892,贵阳市,漓江路57号,,32,22,28,9,16,101,101,49,49,7,22,9,5,0.4,0.5
2026-10-08T1300,1864A,110.3091,25.2705,桂林市,龙隐路小学,颗粒物(PM10),52,52,31,18,18,132,132,86,86,10,13,7,8,0.7,0.7
2026-10-08T1300,1865A,110.2849361,25.22909545,桂林市,八中,,43,37,34,8,10,135,135,74,74,9,15,7,7,0.6,0.6
2026-10-08T1300,3531A,110.296,25.1254,桂林市,旅游学院,,42,32,41,19,23,132,132,74,74,7,18,4,4,0.7,0.7
2026-10-08T1300,4222A,110.1835,25.2444,桂林市,环湖路276号,,45,36,39,13,17,143,143,74,74,10,18,6,5,0.8,0.8
2026-10-08T1300,4301A,110.2803,25.2773,桂林市,信义路13号,,45,45,31,21,21,136,136,89,89,8,12,8,9,0.8,0.9
2026-10-08T1300,2674A,100.2262,34.4854,果洛藏族自治州,玛沁县大武镇,,29,29,42,3,13,89,89,43,43,5,10,15,16,0.4,0.5
2026-10-08T1300,1130A,126.5557,45.8109,哈尔滨市,松北商大,,37,37,33,18,13,55,55,30,30,14,19,7,6,0.6,0.5
2026-10-08T1300,1132A,126.6162,45.719,哈尔滨市,南岗学府路,颗粒物(PM10),55,57,46,12,10,53,53,25,25,18,28,6,7,0.4,0.4
2026-10-08T1300,1133A,126.6894,45.7733,哈尔滨市,太平宏伟公园,颗粒物(PM10),52,52,41,6,13,52,52,25,25,14,23,8,8,0.4,0.4
2026-10-08T1300,1134A,126.6361,45.7672,哈尔滨市,道外承德广场,颗粒物(PM10),61,65,56,19,13,50,50,22,22,15,26,6,7,0.5,0.4
2026-10-08T1300,1136A,126.644,45.7261,哈尔滨市,动力和平路,颗粒物(PM10),52,52,39,11,10,48,48,26,26,29,25,24,13,0.6,0.6
2026-10-08T1300,1137A,126.5933,45.7479,哈尔滨市,道里建国路,,41,41,41,14,10,55,55,27,27,10,22,6,7,0.3,0.3
2026-10-08T1300,1138A,126.6127,45.6119,哈尔滨市,平房东轻厂,颗粒物(PM10),69,76,51,23,15,69,69,40,40,23,32,13,12,0.8,0.6
2026-10-08T1300,1139A,126.5875,45.9827,哈尔滨市,呼兰师专,颗粒物(PM10),51,51,34,11,8,63,63,38,38,13,17,5,5,0.7,0.6
2026-10-08T1300,1140A,126.6299,45.6799,哈尔滨市,省农科院,颗粒物(PM10),80,91,50,22,14,60,60,26,26,22,28,8,7,0.8,0.7
2026-10-08T1300,4282A,126.6769,45.7379,哈尔滨市,华山路1号,NA,NA,44,39,NA,9,56,56,33,33,15,22,7,9,0.3,0.4
2026-10-08T1300,4283A,126.9717,45.5356,哈尔滨市,解放大街52号,颗粒物(PM10),71,79,57,23,7,116,116,52,52,16,27,14,10,0.8,0.8
2026-10-08T1300,2688A,93.5124,42.8176,哈密市,地区监测站,,25,19,28,6,10,77,77,82,71,6,9,2,4,0.0,0
2026-10-08T1300,2689A,93.5014,42.8312,哈密市,哈密师范学校,,25,20,28,6,12,77,77,80,72,7,12,3,3,0.2,0.3
2026-10-08T1300,2671A,100.9016,36.9464,海北藏族自治州,海晏县西海镇,,39,32,24,22,13,122,122,84,84,2,6,9,9,0.5,0.4
2026-10-08T1300,3867A,102.074,36.5056,海东市,平安区公安局北苑,,41,41,39,18,17,98,98,60,54,7,13,17,9,0.4,0.5
2026-10-08T1300,4163A,102.0984,36.5119,海东市,滨河路,颗粒物(PM10),73,81,44,21,21,106,106,38,38,15,37,24,14,0.5,0.5
2026-10-08T1300,1410A,110.3189,20.0596,海口市,海南大学,臭氧1小时(O3_1h),57,41,33,25,19,165,165,142,142,9,8,8,7,0.5,0.4
2026-10-08T1300,1411A,110.2827,20.0051,海口市,秀英海南医院,臭氧1小时(O3_1h),53,41,33,24,20,162,162,142,142,8,6,4,4,0.3,0.3
2026-10-08T1300,1412A,110.3391,19.9979,海口市,海南师范大学,,49,40,33,25,20,156,156,136,136,7,6,4,4,0.6,0.5
2026-10-08T1300,1413A,110.3303,20.0359,海口市,龙华路环保局宿舍,臭氧1小时(O3_1h),55,44,34,25,19,164,164,142,142,7,6,/,/,0.6,0.4
2026-10-08T1300,3539A,110.5111,19.9737,海口市,桂林洋子站,,46,46,38,24,20,135,135,126,126,7,9,/,/,/,/
2026-10-08T1300,4134A,110.1952,20.0451,海口市,长滨二路9号,臭氧1小时(O3_1h),63,44,32,24,19,170,170,144,144,9,7,/,/,/,/
2026-10-08T1300,2673A,100.6158,36.2985,海南藏族自治州,共和县恰卜恰镇,,32,21,24,16,13,101,101,64,64,2,10,10,6,0.6,0.5
2026-10-08T1300,2676A,97.373,37.376,海西蒙古族藏族自治州,德令哈市,NA,NA,45,26,16,11,95,95,77,72,NA,6,22,18,0.0,0.5
2026-10-08T1300,1049A,114.492,36.5712,邯郸市,矿院,细颗粒物(PM2.5),111,NA,76,72,38,171,171,97,97,6,27,8,8,0.5,0.9
2026-10-08T1300,1050A,114.4839,36.6136,邯郸市,丛台公园,臭氧1小时(O3_1h),54,37,57,3,20,163,163,101,101,6,16,2,5,0.3,0.5
2026-10-08T1300,3458A,114.7893,36.5592,邯郸市,香泉濮院小区,颗粒物(PM10),62,66,102,27,54,166,166,107,107,12,26,2,4,0.5,0.9
2026-10-08T1300,3580A,114.1998,36.4439,邯郸市,峰峰矿区临水派出所,臭氧1小时(O3_1h),65,36,40,26,25,172,172,130,130,10,12,8,9,0.7,0.6
2026-10-08T1300,4068A,114.5209,36.7697,邯郸市,建安街268号,臭氧1小时(O3_1h),52,48,73,3,10,161,161,96,96,12,24,4,7,0.3,0.6
2026-10-08T1300,4069A,114.5488,36.6177,邯郸市,丛台东路558号,NA,NA,NA,73,NA,43,NA,NA,156,72,NA,32,NA,6,NA,0.5
2026-10-08T1300,2635A,107.0155,33.0707,汉中市,市监测站,,36,36,57,15,40,79,79,36,36,5,13,5,6,0.3,0.5
2026-10-08T1300,2636A,107.0083,33.114,汉中市,鑫源开发区,,39,39,64,13,47,80,80,39,39,7,22,6,7,0.2,0.5
2026-10-08T1300,2637A,107.0072,33.0323,汉中市,南郑大河坎水厂,,35,35,50,15,34,79,79,32,32,7,12,4,4,0.5,0.6
2026-10-08T1300,1223A,120.2073,30.2111,杭州市,滨江,臭氧1小时(O3_1h),54,37,62,21,35,163,163,91,91,14,37,9,9,0.4,0.6
2026-10-08T1300,1224A,120.0625,30.2737,杭州市,西溪,NA,NA,27,42,13,24,152,152,82,82,7,24,6,5,NA,0.2
2026-10-08T1300,1226A,120.3417,30.315,杭州市,下沙,臭氧1小时(O3_1h),67,44,61,28,39,173,173,96,96,8,39,9,9,0.4,0.6
2026-10-08T1300,1227A,120.1252,30.2465,杭州市,卧龙桥,NA,NA,32,34,19,21,161,161,86,86,NA,15,8,8,0.5,0.4
2026-10-08T1300,1228A,120.1902,30.2691,杭州市,浙江农大,臭氧1小时(O3_1h),52,34,50,19,34,161,161,87,87,10,30,10,9,0.4,0.6
2026-10-08T1300,1230A,120.1195,30.3121,杭州市,和睦小学,,50,38,46,20,33,157,157,78,78,13,39,8,8,0.5,0.7
2026-10-08T1300,1231A,120.3076,30.4146,杭州市,临平镇,臭氧1小时(O3_1h),65,60,69,35,37,172,172,82,82,14,44,10,9,0.5,0.6
2026-10-08T1300,1232A,120.2753,30.1839,杭州市,城厢镇,,49,36,53,21,35,154,154,86,86,10,25,10,10,0.6,0.7
2026-10-08T1300,1233A,120.0883,30.1808,杭州市,云栖,,48,32,38,15,24,153,153,78,78,8,15,8,7,0.5,0.5
2026-10-08T1300,3557A,119.9463,30.0496,杭州市,镇二中,,45,33,48,12,32,143,143,78,78,12,29,8,8,0.4,0.6
2026-10-08T1300,3558A,119.7184,30.2367,杭州市,市府大楼,,46,18,30,12,24,146,146,86,86,9,19,9,8,0.3,0.4
2026-10-08T1300,3656A,120.1554,30.2863,杭州市,消防大队,臭氧1小时(O3_1h),54,38,44,24,31,163,163,93,93,12,27,12,11,0.6,0.6
2026-10-08T1300,1270A,117.1957,31.7845,合肥市,明珠广场,臭氧1小时(O3_1h),54,44,52,15,28,163,163,115,115,15,46,13,13,0.3,0.4
2026-10-08T1300,1271A,117.307,31.8765,合肥市,三里街,,49,39,53,16,29,154,154,82,82,14,50,8,7,0.6,0.8
2026-10-08T1300,1272A,117.2587,31.8703,合肥市,琥珀山庄,,50,44,53,14,27,159,159,90,90,11,33,9,8,0.6,0.9
2026-10-08T1300,1275A,117.2593,31.9376,合肥市,庐阳区,,50,36,61,14,31,158,158,94,94,13,45,6,7,0.6,0.7
2026-10-08T1300,1276A,117.345251,31.861615,合肥市,瑶海区,,50,36,53,16,26,159,159,88,88,8,35,5,5,0.5,0.6
2026-10-08T1300,3188A,115.6684,37.7216,衡水市,市城管局,颗粒物(PM10),108,140,113,27,39,163,163,109,109,11,19,7,8,0.4,0.4
2026-10-08T1300,3459A,115.599,37.5491,衡水市,地表水厂,颗粒物(PM10),99,118,143,22,40,164,164,102,102,5,25,3,5,0.4,0.5
2026-10-08T1300,2457A,112.6209,26.9268,衡阳市,衡阳化工总厂,,45,38,44,15,26,142,142,77,77,11,20,14,17,0.6,0.6
2026-10-08T1300,2458A,112.621,26.8957,衡阳市,珠晖区环保局,,45,33,48,13,24,144,144,73,73,11,36,9,12,0.4,0.6
2026-10-08T1300,2459A,112.628,26.8654,衡阳市,市委党校,颗粒物(PM10),75,84,43,21,27,157,157,82,82,12,19,8,11,0.6,0.7
2026-10-08T1300,2460A,112.6007,26.8977,衡阳市,市监测站,,50,50,51,24,32,150,150,86,86,14,21,10,11,0.4,0.9
2026-10-08T1300,2461A,112.5658,26.9013,衡阳市,真空机电公司,,47,39,48,19,32,148,148,66,66,10,18,12,9,0.6,0.7
2026-10-08T1300,3399A,112.6703,26.8817,衡阳市,师范学院,,49,49,43,16,24,148,148,76,76,11,17,11,10,0.6,0.6
2026-10-08T1300,3038A,103.3757,23.3679,红河哈尼族彝族自治州,州图书馆,,31,26,27,14,18,97,97,77,77,4,5,6,5,0.4,0.4
2026-10-08T1300,4154A,103.401,23.3561,红河哈尼族彝族自治州,蒙自市朝阳路,,32,NA,16,15,16,101,101,77,77,2,4,6,5,0.3,0.3
2026-10-08T1300,1090A,111.6506,40.7517,呼和浩特市,呼市一监,,48,48,64,12,22,125,125,62,62,17,37,15,12,0.6,0.6
2026-10-08T1300,1094A,111.7516,40.8369,呼和浩特市,如意水处理厂,颗粒物(PM10),59,62,60,25,25,123,123,64,64,21,53,13,10,0.3,0.3
2026-10-08T1300,1095A,111.727798,40.806187,呼和浩特市,二十九中,颗粒物(PM10),52,52,65,13,25,119,119,59,59,18,46,13,10,0.6,0.7
2026-10-08T1300,1097A,111.717,40.7617,呼和浩特市,化肥厂生活区,颗粒物(PM10),60,64,61,24,23,121,121,63,63,19,41,12,8,0.6,0.6
2026-10-08T1300,3699A,111.6519,40.8389,呼和浩特市,海东办,颗粒物(PM10),53,53,74,8,23,117,117,47,47,20,60,14,12,0.2,0.3
2026-10-08T1300,4275A,111.591512,40.827312,呼和浩特市,成吉思汗西街8号,颗粒物(PM10),56,58,73,12,21,113,113,46,46,25,50,13,9,0.6,0.6
2026-10-08T1300,4276A,111.6597,40.8077,呼和浩特市,公园东路75号,颗粒物(PM10),60,63,73,8,24,112,112,54,54,17,40,10,8,0.4,0.5
2026-10-08T1300,4277A,111.5427,40.7846,呼和浩特市,金海路35号,NA,NA,57,70,12,26,109,109,61,61,23,58,NA,9,0.5,0.5
2026-10-08T1300,3061A,119.7511,49.1576,呼伦贝尔市,国华电力东,NA,NA,NA,31,NA,9,58,58,44,44,7,7,NA,6,0.4,0.4
2026-10-08T1300,4279A,119.7569,49.2222,呼伦贝尔市,伊敏大街东7号,,18,17,30,12,11,51,51,37,37,10,11,6,7,0.2,0.2
2026-10-08T1300,1250A,120.075,30.867,湖州市,城西水厂,臭氧1小时(O3_1h),69,46,53,28,31,175,175,77,77,14,66,9,8,0.5,0.5
2026-10-08T1300,2873A,120.083,30.8929,湖州市,仁皇山新区,臭氧1小时(O3_1h),63,53,61,32,37,170,170,75,75,17,53,10,9,0.4,0.5
2026-10-08T1300,2907A,120.1846,30.8592,湖州市,吴兴区站,臭氧1小时(O3_1h),69,54,56,33,39,175,175,80,80,10,42,10,10,0.6,0.7
2026-10-08T1300,3562A,120.4146,30.8538,湖州市,南浔区站,臭氧1小时(O3_1h),77,40,61,29,41,181,181,91,91,14,31,12,12,0.4,0.5
2026-10-08T1300,1607A,120.904878,40.721091,葫芦岛市,龙港区,臭氧1小时(O3_1h),68,54,39,40,25,174,174,118,118,15,15,14,11,0.6,0.5
2026-10-08T1300,1608A,120.8382,40.7521,葫芦岛市,化工街,颗粒物(PM10),79,90,58,27,21,167,167,96,96,18,30,13,9,0.6,0.5
2026-10-08T1300,1609A,120.8339,40.7078,葫芦岛市,新区,臭氧1小时(O3_1h),67,64,40,22,19,173,173,112,112,15,19,12,9,0.9,0.8
2026-10-08T1300,1610A,120.8697,40.7679,葫芦岛市,东城区,颗粒物(PM10),72,80,47,30,26,166,166,99,99,21,35,11,10,0.8,0.8
2026-10-08T1300,2483A,109.9297,27.5383,怀化市,河西地税局,,41,30,31,17,19,131,131,62,62,10,13,12,10,/,/
2026-10-08T1300,2484A,109.9783,27.5342,怀化市,市四医院,,33,33,36,10,18,61,61,32,32,10,15,12,10,0.5,0.5
2026-10-08T1300,2485A,109.9971,27.5579,怀化市,监测楼,,39,39,37,19,23,117,117,63,63,11,20,10,9,0.3,0.3
2026-10-08T1300,1210A,119.0566,33.5991,淮安市,钵池山,,48,39,41,18,22,152,152,95,95,10,23,8,8,0.8,0.8
2026-10-08T1300,1211A,119.0083,33.578,淮安市,北京南路,颗粒物(PM10),58,61,49,23,23,156,156,97,97,8,22,9,8,0.6,0.6
2026-10-08T1300,1212A,118.9938,33.6083,淮安市,市监测站,,46,34,45,20,23,146,146,90,90,12,25,9,10,0.7,0.8
2026-10-08T1300,1213A,119.135,33.5038,淮安市,楚州区监测站,,43,39,44,16,23,136,136,84,84,7,20,9,8,0.6,0.7
2026-10-08T1300,3426A,118.8757,33.2897,淮安市,新华书店,,46,43,51,23,27,146,146,85,85,5,18,12,12,0.9,1
2026-10-08T1300,4092A,119.119691,33.550006,淮安市,枚皋中路89号,颗粒物(PM10),51,51,40,15,22,140,140,77,77,8,21,8,7,0.8,0.8
2026-10-08T1300,4206A,119.028838,33.631911,淮安市,承德北路606号,,44,39,49,14,22,140,140,82,82,9,21,9,9,0.7,0.7
2026-10-08T1300,2282A,116.8005,33.9749,淮北市,监测站,颗粒物(PM10),71,79,59,36,31,170,170,100,100,13,22,9,9,0.5,0.6
2026-10-08T1300,2283A,116.8094,33.9008,淮北市,烈山区政府,臭氧1小时(O3_1h),74,54,69,33,33,179,179,114,114,12,23,8,9,0.3,0.4
2026-10-08T1300,4017A,116.7926,33.9534,淮北市,市博物馆,臭氧1小时(O3_1h),70,53,62,36,36,176,176,112,112,12,21,10,11,0.3,0.4
2026-10-08T1300,4100A,116.8322,33.9884,淮北市,杜集区第一实验学校,臭氧1小时(O3_1h),69,25,38,21,26,175,175,82,82,10,21,9,8,0.4,0.6
2026-10-08T1300,2277A,116.8304,32.7726,淮南市,潘集区政府,臭氧1小时(O3_1h),89,42,69,26,34,191,191,113,113,10,26,12,13,0.5,0.5
2026-10-08T1300,2279A,116.8569,32.5949,淮南市,谢家集区政府,臭氧1小时(O3_1h),95,67,49,29,25,196,196,145,145,12,17,9,13,0.4,0.4
2026-10-08T1300,2280A,116.8279,32.6333,淮南市,八公山区政府,臭氧1小时(O3_1h),92,55,47,29,27,193,193,138,138,12,15,10,10,0.5,0.4
2026-10-08T1300,2894A,117.0561,32.6536,淮南市,经济技术开发区消防队,臭氧1小时(O3_1h),93,65,58,30,30,194,194,126,126,11,23,13,12,0.4,0.4
2026-10-08T1300,3329A,117.011,32.5891,淮南市,山南新区,臭氧1小时(O3_1h),93,59,49,27,27,194,194,141,141,14,18,6,6,0.3,0.2
2026-10-08T1300,4209A,117.003137,32.644456,淮南市,国庆中路369号,NA,NA,54,45,30,29,185,185,135,135,10,16,NA,11,0.6,0.5
2026-10-08T1300,2446A,114.9021,30.474,黄冈市,职工中心,臭氧1小时(O3_1h),60,30,42,14,31,168,168,108,108,10,16,11,10,0.3,0.4
2026-10-08T1300,2929A,114.8858,30.4519,黄冈市,红卫路,NA,NA,NA,49,NA,33,NA,NA,157,NA,NA,18,NA,6,NA,0.3
2026-10-08T1300,3398A,114.9134,30.4446,黄冈市,市林业局,NA,NA,NA,48,15,28,150,150,98,98,11,15,9,8,0.5,0.4
2026-10-08T1300,2672A,102.02,35.5101,黄南藏族自治州,同仁县隆务镇,,35,33,24,13,11,111,111,81,81,2,3,8,7,0.3,0.2
2026-10-08T1300,2295A,118.2905,29.6965,黄山市,延安路89号,,45,34,25,15,14,144,144,68,68,5,7,5,4,0.1,0.1
2026-10-08T1300,2297A,118.1369,30.2755,黄山市,黄山区政府5号楼,,42,22,25,11,16,133,133,64,64,4,5,5,4,0.2,0.2
2026-10-08T1300,4210A,118.335445,29.720283,黄山市,滨江东路7-2号,,45,41,39,18,19,144,144,71,71,8,10,/,/,/,/
2026-10-08T1300,2423A,115.0547,30.2332,黄石市,沈家营,颗粒物(PM10),55,57,48,24,31,160,160,90,90,13,23,12,10,0.5,0.4
2026-10-08T1300,2426A,114.899,30.211,黄石市,铁山,,49,29,38,14,22,154,154,101,101,7,13,8,8,0.3,0.4
2026-10-08T1300,2427A,115.0259,30.2108,黄石市,团城山,,50,37,50,18,27,159,159,91,91,9,18,13,11,0.5,0.5
2026-10-08T1300,3149A,115.0174,30.1591,黄石市,笔架山北路,NA,NA,39,60,16,28,150,150,96,96,5,14,NA,16,0.6,0.7
2026-10-08T1300,4185A,115.078022,30.21118,黄石市,磁湖东路29号,NA,NA,42,50,25,30,143,143,89,89,17,29,NA,8,1.2,0.9
2026-10-08T1300,1392A,114.4181,23.0528,惠州市,河南岸金山湖子站,,44,44,42,28,27,132,132,95,95,11,20,10,12,0.6,0.7
2026-10-08T1300,1393A,114.4055,23.0824,惠州市,下埔横江三路子站,,46,46,44,26,26,125,125,92,92,8,15,10,11,0.5,0.5
2026-10-08T1300,1395A,114.4645,22.7832,惠州市,惠阳区承修路船湖子站,NA,NA,NA,55,NA,30,159,159,94,94,12,20,5,5,0.8,0.8
2026-10-08T1300,1396A,114.5316,22.7423,惠州市,大亚湾管委会子站,,50,50,42,26,23,141,141,120,116,12,16,6,5,0.7,0.7
2026-10-08T1300,3314A,114.4334,22.8134,惠州市,惠阳秋长,,48,44,50,19,29,153,153,92,92,13,22,/,/,/,/
2026-10-08T1300,3452A,114.6521,22.7755,惠州市,大亚湾霞涌,颗粒物(PM10),52,52,48,28,23,136,136,100,100,6,11,/,/,/,/
2026-10-08T1300,4300A,114.4089,23.1147,惠州市,文华一路1号,NA,NA,39,38,25,25,124,124,98,98,NA,11,/,/,/,/
2026-10-08T1300,2240A,130.9618,45.2926,鸡西市,环保局,,23,23,38,3,10,48,48,31,31,5,18,6,7,0.2,0.3
2026-10-08T1300,2243A,130.9294,45.2959,鸡西市,第一中学,,21,21,37,3,8,50,50,32,32,5,20,2,4,0.2,0.3
2026-10-08T1300,3707A,131.0069,45.2988,鸡西市,欧美日汽修厂,,19,19,43,3,12,52,52,33,33,4,13,3,2,0.2,0.3
2026-10-08T1300,2367A,114.9753,27.0803,吉安市,红声器材厂,NA,NA,53,43,18,25,139,139,77,77,15,20,NA,16,0.3,0.3
2026-10-08T1300,2369A,114.9903,27.1313,吉安市,市环境监测站,,47,45,39,20,21,150,150,82,82,14,16,7,7,/,/
2026-10-08T1300,2370A,115.009527,27.096792,吉安市,青原区法院,,49,49,41,19,23,154,154,78,78,12,16,10,10,0.3,0.3
2026-10-08T1300,1772A,126.54,43.8622,吉林市,哈达湾,,42,28,26,16,19,133,133,90,90,9,18,6,5,0.3,0.3
2026-10-08T1300,1773A,126.5843,43.8358,吉林市,东局子,,42,24,23,16,16,133,133,95,95,12,21,8,6,0.6,0.5
2026-10-08T1300,1774A,126.5051,43.8243,吉林市,电力学院,,42,26,43,14,23,133,133,79,79,7,19,9,8,0.5,0.6
2026-10-08T1300,1775A,126.6133,43.8971,吉林市,江北,,44,44,36,15,18,126,126,79,79,12,16,6,9,0.4,0.4
2026-10-08T1300,1776A,126.5549,43.8304,吉林市,江南公园,,41,29,25,16,16,129,129,88,88,6,15,7,6,0.2,0.2
2026-10-08T1300,2868A,126.4737,43.953,吉林市,九站,,46,40,33,16,19,145,145,100,100,10,23,8,10,0.6,0.6
2026-10-08T1300,1299A,116.9866,36.6118,济南市,科干所,NA,NA,NA,58,23,28,172,172,142,142,8,15,5,7,0.4,0.2
2026-10-08T1300,1300A,116.9379,36.6652,济南市,农科所,臭氧1小时(O3_1h),70,49,60,15,29,176,176,133,133,9,24,10,10,0.3,0.4
2026-10-08T1300,1301A,117.1265,36.6736,济南市,开发区,臭氧1小时(O3_1h),74,49,53,18,24,179,179,152,152,6,13,9,9,0.2,0.3
2026-10-08T1300,1303A,117.0616,36.6865,济南市,省种子仓库,臭氧1小时(O3_1h),60,53,70,22,31,168,168,138,138,6,31,9,9,0.2,0.4
2026-10-08T1300,1304A,116.9495185,36.644937,济南市,机床二厂,臭氧1小时(O3_1h),57,54,64,30,32,165,165,130,130,9,24,8,8,0.4,0.5
2026-10-08T1300,1305A,117.0496,36.6629,济南市,市监测站,臭氧1小时(O3_1h),80,51,62,17,30,184,184,155,155,8,20,7,8,0.3,0.4
2026-10-08T1300,1306A,116.7674,36.5458,济南市,长清党校,臭氧1小时(O3_1h),69,61,57,27,27,175,175,135,135,12,16,9,11,0.2,0.3
2026-10-08T1300,1961A,117.5323,36.6865,济南市,东山小学,臭氧1小时(O3_1h),73,49,56,19,26,178,178,143,143,7,18,8,10,0.4,0.5
2026-10-08T1300,3059A,117.7181,36.205,济南市,泰兴公司,臭氧1小时(O3_1h),68,53,65,24,27,174,174,89,89,9,41,8,9,0.3,0.6
2026-10-08T1300,3064A,117.6861,36.2172,济南市,莱芜战役纪念馆,臭氧1小时(O3_1h),59,51,60,26,29,167,167,91,91,8,33,10,11,0.2,0.5
2026-10-08T1300,3494A,117.1673,36.9782,济南市,济阳区政府,臭氧1小时(O3_1h),78,66,81,19,32,182,182,118,118,12,39,6,7,0.4,0.5
2026-10-08T1300,3495A,117.1168,36.6299,济南市,锦屏中学,NA,NA,44,50,16,24,170,170,139,NA,7,10,NA,8,0.4,0.4
2026-10-08T1300,4108A,117.7107,36.2385,济南市,山财大街5号,臭氧1小时(O3_1h),58,44,50,26,25,166,166,101,101,9,32,12,14,0.6,0.8
2026-10-08T1300,4109A,116.9744,36.6889,济南市,无影山路12号,臭氧1小时(O3_1h),70,48,62,20,33,176,176,135,135,9,26,12,12,0.1,0.3
2026-10-08T1300,1653A,116.6229,35.4288,济宁市,火炬城,NA,NA,42,60,13,28,155,155,104,104,NA,17,4,6,0.3,0.3
2026-10-08T1300,3500A,116.5808,35.3703,济宁市,北湖一中,臭氧1小时(O3_1h),58,56,59,26,34,166,166,100,100,10,15,5,7,0.5,0.5
2026-10-08T1300,3501A,116.8251,35.5592,济宁市,服务中心,颗粒物(PM10),65,70,73,35,34,169,169,96,96,7,24,11,11,0.4,0.4
2026-10-08T1300,3678A,116.5907,35.4054,济宁市,市第七中学,颗粒物(PM10),62,66,64,18,31,158,158,96,96,9,18,5,7,0.4,0.5
2026-10-08T1300,4111A,116.6075,35.4566,济宁市,任和路,臭氧1小时(O3_1h),63,46,67,14,31,170,170,113,113,11,17,4,7,0.2,0.3
2026-10-08T1300,4112A,116.5648,35.3921,济宁市,文体南路1号,NA,NA,NA,58,18,27,164,164,100,100,7,16,5,6,NA,0.1
2026-10-08T1300,4122A,112.6071,35.1015,济源市,市委党校,臭氧1小时(O3_1h),64,64,67,26,27,171,171,93,93,10,22,11,13,0.6,0.7
2026-10-08T1300,4123A,112.596,35.0702,济源市,沁园中路1号,颗粒物(PM10),51,51,64,18,30,156,156,82,82,13,28,8,9,0.6,1.1
2026-10-08T1300,2255A,130.2749,46.8028,佳木斯市,佳纺,,22,22,30,7,9,51,51,37,37,14,16,7,2,0.2,0.2
2026-10-08T1300,2257A,130.3258,46.7975,佳木斯市,环保局,,26,26,26,3,7,59,59,42,42,7,19,1,2,0.2,0.3
2026-10-08T1300,4285A,130.363,46.806,佳木斯市,顺和街,,20,17,25,3,7,64,64,43,43,4,15,1,2,0.1,0.1
2026-10-08T1300,4286A,130.3952,46.8268,佳木斯市,长安路196号,,22,22,34,3,8,64,64,48,48,2,12,2,3,0.2,0.2
2026-10-08T1300,1252A,120.7439,30.778,嘉兴市,清河小学,臭氧1小时(O3_1h),57,57,56,34,31,165,165,93,93,12,26,9,8,0.1,0.5
2026-10-08T1300,1253A,120.7261,30.7477,嘉兴市,嘉兴学院,臭氧1小时(O3_1h),67,45,51,29,31,173,173,81,81,12,40,8,8,0.3,0.5
2026-10-08T1300,2872A,120.7845,30.7524,嘉兴市,南湖区残联,臭氧1小时(O3_1h),100,62,46,39,27,200,200,100,100,11,29,9,9,0.4,0.4
2026-10-08T1300,3407A,120.6915,30.7741,嘉兴市,秀洲住建,臭氧1小时(O3_1h),82,45,46,25,28,185,185,84,84,12,49,9,8,0.5,0.6
2026-10-08T1300,1945A,98.291,39.7705,嘉峪关市,气象局,NA,NA,29,68,6,17,85,85,79,79,26,23,7,19,NA,0.9
2026-10-08T1300,2884A,98.2672,39.7978,嘉峪关市,酒钢宾馆,,34,34,73,3,18,91,91,81,81,8,18,54,31,0.7,0.9
2026-10-08T1300,3248A,98.2644,39.7723,嘉峪关市,雄关区,,34,34,67,10,17,90,90,73,73,11,23,66,23,0.9,0.8
2026-10-08T1300,1383A,113.1063,22.6058,江门市,北街,细颗粒物(PM2.5),56,56,46,38,30,164,164,72,72,25,31,/,/,/,/
2026-10-08T1300,1384A,113.073,22.5835,江门市,西区,细颗粒物(PM2.5),62,58,58,41,33,162,162,67,67,26,40,/,/,/,/
2026-10-08T1300,1385A,113.0218,22.531,江门市,圭峰西,颗粒物(PM10),52,52,47,35,30,152,152,68,68,21,28,/,/,/,/
2026-10-08T1300,3311A,113.1077,22.5647,江门市,江海富民,颗粒物(PM10),69,76,57,30,33,156,156,67,67,20,36,/,/,0.5,0.6
2026-10-08T1300,3449A,113.0496,22.4669,江门市,新会银湖,颗粒物(PM10),60,64,57,39,36,166,166,59,59,24,36,7,6,0.6,0.6
2026-10-08T1300,4326A,113.0794,22.5999,江门市,五邑大学,细颗粒物(PM2.5),64,66,59,42,34,160,160,67,67,25,37,12,9,0.5,0.5
2026-10-08T1300,3335A,113.3137,35.2643,焦作市,马村街道办,,47,43,58,16,25,149,149,100,100,9,18,6,4,0.5,0.5
2026-10-08T1300,3336A,113.2464,35.2374,焦作市,焦作技师学院,,46,39,54,16,21,146,146,102,102,9,14,6,9,0.3,0.2
2026-10-08T1300,3477A,113.1656,35.2536,焦作市,中站许衡医院,,44,31,52,20,22,140,140,104,104,5,11,9,9,0.2,0.3
2026-10-08T1300,3981A,113.2456,35.18,焦作市,原李万街道办,颗粒物(PM10),58,61,73,17,26,138,138,71,71,10,23,3,6,0,0.2
2026-10-08T1300,4264A,113.234,35.219,焦作市,新安路1731号,,48,45,56,26,25,153,153,96,96,4,11,1,2,0.4,0.4
2026-10-08T1300,4295A,113.2722,35.2121,焦作市,人民路3066号,,47,47,66,14,30,150,150,84,84,4,15,5,5,0.1,0.2
2026-10-08T1300,1708A,116.3701,23.5345,揭阳市,新兴,,39,32,43,13,22,124,124,111,111,9,15,9,11,0.5,0.8
2026-10-08T1300,1709A,116.3261,23.5442,揭阳市,西马,,42,39,46,12,21,133,133,108,108,7,12,7,9,0.5,0.6
2026-10-08T1300,1710A,116.361,23.5627,揭阳市,东兴,,44,44,44,14,23,127,127,109,109,11,16,9,9,/,/
2026-10-08T1300,1711A,116.4151,23.5295,揭阳市,渔湖,,36,25,40,13,24,113,113,96,96,7,14,7,10,/,/
2026-10-08T1300,3320A,116.4028,23.5699,揭阳市,曲溪,,44,33,45,12,23,140,140,113,113,6,11,14,14,0.5,0.7
2026-10-08T1300,1944A,102.1691,38.5166,金昌市,天庆家园,,31,24,80,3,16,97,97,74,74,3,12,3,4,0.1,0.2
2026-10-08T1300,4022A,102.1648,38.5369,金昌市,金川区人防中心,,31,19,72,12,18,99,99,88,88,4,6,4,5,0.2,0.2
2026-10-08T1300,4239A,102.193042,38.531887,金昌市,长春路96号,,35,21,93,3,17,111,111,95,95,2,9,4,5,0.2,0.2
2026-10-08T1300,1262A,119.6478,29.0773,金华市,十五中,,46,28,57,10,30,145,145,95,95,6,23,6,6,0.8,0.9
2026-10-08T1300,1263A,119.6859,29.1032,金华市,监测站,臭氧1小时(O3_1h),52,32,57,14,31,161,161,90,90,10,36,3,4,0.5,0.6
2026-10-08T1300,3659A,119.656,29.1132,金华市,气象局,,48,29,56,13,32,152,152,81,81,10,37,7,8,0.4,0.5
2026-10-08T1300,1767A,121.1114,41.0879,锦州市,南山,颗粒物(PM10),70,77,51,25,25,149,149,94,94,26,37,17,11,0.7,0.7
2026-10-08T1300,1768A,121.060361,40.842794,锦州市,开发区,颗粒物(PM10),106,135,76,35,22,162,162,105,105,20,32,12,23,0.6,0.8
2026-10-08T1300,1769A,121.1836,41.1118,锦州市,百股街道,NA,NA,88,48,28,25,160,160,115,115,21,29,NA,13,0.6,0.9
2026-10-08T1300,1770A,121.1176,41.1224,锦州市,天安街道,颗粒物(PM10),74,83,64,27,33,153,153,86,86,26,50,17,12,0.8,0.9
2026-10-08T1300,1771A,121.1303,41.1385,锦州市,北湖公园,颗粒物(PM10),65,70,57,26,26,159,159,98,98,20,35,15,10,0.7,0.7
2026-10-08T1300,2160A,112.8496,35.5051,晋城市,自来水公司,,41,34,59,3,22,130,130,68,68,5,27,11,9,0.5,0.8
2026-10-08T1300,2162A,112.8509,35.4886,晋城市,市环保局,,42,40,61,3,27,134,134,71,71,2,24,9,6,0.5,0.9
2026-10-08T1300,3620A,112.8258,35.4804,晋城市,泽州一中,,47,37,53,8,17,149,149,84,84,6,22,9,8,0.5,0.7
2026-10-08T1300,4078A,112.8246,35.5152,晋城市,前书院路,,45,22,58,3,20,144,144,79,79,8,19,12,11,0.6,0.8
2026-10-08T1300,4079A,112.8864,35.4773,晋城市,祥云街666号,,46,29,53,14,27,145,145,84,84,6,20,11,8,0.8,1.2
2026-10-08T1300,2174A,112.6992,37.6984,晋中市,榆次区政府,颗粒物(PM10),65,70,81,40,46,164,164,81,81,12,30,18,14,0.8,0.9
2026-10-08T1300,2865A,112.7195,37.683,晋中市,榆次三中,颗粒物(PM10),58,61,74,34,40,157,157,77,77,12,30,16,13,0.9,0.9
2026-10-08T1300,4080A,112.7375,37.7215,晋中市,广安街188号,,50,49,82,24,40,159,159,82,82,13,31,18,15,0.5,0.5
2026-10-08T1300,4200A,112.7478,37.6954,晋中市,迎宾街26号,NA,NA,48,62,29,36,158,158,89,89,12,16,17,13,NA,0.7
2026-10-08T1300,2439A,112.2012,31.048,荆门市,竹园小学,臭氧1小时(O3_1h),65,58,53,27,34,172,172,98,98,10,20,7,9,0.6,0.6
2026-10-08T1300,2440A,112.1968,30.9892,荆门市,掇刀,臭氧1小时(O3_1h),74,44,58,25,41,179,179,109,109,10,25,10,11,0.5,0.6
2026-10-08T1300,3012A,112.1849,31.0361,荆门市,西山林语,臭氧1小时(O3_1h),69,44,48,27,33,175,175,105,105,9,16,9,12,0.6,0.7
2026-10-08T1300,3547A,112.1631,31.0134,荆门市,龙泉中学南校,臭氧1小时(O3_1h),78,58,55,17,26,182,182,118,118,9,15,11,11,0.3,0.4
2026-10-08T1300,4124A,112.2213,31.0654,荆门市,新台西路6号,臭氧1小时(O3_1h),63,42,60,31,39,170,170,91,91,8,24,11,10,0.7,0.7
2026-10-08T1300,1844A,112.2493,30.3198,荆州市,市图书馆,臭氧1小时(O3_1h),93,47,60,32,39,194,194,94,94,19,32,12,10,0.6,0.7
2026-10-08T1300,1845A,112.2009,30.3543,荆州市,市委党校,臭氧1小时(O3_1h),82,62,60,34,38,185,185,86,86,15,30,9,9,0.4,0.6
2026-10-08T1300,3194A,112.2749,30.3124,荆州市,管委会,臭氧1小时(O3_1h),98,47,55,40,40,198,198,85,85,20,30,14,11,0.6,0.7
2026-10-08T1300,4268A,112.1722,30.3366,荆州市,学苑路85号,臭氧1小时(O3_1h),78,63,57,42,39,182,182,80,80,17,23,7,7,0.6,0.6
2026-10-08T1300,2343A,117.2114,29.2931,景德镇市,老干部活动中心,,46,21,26,9,15,145,145,88,88,2,2,5,4,0.6,0.6
2026-10-08T1300,2344A,117.1893,29.2789,景德镇市,兽医站,,45,23,30,7,14,143,143,85,85,6,10,4,4,0.5,0.5
2026-10-08T1300,2346A,117.246,29.2958,景德镇市,陶研所,,44,21,24,7,16,138,138,73,73,3,10,5,4,0.3,0.5
2026-10-08T1300,4289A,117.154766,29.256967,景德镇市,青少年活动中心,,47,35,36,18,19,148,148,86,86,12,21,11,14,/,/
2026-10-08T1300,1803A,115.9873,29.6816,九江市,十里,臭氧1小时(O3_1h),60,52,50,28,34,168,168,92,92,18,34,8,5,0.7,0.8
2026-10-08T1300,1804A,115.9583,29.7047,九江市,茅山头,臭氧1小时(O3_1h),55,39,53,32,30,164,164,82,82,16,29,5,4,0.7,0.6
2026-10-08T1300,1805A,115.9877,29.7295,九江市,西园,臭氧1小时(O3_1h),59,44,50,24,34,167,167,84,84,12,33,14,10,0.6,0.7
2026-10-08T1300,1808A,115.9112,29.6038,九江市,综合工业园,臭氧1小时(O3_1h),64,24,52,18,35,171,171,88,88,19,42,10,9,0.8,0.9
2026-10-08T1300,3190A,116.0254,29.6995,九江市,外国语学校,臭氧1小时(O3_1h),62,32,51,28,35,169,169,97,97,26,36,16,15,0.6,0.6
2026-10-08T1300,4253A,116.010205,29.659402,九江市,莲花大道8号,颗粒物(PM10),52,52,44,29,30,147,147,73,73,18,19,8,8,0.5,0.6
2026-10-08T1300,4240A,98.495752,39.733935,酒泉市,玉门东路5号,,34,34,72,11,26,92,92,71,71,4,12,5,6,0.2,0.3
2026-10-08T1300,4241A,98.5099,39.7506,酒泉市,北大街108号,,34,34,70,12,22,98,98,79,79,2,10,6,9,0.2,0.3
2026-10-08T1300,2698A,76.0071,39.466,喀什地区,巡警大队,细颗粒物(PM2.5),107,92,170,67,63,89,89,84,84,9,13,3,4,0.1,0.2
2026-10-08T1300,2699A,75.9756,39.4693,喀什地区,吾办,颗粒物(PM10),78,88,167,22,55,86,86,80,80,4,13,3,2,0.4,0.4
2026-10-08T1300,4027A,75.9485,39.4688,喀什地区,老干局,颗粒物(PM10),73,81,165,17,42,89,89,83,83,2,15,4,4,0.2,0.3
2026-10-08T1300,1824A,114.3389,34.778,开封市,肿瘤医院,NA,NA,49,87,16,33,146,146,93,93,9,22,9,9,NA,1
2026-10-08T1300,1826A,114.2884,34.7966,开封市,世纪星幼儿园,颗粒物(PM10),58,61,67,22,32,153,153,101,101,12,20,4,4,0.5,0.6
2026-10-08T1300,3147A,114.3434,34.8101,开封市,龙亭公园,颗粒物(PM10),59,62,87,16,30,156,156,99,99,11,23,8,7,0.2,0.4
2026-10-08T1300,3210A,114.3645,34.7955,开封市,汴京公园,颗粒物(PM10),62,66,95,19,35,149,149,96,96,13,24,6,7,0.2,0.3
2026-10-08T1300,3473A,114.2485,34.8306,开封市,技师学院,颗粒物(PM10),62,66,72,19,27,153,153,113,113,9,12,5,5,0.2,0.2
2026-10-08T1300,3592A,114.4518,34.7503,开封市,祥符区生态环境局,颗粒物(PM10),58,60,104,18,38,160,160,88,88,10,39,7,6,0.3,0.4
2026-10-08T1300,1951A,84.886,45.6029,克拉玛依市,长征新村,,26,26,20,6,8,73,73,59,53,4,9,3,3,0.3,0.3
2026-10-08T1300,1952A,84.8894,45.5827,克拉玛依市,南林小区,,24,11,17,3,0,75,75,57,52,4,7,6,7,0.2,0.3
2026-10-08T1300,1954A,84.896,44.3328,克拉玛依市,独山子区,,26,26,45,6,9,64,64,47,47,9,12,4,5,0.3,0.4
2026-10-08T1300,1955A,85.6888,46.0909,克拉玛依市,乌尔禾区商贸楼,,29,29,22,9,8,74,74,66,60,7,7,2,2,0.3,0.3
2026-10-08T1300,3612A,85.1045,45.6895,克拉玛依市,白碱滩区新站,,49,49,35,10,5,71,71,70,66,11,6,10,6,0.2,0.1
2026-10-08T1300,2697A,76.1457,39.7143,克孜勒苏柯尔克孜自治州,市人民政府,细颗粒物(PM2.5),82,NA,141,51,46,94,94,95,95,4,10,3,4,0.4,0.4
2026-10-08T1300,3665A,76.1654,39.7157,克孜勒苏柯尔克孜自治州,克州文化中心,颗粒物(PM10),53,53,146,18,56,97,97,100,100,4,10,2,3,0.2,0.2
2026-10-08T1300,1450A,102.8203,24.889,昆明市,呈贡新区,,33,18,32,12,25,105,105,54,54,5,22,3,3,0.8,0.9
2026-10-08T1300,1452A,102.7253,25.0904,昆明市,龙泉镇,,28,NA,42,9,31,88,88,37,37,10,24,3,3,0.6,0.8
2026-10-08T1300,1453A,102.7267,25.0378,昆明市,东风东路,颗粒物(PM10),57,59,43,28,29,99,99,38,38,14,28,8,7,1.0,0.9
2026-10-08T1300,1454A,102.6744,25.0671,昆明市,金鼎山,,30,23,52,16,32,93,93,44,44,9,28,5,5,0.4,0.6
2026-10-08T1300,1455A,102.6643,25.0401,昆明市,碧鸡广场,颗粒物(PM10),53,53,45,33,29,86,86,40,40,11,27,10,8,0.8,0.7
2026-10-08T1300,3179A,102.7491,25.012,昆明市,官渡区博物馆,,42,NA,47,29,29,102,102,38,38,11,33,6,5,0.7,0.8
2026-10-08T1300,3375A,102.8016,24.8336,昆明市,青年创业园,,33,28,30,14,19,105,105,50,50,6,20,5,5,0.5,0.6
2026-10-08T1300,3550A,102.8,24.9787,昆明市,昆明学院,,33,33,61,16,28,99,99,39,39,9,29,6,6,0.9,1.2
2026-10-08T1300,3551A,102.5969,24.6738,昆明市,晋宁区生态环境分局,,30,13,32,13,23,96,96,54,54,8,16,2,2,0.6,0.7
2026-10-08T1300,3552A,102.6673,24.9861,昆明市,云天化总部,颗粒物(PM10),53,54,33,19,19,100,100,49,49,9,20,7,6,0.4,0.4
2026-10-08T1300,1456A,91.132,29.6515,拉萨市,八廓街,,28,17,15,6,7,88,88,66,66,9,15,8,10,0.2,0.1
2026-10-08T1300,1457A,91.1221,29.6748,拉萨市,市环保局,,27,11,17,3,6,85,85,55,55,8,17,8,10,0.2,0.2
2026-10-08T1300,1458A,91.0874,29.6476,拉萨市,区监测站,,28,12,13,3,6,87,87,64,64,8,21,7,8,0.2,0.4
2026-10-08T1300,1459A,91.1774,29.6541,拉萨市,西藏大学,,28,10,14,3,6,87,87,65,65,12,14,8,10,0.1,0.2
2026-10-08T1300,1460A,90.9798,29.6586,拉萨市,区辐射站,,24,18,30,3,11,76,76,32,32,12,32,8,10,0.2,0.2
2026-10-08T1300,1461A,91.0831,29.6292,拉萨市,拉萨火车站,,26,11,13,6,7,83,83,51,51,9,18,7,7,0.3,0.3
2026-10-08T1300,2520A,109.2203,23.7252,来宾市,来宾技工学校,,42,26,44,21,21,132,132,75,75,8,18,13,15,0.5,0.5
2026-10-08T1300,3535A,109.1781,23.7293,来宾市,兴宾区政府,,46,38,33,18,18,147,147,83,83,8,10,11,8,0.4,0.4
2026-10-08T1300,4002A,109.2312,23.7428,来宾市,中南小学,,43,33,41,18,22,137,137,74,74,9,26,13,11,0.4,0.5
2026-10-08T1300,1479A,103.8309,36.0467,兰州市,铁路设计院,,40,40,51,15,27,108,108,37,37,10,21,5,5,0.4,0.5
2026-10-08T1300,3241A,103.7439,36.0841,兰州市,百合公园,,47,47,52,14,22,100,100,30,30,14,27,7,5,0.7,0.6
2026-10-08T1300,3242A,103.9613,35.9985,兰州市,和平,NA,NA,59,39,15,19,108,108,56,56,NA,14,12,11,0.3,0.2
2026-10-08T1300,4236A,103.629272,36.093822,兰州市,庄浪东路808号,,48,48,51,18,23,103,103,46,46,9,30,13,13,0.4,0.4
2026-10-08T1300,4237A,103.7251,36.104344,兰州市,安宁西路88号,颗粒物(PM10),60,64,57,21,24,113,113,48,48,10,17,12,11,0.4,0.4
2026-10-08T1300,4238A,103.846982,36.067567,兰州市,北滨河东路1号,颗粒物(PM10),53,54,55,17,24,106,106,36,36,13,22,8,7,0.5,0.7
2026-10-08T1300,1067A,116.6712,39.5109,廊坊市,药材公司,细颗粒物(PM2.5),110,114,122,71,74,174,174,92,92,22,37,11,7,0.8,0.5
2026-10-08T1300,1068A,116.7215,39.5592,廊坊市,开发区,细颗粒物(PM2.5),110,115,111,71,70,185,185,78,78,16,36,10,4,0.7,0.5
2026-10-08T1300,1070A,116.7246,39.5273,廊坊市,北华航天学院,细颗粒物(PM2.5),112,121,118,73,70,180,180,83,83,19,46,12,6,0.8,0.6
2026-10-08T1300,2919A,116.7022,39.5454,廊坊市,河北工业大学,颗粒物(PM10),112,150,126,71,69,186,186,83,83,NA,42,11,6,0.7,0.5
2026-10-08T1300,2536A,103.7629,29.5844,乐山市,牛耳桥,细颗粒物(PM2.5),76,62,56,48,37,53,53,41,33,22,17,12,8,0.9,0.9
2026-10-08T1300,2537A,103.7501,29.6002,乐山市,市第三水厂,细颗粒物(PM2.5),74,57,52,47,40,55,55,54,46,22,16,10,6,0.8,0.8
2026-10-08T1300,2538A,103.7571,29.5664,乐山市,市监测站,NA,NA,NA,53,45,34,61,61,47,35,16,13,10,6,0.8,0.7
2026-10-08T1300,3361A,103.7313,29.563,乐山市,理工大学,细颗粒物(PM2.5),66,57,53,43,36,54,54,46,32,17,13,13,9,0.7,0.6
2026-10-08T1300,2599A,100.2497,26.8802,丽江市,丽江古城,,26,11,15,11,7,81,81,59,59,8,10,3,4,0.5,0.5
2026-10-08T1300,2600A,100.2203,26.8906,丽江市,市中心,,24,16,10,3,7,74,74,49,49,8,11,5,6,0.5,0.5
2026-10-08T1300,1267A,119.9141,28.4513,丽水市,监测站大楼,,32,32,34,9,19,84,84,42,42,30,42,6,6,0.3,0.4
2026-10-08T1300,1268A,119.93,28.4589,丽水市,莲都小学,,41,21,34,9,19,129,129,63,63,7,17,/,/,/,/
2026-10-08T1300,1269A,119.8794,28.4232,丽水市,余庄前,,47,27,32,11,19,150,150,69,69,10,15,5,5,0.5,0.5
2026-10-08T1300,1173A,119.1759,34.5885,连云港市,市环境监测站,,39,12,18,3,6,123,123,94,94,7,12,8,10,0.2,0.3
2026-10-08T1300,3000A,119.3577,34.6971,连云港市,德源药业,,42,17,20,7,7,132,132,96,96,11,17,8,7,0.7,0.6
2026-10-08T1300,3007A,119.178,34.8442,连云港市,新城一中,,39,17,25,7,10,122,122,67,67,11,32,12,11,0.3,0.3
2026-10-08T1300,3008A,119.3607,34.7519,连云港市,胡沟管理处,NA,NA,7,12,3,2,112,112,92,92,13,21,NA,10,0.4,0.4
2026-10-08T1300,3009A,119.1478,34.5913,连云港市,矿山设计院,,38,12,23,3,8,119,119,80,80,3,11,5,4,0.4,0.4
2026-10-08T1300,3434A,119.2414,34.6539,连云港市,工贸学校,,41,14,12,7,6,130,130,90,90,8,11,10,9,0.7,0.4
2026-10-08T1300,3664A,119.4171,34.734,连云港市,连云街道,,38,18,14,6,6,121,121,97,91,12,14,12,13,0.3,0.3
2026-10-08T1300,2573A,102.2629,27.8981,凉山彝族自治州,西昌市政府,细颗粒物(PM2.5),76,NA,18,48,14,82,82,53,49,10,7,12,10,1.2,0.8
2026-10-08T1300,2574A,102.2686,27.885,凉山彝族自治州,凉山州政府,细颗粒物(PM2.5),74,NA,18,47,14,84,84,60,50,9,6,11,6,1.2,0.7
2026-10-08T1300,4229A,102.2342,27.8859,凉山彝族自治州,凯乐南路30号,细颗粒物(PM2.5),54,NA,18,37,14,77,77,48,40,9,12,9,8,1.1,0.8
2026-10-08T1300,2212A,123.1978,41.2036,辽阳市,宏伟区,臭氧1小时(O3_1h),59,50,22,32,10,167,167,124,124,10,10,14,11,0.6,0.4
2026-10-08T1300,2213A,123.1684,41.2497,辽阳市,新华园,颗粒物(PM10),81,93,43,25,14,157,157,111,111,17,20,12,12,0.6,0.6
2026-10-08T1300,2214A,123.2355,41.2663,辽阳市,滨河路,颗粒物(PM10),67,73,36,25,13,160,160,104,104,10,16,14,11,0.8,0.8
2026-10-08T1300,4083A,123.153,41.2874,辽阳市,铁西路150号,NA,NA,86,43,26,12,150,150,106,106,17,18,15,11,NA,1.1
2026-10-08T1300,2227A,125.1359,42.8845,辽源市,环保局,颗粒物(PM10),53,53,47,20,25,160,160,91,91,8,29,8,7,0.6,0.7
2026-10-08T1300,4085A,125.0998,42.9134,辽源市,安宁大街333号,颗粒物(PM10),51,51,41,19,24,155,155,101,101,6,30,8,8,0.6,0.6
2026-10-08T1300,1625A,115.9789,36.4372,聊城市,区政府,颗粒物(PM10),71,79,85,27,39,176,176,111,111,8,17,10,12,0.2,0.3
2026-10-08T1300,3200A,115.9772,36.4986,聊城市,监控中心,NA,NA,100,86,30,39,186,186,130,130,NA,19,NA,11,0.4,0.5
2026-10-08T1300,3513A,116.0443,36.436,聊城市,九州社区,臭氧1小时(O3_1h),84,83,91,33,45,187,187,120,120,7,18,10,12,0.4,0.5
2026-10-08T1300,4018A,116.0564,36.4609,聊城市,星美广场,臭氧1小时(O3_1h),82,88,94,39,44,185,185,118,118,5,17,7,10,0.1,0.2
2026-10-08T1300,4113A,116.0091,36.4495,聊城市,利民路,臭氧1小时(O3_1h),80,76,86,28,40,184,184,116,116,8,19,11,14,0.4,0.6
2026-10-08T1300,2632A,94.3683,29.6373,林芝市,林芝监测站,,14,13,9,3,5,44,44,48,35,8,6,5,4,0.3,0.3
2026-10-08T1300,2633A,94.3616,29.6634,林芝市,林芝人民医院,,15,15,12,3,9,42,42,42,31,10,8,5,4,0.1,0.2
2026-10-08T1300,2603A,100.0779,23.8981,临沧市,市环保局,,25,25,18,7,11,74,74,30,30,8,10,8,10,0.3,0.5
2026-10-08T1300,2604A,100.0894,23.882,临沧市,市气象局,,25,25,17,16,13,79,79,27,27,7,10,10,10,0.4,0.5
2026-10-08T1300,1733A,111.5552,36.0791,临汾市,临钢医院,,45,23,47,12,23,144,144,84,84,14,29,6,7,0.4,0.6
2026-10-08T1300,2488A,111.9984,27.7346,娄底市,市监测站,,49,36,54,14,32,154,154,73,73,7,25,4,11,0.3,0.8
2026-10-08T1300,2491A,111.9888,27.7035,娄底市,市政府,,42,31,46,13,34,132,132,56,56,7,12,5,4,0.5,0.5
2026-10-08T1300,4127A,111.9812,27.7591,娄底市,涟钢职大,,48,10,34,3,20,152,152,84,84,7,14,6,7,0.4,1.1
2026-10-08T1300,4128A,112.0303,27.7457,娄底市,娄底体校,,48,15,38,12,26,153,153,66,66,4,11,4,4,0.2,0.3
2026-10-08T1300,1894A,105.4427,28.9063,泸州市,小市上码头,细颗粒物(PM2.5),88,70,75,54,55,124,124,52,52,11,20,10,8,0.8,0.8
2026-10-08T1300,1895A,105.4241,28.8573,泸州市,兰田宪桥,细颗粒物(PM2.5),94,86,73,57,47,111,111,50,50,12,18,10,9,0.7,0.6
2026-10-08T1300,1896A,105.4378,28.8833,泸州市,市环监站,细颗粒物(PM2.5),80,75,73,50,48,120,120,65,65,10,16,8,8,0.9,0.9
2026-10-08T1300,4325A,105.3665,28.77434,泸州市,纳溪区委政协,细颗粒物(PM2.5),108,73,66,68,58,111,111,48,48,15,20,10,7,1.0,0.8
2026-10-08T1300,2183A,111.1447,37.5212,吕梁市,环保局,,35,35,45,3,13,106,106,49,49,6,32,2,6,0.5,0.6
2026-10-08T1300,2185A,111.1285,37.5338,吕梁市,自来水公司,,35,22,52,3,16,111,111,54,54,6,25,1,8,0.3,0.4
2026-10-08T1300,2867A,111.1225,37.5093,吕梁市,马茂庄小学,,34,25,56,3,14,108,108,51,51,8,34,3,9,0.5,0.5
2026-10-08T1300,1812A,112.3934,34.6517,洛阳市,市委党校,颗粒物(PM10),52,52,58,24,36,147,147,63,63,10,18,15,14,0.4,0.5
2026-10-08T1300,1815A,112.494,34.6883,洛阳市,河南林校,颗粒物(PM10),57,59,61,30,30,149,149,57,57,14,33,16,12,0.4,0.4
2026-10-08T1300,1816A,112.3843,34.623,洛阳市,开发区管委会,,45,45,53,27,35,144,144,68,68,12,17,13,10,0.5,0.5
2026-10-08T1300,1817A,112.4263,34.6249,洛阳市,市委新办公区,,45,39,53,16,30,142,142,62,62,10,14,16,13,0.4,0.4
2026-10-08T1300,3340A,112.6005,34.6323,洛阳市,伊滨,颗粒物(PM10),60,63,63,23,32,133,133,58,58,13,25,7,7,0.1,0.4
2026-10-08T1300,3341A,112.495,34.6338,洛阳市,中移产业园,颗粒物(PM10),51,51,61,25,38,142,142,62,62,10,19,16,12,0.4,0.4
2026-10-08T1300,3593A,112.5736,34.8993,洛阳市,吉利监测站,臭氧1小时(O3_1h),60,57,56,23,29,168,168,94,94,9,23,15,12,0.3,0.5
2026-10-08T1300,3635A,112.3678,34.6623,洛阳市,河科大西苑校区,颗粒物(PM10),55,56,62,17,34,155,155,74,74,12,25,15,14,0.5,0.6
2026-10-08T1300,3636A,112.4387,34.678,洛阳市,英才小学,颗粒物(PM10),60,64,80,32,40,145,145,53,53,13,33,12,12,0.4,0.6
2026-10-08T1300,4214A,112.460027,34.694929,洛阳市,春都路1号院,颗粒物(PM10),55,57,65,34,36,141,141,50,50,14,27,7,8,0.4,0.4
2026-10-08T1300,2399A,114.051,33.5721,漯河市,三五一五工厂,颗粒物(PM10),52,52,66,22,27,154,154,111,111,16,27,8,8,0.4,0.4
2026-10-08T1300,2400A,114.0055,33.5698,漯河市,漯河大学,,48,44,63,14,24,153,153,111,111,15,22,8,9,0.4,0.6
2026-10-08T1300,2401A,114.0134,33.5826,漯河市,市水利局,,50,46,60,18,24,159,159,116,116,12,18,11,11,0.4,0.4
2026-10-08T1300,2402A,114.0261,33.5697,漯河市,市广电局,,50,44,56,13,24,158,158,111,111,10,18,6,6,0.4,0.4
2026-10-08T1300,3478A,113.9691,33.568,漯河市,市图书馆,颗粒物(PM10),53,53,57,8,20,158,158,117,117,13,19,12,12,0.5,0.5
2026-10-08T1300,4250A,114.089259,33.588274,漯河市,韶山路11号,,50,48,61,14,22,159,159,116,116,12,25,10,11,0.4,0.5
2026-10-08T1300,1798A,118.5084,31.6838,马鞍山市,湖东路四小,臭氧1小时(O3_1h),90,54,58,31,28,192,192,123,123,11,31,10,11,0.6,0.8
2026-10-08T1300,1799A,118.5019,31.6449,马鞍山市,开发区,臭氧1小时(O3_1h),93,50,70,32,37,194,194,124,124,13,31,10,11,0.7,0.7
2026-10-08T1300,3633A,118.4914,31.681,马鞍山市,雨山,NA,NA,47,53,30,30,193,193,128,128,NA,24,10,9,0.6,0.8
2026-10-08T1300,4191A,118.527362,31.722269,马鞍山市,慈湖高新区,臭氧1小时(O3_1h),89,65,72,36,31,191,191,130,130,14,30,7,7,0.6,0.6
2026-10-08T1300,1686A,111.0285,21.469,茂名市,电白南海,颗粒物(PM10),56,58,50,25,23,139,139,111,111,12,13,5,11,0.4,0.4
2026-10-08T1300,1687A,110.9294,21.6533,茂名市,茂石化七小,NA,NA,44,38,24,23,123,123,103,102,NA,10,5,11,0.5,0.6
2026-10-08T1300,1688A,110.9108,21.6688,茂名市,健康路,,43,36,33,23,22,136,136,106,106,8,13,6,11,0.4,0.5
2026-10-08T1300,1689A,110.8592,21.6826,茂名市,高岭,颗粒物(PM10),51,51,46,22,23,132,132,90,90,9,14,8,13,/,/
2026-10-08T1300,3450A,111.0101,21.5165,茂名市,电白水东,,44,44,39,22,22,138,138,118,118,8,11,6,10,/,/
2026-10-08T1300,2540A,103.8414,30.0871,眉山市,气象局,细颗粒物(PM2.5),72,55,68,46,41,64,64,28,28,20,26,28,11,1.1,1
2026-10-08T1300,3148A,103.829,30.0563,眉山市,区人社局,细颗粒物(PM2.5),76,75,66,48,36,66,66,36,36,22,26,29,13,0.9,0.8
2026-10-08T1300,4148A,103.8836,30.0695,眉山市,眉职院,细颗粒物(PM2.5),90,89,75,55,42,47,47,24,24,25,22,14,9,1.2,1.1
2026-10-08T1300,1690A,116.1248,24.3307,梅州市,梅江月梅,,39,26,33,12,23,123,123,77,77,6,13,/,/,/,/
2026-10-08T1300,1691A,116.0798,24.2719,梅州市,梅县新城,,40,29,35,11,22,125,125,78,78,7,15,11,11,0.7,0.8
2026-10-08T1300,3315A,116.1234,24.2994,梅州市,梅龙,,39,24,32,10,21,122,122,75,75,6,11,8,11,0.5,0.6
2026-10-08T1300,1878A,104.7775,31.4741,绵阳市,富乐山,颗粒物(PM10),67,73,96,32,48,82,82,44,44,11,20,13,12,0.8,0.9
2026-10-08T1300,1880A,104.6698,31.4668,绵阳市,高新区自来水公司,颗粒物(PM10),68,74,78,36,41,76,76,39,39,13,22,11,10,0.8,0.9
2026-10-08T1300,3491A,104.6899,31.5324,绵阳市,西科大附属小学,颗粒物(PM10),63,67,77,39,43,66,66,35,35,17,24,10,10,0.6,0.7
2026-10-08T1300,3492A,104.5647,31.5343,绵阳市,安州区旅游局,颗粒物(PM10),55,56,73,32,48,73,73,48,48,10,17,8,7,0.5,0.5
2026-10-08T1300,4146A,104.7092,31.4972,绵阳市,科技城新区公安局,颗粒物(PM10),60,63,84,36,47,69,69,34,34,21,29,11,11,0.7,0.8
2026-10-08T1300,4226A,104.765114,31.453094,绵阳市,绵阳市气象局,,49,36,81,34,47,79,79,34,34,13,27,8,7,0.7,0.9
2026-10-08T1300,1784A,129.61,44.561,牡丹江市,环保大楼,,32,26,30,9,11,101,101,38,38,8,21,7,7,0.2,0.3
2026-10-08T1300,1787A,129.6364,44.6075,牡丹江市,机车工厂,,35,35,54,8,22,95,95,40,40,12,23,8,7,0.2,0.3
2026-10-08T1300,1788A,129.6386,44.5462,牡丹江市,第一中学,,35,20,30,7,10,112,112,44,44,7,18,6,5,0.4,0.4
2026-10-08T1300,4287A,129.5992,44.5964,牡丹江市,东晓云街98号,,31,28,40,3,16,98,98,39,39,7,17,8,7,0.4,0.6
2026-10-08T1300,2531A,105.0703,29.61,内江市,市监测站,细颗粒物(PM2.5),52,NA,41,36,39,109,109,60,60,10,14,9,7,0.7,0.8
2026-10-08T1300,2533A,105.0657,29.5807,内江市,内江二中,细颗粒物(PM2.5),56,44,50,38,36,116,116,67,67,10,13,8,7,0.4,0.4
2026-10-08T1300,2534A,105.0407,29.5828,内江市,内江日报社,细颗粒物(PM2.5),58,42,43,39,37,109,109,63,63,12,18,8,8,0.3,0.3
2026-10-08T1300,4147A,105.0433,29.6105,内江市,玉峰路西段888号,细颗粒物(PM2.5),56,38,48,38,38,106,106,60,60,9,14,9,7,0.5,0.5
2026-10-08T1300,2628A,92.0653,31.4846,那曲市,那曲监测站,,28,22,49,13,25,88,88,46,46,7,23,8,10,0.4,0.8
2026-10-08T1300,4243A,92.0515,31.4787,那曲市,那曲市委宣传部,细颗粒物(PM2.5),58,NA,36,39,25,91,91,50,50,7,22,5,6,0.2,0.5
2026-10-08T1300,1291A,115.8887,28.7006,南昌市,省林业公司,臭氧1小时(O3_1h),55,36,33,28,22,164,164,113,113,7,14,11,9,0.5,0.4
2026-10-08T1300,1292A,115.813,28.7443,南昌市,林科所,,49,41,24,25,18,156,156,112,112,13,17,11,10,0.8,0.7
2026-10-08T1300,1294A,115.8518,28.687,南昌市,建工学校,臭氧1小时(O3_1h),62,47,48,32,21,169,169,117,117,14,16,16,13,0.9,0.7
2026-10-08T1300,1295A,115.8926,28.6425,南昌市,象湖,,45,43,33,26,23,142,142,95,95,11,17,12,11,0.9,0.8
2026-10-08T1300,3046A,115.9084,28.6062,南昌市,机电学校,,47,43,43,23,24,150,150,110,110,6,19,13,11,0.4,0.4
2026-10-08T1300,3690A,115.9718,28.7032,南昌市,外国语学校,,45,43,39,24,24,141,141,100,100,10,20,12,10,0.4,0.2
2026-10-08T1300,4106A,115.7923,28.6873,南昌市,工业二路,臭氧1小时(O3_1h),52,47,46,25,26,161,161,110,110,9,35,10,8,0.7,0.6
2026-10-08T1300,4192A,115.931587,28.686774,南昌市,南京东路235号,,50,46,44,24,22,158,158,105,105,9,16,10,6,1.0,0.7
2026-10-08T1300,1906A,106.0791,30.8022,南充市,南充市委,细颗粒物(PM2.5),66,60,69,43,41,78,78,34,34,16,18,8,7,0.5,0.5
2026-10-08T1300,1907A,106.1038,30.8215,南充市,南充炼油厂,颗粒物(PM10),63,67,74,37,45,89,89,33,33,11,26,8,8,0.4,0.5
2026-10-08T1300,4227A,106.108336,30.788436,南充市,梨树横街98号,颗粒物(PM10),57,59,80,38,46,88,88,40,40,10,22,9,8,0.5,0.5
2026-10-08T1300,4304A,106.1172,30.843,南充市,清泉寺北路188号,"颗粒物(PM10),细颗粒物(PM2.5)",58,60,68,39,44,87,87,36,36,10,16,9,9,0.5,0.5
2026-10-08T1300,4305A,106.067,30.7616,南充市,同庆路1号,颗粒物(PM10),71,79,64,39,42,89,89,40,40,15,22,9,9,0.5,0.5
2026-10-08T1300,1151A,118.8033,32.1085,南京市,迈皋桥,臭氧1小时(O3_1h),89,50,46,29,27,191,191,105,105,10,29,10,8,0.4,0.4
2026-10-08T1300,1152A,118.7487,32.057,南京市,草场门,臭氧1小时(O3_1h),103,51,51,31,27,206,206,116,116,15,34,9,7,0.6,0.7
2026-10-08T1300,1154A,118.770105,32.004342,南京市,中华门,臭氧1小时(O3_1h),95,48,49,27,29,196,196,106,106,10,28,6,6,0.2,0.1
2026-10-08T1300,1155A,118.8059,32.0329,南京市,瑞金路,NA,NA,70,49,30,29,197,197,98,98,9,29,4,4,NA,0.6
2026-10-08T1300,1156A,118.7946,32.0774,南京市,玄武湖,臭氧1小时(O3_1h),107,46,44,29,19,214,214,110,110,3,29,4,4,0.5,0.4
2026-10-08T1300,1157A,118.6415,32.0964,南京市,浦口,臭氧1小时(O3_1h),105,47,47,29,21,210,210,122,122,17,29,8,8,0.6,0.7
2026-10-08T1300,1158A,118.730129,32.000956,南京市,奥体中心,臭氧1小时(O3_1h),105,50,58,26,29,209,209,101,101,13,48,10,9,0.4,0.7
2026-10-08T1300,1159A,118.9072,32.1047,南京市,仙林大学城,臭氧1小时(O3_1h),89,56,48,29,24,191,191,102,102,11,30,7,5,0.4,0.5
2026-10-08T1300,3422A,118.8443,31.919,南京市,江宁彩虹桥,臭氧1小时(O3_1h),105,50,56,24,24,210,210,108,108,NA,40,9,7,0.6,0.7
2026-10-08T1300,3427A,118.8497,32.3599,南京市,六合雄州,臭氧1小时(O3_1h),92,41,65,23,35,193,193,100,100,18,30,4,4,0.4,0.5
2026-10-08T1300,4086A,118.7641,32.0841,南京市,新模范马路66号,臭氧1小时(O3_1h),108,53,48,29,21,215,215,116,116,7,39,4,4,0.4,0.5
2026-10-08T1300,4249A,118.8707617,31.34017673,南京市,汶溪路181号,臭氧1小时(O3_1h),78,61,49,18,25,182,182,112,112,12,23,10,11,0.6,0.7
2026-10-08T1300,4312A,119.019,31.6512,南京市,中山西路1号,臭氧1小时(O3_1h),102,51,48,26,27,203,203,116,116,11,29,6,5,0.8,0.9
2026-10-08T1300,1401A,108.3098,22.788,南宁市,二十一中,,46,40,38,16,25,147,147,75,75,9,23,10,12,0.7,0.7
2026-10-08T1300,1402A,108.3135,22.8529,南宁市,北湖,,49,49,47,19,29,138,138,71,71,8,26,8,10,0.4,0.8
2026-10-08T1300,1403A,108.3205,22.8222,南宁市,市监测站,,44,36,36,16,22,140,140,82,82,9,20,9,14,0.7,0.7
2026-10-08T1300,1404A,108.3828,22.8038,南宁市,大自然花园,,45,35,30,16,17,142,142,110,110,7,9,8,9,0.5,0.5
2026-10-08T1300,1406A,108.2397,22.8462,南宁市,区农职院,,48,45,39,20,25,151,151,89,89,6,14,8,14,0.6,0.6
2026-10-08T1300,1407A,108.3285,22.7356,南宁市,英华嘉园,,43,40,43,14,24,135,135,83,83,8,22,7,10,0.4,0.5
2026-10-08T1300,3401A,108.4829,22.762,南宁市,红星社区,,42,29,38,13,21,134,134,94,94,6,19,8,10,0.5,0.5
2026-10-08T1300,4132A,108.2927,23.1477,南宁市,起凤路9号,,43,30,41,20,27,137,137,67,67,10,20,4,4,0.5,0.5
2026-10-08T1300,4221A,108.2177,22.7774,南宁市,乐贤路16号,,46,42,50,15,28,146,146,72,72,9,32,10,12,0.5,0.6
2026-10-08T1300,2332A,118.1682,26.6371,南平市,南平市监测站,,38,17,25,8,15,119,119,79,79,4,12,6,6,0.4,0.5
2026-10-08T1300,2334A,118.1757,26.6276,南平市,南平七中,NA,NA,NA,27,9,16,123,123,78,78,NA,12,6,6,NA,0.6
2026-10-08T1300,1168A,120.9056,31.9669,南通市,狼山街道,臭氧1小时(O3_1h),85,53,58,22,36,188,188,124,124,12,18,9,7,0.5,0.7
2026-10-08T1300,1170A,120.8635,32.0231,南通市,城中,臭氧1小时(O3_1h),80,55,78,17,39,184,184,122,122,11,22,7,7,0.2,0.4
2026-10-08T1300,1171A,120.9376,31.9301,南通市,星湖花园,臭氧1小时(O3_1h),104,68,59,37,39,208,208,122,122,14,15,10,7,0.5,0.6
2026-10-08T1300,1172A,120.8053,32.046,南通市,紫琅学院,臭氧1小时(O3_1h),58,42,56,16,40,166,166,113,113,22,21,7,6,0.7,0.7
2026-10-08T1300,3291A,121.0631,32.0644,南通市,通州监测站,臭氧1小时(O3_1h),52,46,61,13,34,161,161,101,101,8,12,5,3,0.5,0.7
2026-10-08T1300,3432A,120.9348,31.9874,南通市,环境教育馆,臭氧1小时(O3_1h),80,51,63,14,40,184,184,105,105,8,24,6,6,0.5,0.6
2026-10-08T1300,4091A,120.8692,31.9885,南通市,洪江路,臭氧1小时(O3_1h),55,38,54,21,38,164,164,112,112,14,19,8,7,0.2,0.4
2026-10-08T1300,2404A,112.5338,33.0086,南阳市,瓦房庄,NA,NA,57,61,21,22,168,168,103,103,12,26,10,8,NA,1
2026-10-08T1300,2405A,112.5002,32.9734,南阳市,汉画馆,颗粒物(PM10),62,66,61,12,25,160,160,95,95,14,28,9,8,0.4,0.4
2026-10-08T1300,2406A,112.5778,33.0144,南阳市,气象站,"颗粒物(PM10),臭氧1小时(O3_1h)",57,59,55,21,20,165,165,90,90,14,24,10,9,0.7,0.7
2026-10-08T1300,2407A,112.548,32.9687,南阳市,理工学院,臭氧1小时(O3_1h),55,53,56,25,23,164,164,96,96,11,27,11,10,0.4,0.5
2026-10-08T1300,4008A,112.5233,32.9921,南阳市,卧龙区政府,臭氧1小时(O3_1h),60,62,69,18,22,168,168,101,101,12,27,8,7,0.4,0.5
2026-10-08T1300,1234A,121.8352,29.9111,宁波市,区环保大楼,臭氧1小时(O3_1h),88,45,42,21,21,190,190,124,124,20,25,9,8,0.3,0.4
2026-10-08T1300,1235A,121.5595,29.8208,宁波市,万里学院,臭氧1小时(O3_1h),58,37,48,13,28,166,166,91,91,8,33,15,13,0.5,0.6
2026-10-08T1300,1236A,121.713,29.9564,宁波市,龙赛医院,臭氧1小时(O3_1h),97,55,59,26,29,197,197,111,111,14,30,10,9,0.7,0.7
2026-10-08T1300,1240A,121.5855,29.8635,宁波市,太古小学,臭氧1小时(O3_1h),57,33,52,15,28,165,165,90,90,7,34,6,8,0.6,0.8
2026-10-08T1300,1241A,121.5239,29.8673,宁波市,市环境监测中心,臭氧1小时(O3_1h),65,48,56,18,25,172,172,101,101,6,21,11,11,0.4,0.4
2026-10-08T1300,2871A,121.6156,29.9015,宁波市,万里国际学校,臭氧1小时(O3_1h),93,47,48,21,30,194,194,101,101,13,31,10,10,0.7,0.7
2026-10-08T1300,3710A,121.5593,29.8976,宁波市,白沙活动中心,臭氧1小时(O3_1h),72,33,38,19,25,177,177,103,103,11,26,12,12,0.5,0.5
2026-10-08T1300,4095A,121.8962,29.7529,宁波市,中科路88号,臭氧1小时(O3_1h),102,41,40,20,20,203,203,123,123,8,20,10,10,0.6,0.7
2026-10-08T1300,2341A,119.5387,26.6611,宁德市,宁德市监测站,NA,NA,55,36,16,19,134,134,93,93,NA,8,8,6,0.7,0.8
2026-10-08T1300,3209A,119.5231,26.6562,宁德市,宁德一中,NA,NA,36,33,14,20,136,136,96,96,6,9,8,6,NA,0.6
2026-10-08T1300,2618A,98.859,25.8541,怒江傈僳族自治州,州监测站,,19,12,22,11,13,60,60,32,32,3,8,6,8,0.5,0.5
2026-10-08T1300,2619A,98.8607,25.8168,怒江傈僳族自治州,泸水一中,,17,17,20,3,14,52,52,21,21,6,14,6,6,0.5,0.6
2026-10-08T1300,1888A,101.6891,26.571,攀枝花市,弄弄坪,,39,39,43,18,23,88,88,33,33,14,14,24,16,2.0,1.1
2026-10-08T1300,1889A,101.577,26.5914,攀枝花市,河门口,,34,34,41,18,23,88,88,40,40,6,12,10,15,1.0,1.2
2026-10-08T1300,1891A,101.7365,26.4986,攀枝花市,仁和,,25,21,34,17,26,79,79,30,30,8,11,15,14,1.4,1.4
2026-10-08T1300,2835A,101.7222,26.567,攀枝花市,四十中小,,38,38,43,12,28,96,96,36,36,12,19,23,20,1.9,1.5
2026-10-08T1300,1604A,122.0303,41.1489,盘锦市,开发区,,49,49,22,18,10,145,145,96,96,8,11,8,6,0.6,0.5
2026-10-08T1300,1605A,122.0486,41.0883,盘锦市,兴隆台,颗粒物(PM10),54,55,33,12,13,152,152,100,100,10,15,8,7,0.6,0.6
2026-10-08T1300,1606A,121.8297,41.1026,盘锦市,新生街道,颗粒物(PM10),55,57,29,22,12,157,157,108,108,10,11,5,4,0.6,0.6
2026-10-08T1300,1832A,113.3257,33.7423,平顶山市,新华旅馆,颗粒物(PM10),51,51,84,23,31,155,155,67,67,11,40,12,10,0.5,0.5
2026-10-08T1300,1833A,113.2917,33.737,平顶山市,规划设计院,颗粒物(PM10),52,52,84,27,34,142,142,61,61,11,36,10,8,0.5,0.7
2026-10-08T1300,1834A,113.182,33.7738,平顶山市,平顶山工学院,颗粒物(PM10),52,52,58,18,29,148,148,71,71,11,17,12,10,0.7,0.7
2026-10-08T1300,3594A,112.8736,33.9068,平顶山市,石龙区,颗粒物(PM10),54,55,70,28,29,146,146,68,68,3,25,8,8,0.7,0.7
2026-10-08T1300,4116A,113.284,33.7139,平顶山市,姚电大道23号,颗粒物(PM10),58,60,84,26,31,143,143,61,61,9,29,10,8,0.9,0.8
2026-10-08T1300,2656A,106.6633,35.5338,平凉市,聚贤嘉苑,,45,45,45,14,21,104,104,52,52,9,16,10,10,0.6,0.7
2026-10-08T1300,2657A,106.7021,35.5307,平凉市,博物馆,,41,41,47,18,25,111,111,55,55,6,15,8,10,0.5,0.7
2026-10-08T1300,2348A,113.8384,27.6436,萍乡市,中医院,,47,28,41,16,21,148,148,81,81,12,22,11,10,0.6,0.7
2026-10-08T1300,2350A,113.8677,27.6438,萍乡市,市环保局,,50,36,43,19,25,160,160,86,86,10,20,11,12,0.9,0.4
2026-10-08T1300,2351A,113.8663,27.6202,萍乡市,安源区政府,颗粒物(PM10),52,52,41,20,24,155,155,75,75,12,16,14,9,1.5,0.8
2026-10-08T1300,4107A,113.8686,27.6668,萍乡市,联洪村委会,,45,30,39,16,21,144,144,76,76,8,18,13,14,0.7,0.6
2026-10-08T1300,2319A,119.0142,25.4324,莆田市,荔城区仓后路,,39,35,31,12,14,124,124,121,113,6,8,/,/,/,/
2026-10-08T1300,2320A,119.0016,25.4553,莆田市,莆田市监测站,,40,26,28,8,12,128,128,126,118,6,7,6,6,0.4,0.4
2026-10-08T1300,2321A,119.112,25.4561,莆田市,涵江区六中,,35,35,36,14,14,101,101,118,100,3,6,/,/,0.5,0.6
2026-10-08T1300,2322A,119.1014,25.3215,莆田市,秀屿区政府,,38,38,35,13,17,120,120,107,107,6,9,9,9,0.6,0.7
2026-10-08T1300,2392A,115.0312,35.7636,濮阳市,环保局,颗粒物(PM10),54,55,66,14,26,152,152,108,108,10,19,5,5,0.4,0.4
2026-10-08T1300,3021A,115,35.7667,濮阳市,濮水河管理处,颗粒物(PM10),52,52,62,8,27,149,149,94,94,8,19,5,4,0.3,0.5
2026-10-08T1300,4118A,115.0552,35.7816,濮阳市,中原东路68号,颗粒物(PM10),60,64,67,17,26,165,165,117,117,5,17,4,6,0.5,0.6
2026-10-08T1300,4216A,115.0923632,35.76857718,濮阳市,任丘路479号,臭氧1小时(O3_1h),53,52,79,22,38,162,162,104,104,7,19,6,8,0.6,0.6
2026-10-08T1300,2601A,100.9801,22.7634,普洱市,市环保局,,29,29,35,10,14,69,69,41,41,5,6,9,8,0.7,0.7
2026-10-08T1300,2602A,100.9763,22.8237,普洱市,普洱第二中学,,35,35,34,10,15,75,75,38,38,4,9,11,10,0.5,0.9
2026-10-08T1300,3345A,131.0413,45.7795,七台河市,中波台,,18,18,20,3,4,50,50,40,40,4,8,4,3,0.3,0.4
2026-10-08T1300,3637A,131.0136,45.7688,七台河市,人民广场,,21,21,23,3,5,45,45,37,37,6,15,4,5,0.3,0.4
2026-10-08T1300,3684A,130.8639,45.8144,七台河市,新建矿广场,,31,31,48,3,9,43,43,40,40,15,20,8,7,0.1,0.1
2026-10-08T1300,1779A,123.9307,47.3641,齐齐哈尔市,安居小区,,27,27,29,3,4,61,61,52,52,6,10,3,4,0.2,0.2
2026-10-08T1300,1780A,123.9497,47.3389,齐齐哈尔市,中心广场,,20,19,20,3,3,62,62,52,52,7,11,1,3,0.0,0
2026-10-08T1300,1781A,123.9483,47.3229,齐齐哈尔市,农牧车辆厂,,29,29,26,3,3,62,62,51,51,5,8,5,5,0.3,0.3
2026-10-08T1300,1783A,123.9442,47.2994,齐齐哈尔市,市环境监测站,,26,26,26,3,3,64,64,52,52,4,9,4,5,0.0,0
2026-10-08T1300,3662A,123.6341,47.2079,齐齐哈尔市,富区青少年活动中心,,32,32,30,3,3,64,64,53,53,4,10,4,4,0.5,0.5
2026-10-08T1300,2591A,107.9765,26.5724,黔东南苗族侗族自治州,市环境监测站,,30,24,26,16,15,93,93,41,41,6,14,4,4,0.4,0.5
2026-10-08T1300,2881A,107.8909,26.531,黔东南苗族侗族自治州,凯里学院,,34,NA,15,13,14,106,106,51,51,4,9,5,5,0.1,0.1
2026-10-08T1300,2593A,107.5223,26.2371,黔南布依族苗族自治州,小围寨,,35,NA,15,7,12,112,112,47,47,4,9,2,2,0.3,0.3
2026-10-08T1300,3538A,107.5175,26.2977,黔南布依族苗族自治州,沙坝,,33,9,19,3,10,104,104,39,39,3,8,4,3,0.4,0.3
2026-10-08T1300,2589A,104.9022,25.0943,黔西南布依族苗族自治州,场坝街,,29,11,32,9,23,90,90,56,56,1,4,8,17,0.4,0.4
2026-10-08T1300,2590A,104.8812,25.0994,黔西南布依族苗族自治州,坪东大道,,28,NA,37,18,22,88,88,50,50,4,12,6,7,0.3,0.4
2026-10-08T1300,2502A,108.6238,21.9667,钦州市,市环保站,,46,46,44,17,21,133,133,96,96,10,14,11,11,0.5,0.6
2026-10-08T1300,2503A,108.655,21.9481,钦州市,沙埠小学,颗粒物(PM10),57,59,47,24,24,130,130,95,95,6,13,12,11,0.5,0.4
2026-10-08T1300,2504A,108.5989,21.7435,钦州市,港区一小,,41,38,50,22,25,130,130,87,87,8,20,8,8,0.6,0.7
2026-10-08T1300,3404A,108.5959,21.9634,钦州市,北职校,,43,36,46,12,22,135,135,80,80,6,15,10,11,0.5,0.7
2026-10-08T1300,1046A,119.5247,39.9346,秦皇岛市,建设大厦,颗粒物(PM10),87,101,76,30,23,179,179,114,114,18,26,14,15,0.6,0.7
2026-10-08T1300,3132A,119.5979,39.938,秦皇岛市,文明里,颗粒物(PM10),83,95,68,25,25,167,167,97,97,16,23,13,11,0.7,0.7
2026-10-08T1300,4066A,119.7458,39.9952,秦皇岛市,南园路157号,"颗粒物(PM10),臭氧1小时(O3_1h)",80,91,70,39,22,184,184,116,116,18,27,14,12,0.7,0.6
2026-10-08T1300,4067A,119.5131,39.8858,秦皇岛市,翠岛大街1号,颗粒物(PM10),77,87,67,30,23,168,168,94,94,15,28,17,16,0.6,0.6
2026-10-08T1300,4198A,119.509013,39.825305,秦皇岛市,北戴河轮滑馆,臭氧1小时(O3_1h),75,80,52,28,20,180,180,104,104,15,22,15,16,0.8,0.7
2026-10-08T1300,1310A,120.404,36.0625,青岛市,市南区东部子站,,40,9,11,3,2,127,127,116,116,7,10,7,8,0.4,0.4
2026-10-08T1300,1311A,120.362344,36.10282,青岛市,四方区子站,,40,9,15,3,3,125,125,103,103,12,16,3,4,0.4,0.4
2026-10-08T1300,1312A,120.294373,36.054183,青岛市,市南区西部子站,,40,6,9,3,1,125,125,112,112,6,12,6,6,0.3,0.4
2026-10-08T1300,1313A,120.4581,36.0858,青岛市,崂山区子站,,39,NA,10,7,3,122,122,105,105,6,9,9,10,0.4,0.5
2026-10-08T1300,1315A,120.3945,36.3083,青岛市,城阳区子站,NA,NA,NA,24,1,5,117,117,83,83,NA,18,NA,5,0.3,0.3
2026-10-08T1300,3642A,120.3454,36.0735,青岛市,市北区南部,,38,14,16,3,1,121,121,109,109,6,9,7,8,0.4,0.4
2026-10-08T1300,3643A,120.3897,36.18,青岛市,李沧区北部,,38,14,22,3,4,120,120,97,97,8,19,4,4,0.5,0.5
2026-10-08T1300,4110A,120.5222,36.4089,青岛市,盟旺路653号,,33,17,23,3,6,103,103,99,99,8,15,6,7,0.4,0.4
2026-10-08T1300,4290A,120.196923,35.954556,青岛市,珠江路669号,,39,9,14,3,2,123,123,102,102,4,9,5,5,0.3,0.3
2026-10-08T1300,4291A,120.0424,35.8656,青岛市,黄岛区人民政府广场,,39,12,22,3,9,123,123,76,76,6,24,5,5,0.2,0.3
2026-10-08T1300,1703A,113.0218,23.7086,清远市,凤城街办,,41,29,30,20,17,129,129,96,96,3,11,/,/,/,/
2026-10-08T1300,3025A,113.0479,23.6343,清远市,技师学院,,41,31,35,18,19,131,131,85,85,7,22,8,10,0.9,0.9
2026-10-08T1300,3318A,112.9898,23.7403,清远市,清新太和,NA,NA,NA,22,NA,12,NA,NA,131,NA,NA,13,NA,11,NA,0.7
2026-10-08T1300,3455A,113.076,23.72,清远市,清城东城,,40,31,30,18,18,127,127,97,97,5,15,/,/,/,/
2026-10-08T1300,2661A,107.6325,35.7357,庆阳市,庆阳五中,,43,43,40,24,22,103,103,92,91,6,10,4,4,0.4,0.3
2026-10-08T1300,2662A,107.6361,35.7067,庆阳市,市环保局,,44,44,43,21,22,104,104,95,92,7,9,3,3,0.5,0.4
2026-10-08T1300,1916A,103.7897,25.5036,曲靖市,环境监测站,,30,7,30,3,20,96,96,61,61,6,15,8,9,0.3,0.6
2026-10-08T1300,1917A,103.8013,25.5357,曲靖市,烟厂办公区,,30,18,35,12,17,94,94,52,52,3,13,2,5,0.5,0.7
2026-10-08T1300,3376A,103.7926,25.4651,曲靖市,南苑二区,,30,11,33,3,23,93,93,59,59,2,10,4,4,0.5,0.6
2026-10-08T1300,3377A,103.7442,25.5259,曲靖市,曲靖师范学院,,30,NA,33,8,24,93,93,50,50,3,12,4,4,0.4,0.5
2026-10-08T1300,1264A,118.8694,28.94,衢州市,环保大楼,臭氧1小时(O3_1h),62,35,53,20,32,169,169,105,105,13,24,/,/,/,/
2026-10-08T1300,1266A,118.8622,28.9809,衢州市,衢州学院,,50,31,43,17,26,158,158,106,106,13,23,8,10,0.5,0.5
2026-10-08T1300,4097A,118.9646,28.9832,衢州市,衢州三中,臭氧1小时(O3_1h),62,34,50,21,31,169,169,97,97,14,32,6,6,0.6,0.6
2026-10-08T1300,1611A,118.5818,24.9116,泉州市,涂山街,,39,29,32,11,18,124,124,122,111,7,10,3,4,0.4,0.4
2026-10-08T1300,1612A,118.597,24.8976,泉州市,津头埔,,39,34,34,12,16,122,122,116,106,9,11,4,4,0.4,0.5
2026-10-08T1300,1613A,118.6669,24.9422,泉州市,万安,,40,36,35,14,15,127,127,119,110,7,9,6,5,0.6,0.7
2026-10-08T1300,4105A,118.6355,24.9148,泉州市,霞新路6号,,42,30,32,11,15,132,132,126,116,8,10,/,/,0.4,0.4
2026-10-08T1300,2626A,88.8873,29.2723,日喀则市,日喀则监测站,,29,10,15,3,6,91,91,62,62,3,8,4,4,0.3,0.3
2026-10-08T1300,3726A,88.8775,29.2425,日喀则市,林业技术推广中心,,28,9,14,3,3,89,89,73,73,2,3,5,4,0.3,0.3
2026-10-08T1300,1659A,119.4711,35.421,日照市,监测站,,35,7,21,3,12,112,112,48,48,14,38,10,10,0.4,0.5
2026-10-08T1300,1660A,119.523,35.4216,日照市,市政府广场,,40,17,20,3,8,126,126,56,56,8,30,7,6,0.1,0.2
2026-10-08T1300,1661A,119.5511,35.4113,日照市,港务局,,42,14,21,3,7,133,133,62,62,7,28,8,6,0.6,0.5
2026-10-08T1300,3507A,119.5326,35.4627,日照市,职业技术学院,,40,14,16,3,4,127,127,70,70,6,16,10,9,0.3,0.3
2026-10-08T1300,3604A,119.3267,35.1043,日照市,岚山环保分局,,47,29,28,16,8,149,149,105,105,10,14,14,12,0.6,0.5
2026-10-08T1300,1835A,111.1922,34.7752,三门峡市,市政府,,43,39,39,3,15,136,136,91,91,8,18,10,11,0.3,0.3
2026-10-08T1300,1836A,111.1588,34.794,三门峡市,开发区,,43,36,44,14,18,135,135,85,85,11,18,10,10,0.3,0.3
2026-10-08T1300,3039A,111.1911,34.7829,三门峡市,三门峡市第一小学,,43,43,44,10,19,134,134,94,94,6,15,12,12,0.5,0.5
2026-10-08T1300,3598A,111.1031,34.719,三门峡市,富达温泉假日酒店,,43,38,36,17,17,136,136,78,78,12,17,13,11,0.5,0.5
2026-10-08T1300,2324A,117.621,26.2626,三明市,三钢,,39,26,24,13,17,124,124,91,91,5,14,6,6,0.4,0.5
2026-10-08T1300,2325A,117.6352,26.2714,三明市,三明二中,,39,33,28,14,16,122,122,85,85,6,12,7,7,0.4,0.5
2026-10-08T1300,2326A,117.6028,26.2377,三明市,三元区政府,,39,16,33,12,21,124,124,83,83,5,20,2,3,0.4,0.7
2026-10-08T1300,1877A,109.4962,18.2682,三亚市,河西子站,,32,21,22,11,13,100,100,94,94,3,6,4,4,0.5,0.6
2026-10-08T1300,3540A,109.7348,18.3443,三亚市,君悦子站,,31,17,25,12,13,97,97,90,90,4,8,4,4,0.6,0.7
2026-10-08T1300,4135A,109.1714,18.3739,三亚市,城东小学站,,31,17,20,8,14,98,98,77,77,4,8,/,/,/,/
2026-10-08T1300,2624A,91.7592,29.234,山南市,山南监测站,,29,6,8,3,2,90,90,73,64,2,6,3,2,0.2,0.2
2026-10-08T1300,2625A,91.7701,29.2436,山南市,山南人民医院,,28,7,12,3,4,89,89,72,64,2,5,5,5,0.1,0.2
2026-10-08T1300,1674A,116.6795,23.3666,汕头市,金平子站,,35,24,35,9,17,111,111,122,110,8,12,5,5,0.4,0.6
2026-10-08T1300,1675A,116.7248,23.3632,汕头市,龙湖子站,,38,38,47,10,17,113,113,122,110,2,7,6,7,/,/
2026-10-08T1300,1676A,116.7257,23.2774,汕头市,濠江子站,,46,46,35,10,15,106,106,126,111,6,9,7,8,/,/
2026-10-08T1300,1677A,116.7518,23.4712,汕头市,澄海子站,,49,49,39,9,17,110,110,121,111,4,9,5,7,0.6,0.7
2026-10-08T1300,1678A,116.6088,23.2539,汕头市,潮阳子站,,34,20,31,8,17,106,106,125,110,1,4,7,8,0.5,0.6
2026-10-08T1300,3444A,116.4539,23.2684,汕头市,潮南峡山,,38,29,33,11,19,119,119,119,114,9,13,9,9,0.3,0.4
2026-10-08T1300,3624A,116.4069,23.2533,汕头市,潮南子站,,36,35,43,11,20,114,114,117,109,9,11,8,10,/,/
2026-10-08T1300,1693A,115.3653,22.7751,汕尾市,市环保局,NA,NA,46,41,17,22,124,124,129,118,NA,16,7,7,0.4,0.5
2026-10-08T1300,1695A,115.362,22.7926,汕尾市,新城中学,,40,34,38,17,22,128,128,121,114,6,9,9,8,0.4,0.4
2026-10-08T1300,2645A,109.9155,33.8714,商洛市,监测站,,45,40,29,23,14,142,142,61,61,9,14,7,7,0.3,0.3
2026-10-08T1300,3045A,109.9647,33.8486,商洛市,商州区中学,,46,46,29,22,13,140,140,60,60,9,16,8,7,0.4,0.3
2026-10-08T1300,2408A,115.6701,34.4283,商丘市,环境监测站,,47,46,51,13,24,150,150,107,107,8,15,6,7,0.3,0.3
2026-10-08T1300,2409A,115.6458,34.4047,商丘市,粮食局,,50,36,41,3,23,160,160,113,113,18,24,9,8,0.4,0.4
2026-10-08T1300,3171A,115.6069,34.4465,商丘市,梁园区档案局,,50,50,47,19,24,160,160,115,115,14,17,6,6,0.5,0.4
2026-10-08T1300,4119A,115.6701,34.3767,商丘市,北海东路185号,臭氧1小时(O3_1h),58,40,55,6,26,166,166,101,101,7,19,8,7,0.4,0.4
2026-10-08T1300,4120A,115.6172,34.3704,商丘市,中山大街3号,臭氧1小时(O3_1h),55,40,61,13,32,164,164,110,110,6,19,9,8,0.3,0.3
2026-10-08T1300,1141A,121.401,31.2382,上海市,普陀,臭氧1小时(O3_1h),111,58,53,33,33,221,221,120,120,3,21,8,8,0.6,0.7
2026-10-08T1300,1142A,121.4774,31.2043,上海市,十五厂,臭氧1小时(O3_1h),88,54,46,37,31,190,190,97,97,21,48,10,9,0.5,0.7
2026-10-08T1300,1143A,121.4673,31.3011,上海市,虹口,臭氧1小时(O3_1h),101,58,54,33,32,201,201,110,110,17,44,7,7,0.4,0.6
2026-10-08T1300,1147A,121.4253,31.226,上海市,静安监测站,臭氧1小时(O3_1h),112,57,52,34,32,223,223,133,133,15,32,11,11,0.8,0.9
2026-10-08T1300,1148A,121.7029,31.1905,上海市,浦东川沙,臭氧1小时(O3_1h),93,47,60,28,37,194,194,107,107,14,35,12,12,0.5,0.6
2026-10-08T1300,1149A,121.5339,31.229,上海市,浦东新区监测站,臭氧1小时(O3_1h),89,54,48,35,29,191,191,105,105,17,36,12,11,0.4,0.5
2026-10-08T1300,1150A,121.5776,31.2038,上海市,浦东张江,臭氧1小时(O3_1h),100,55,52,33,32,200,200,106,106,18,33,10,9,0.3,0.4
2026-10-08T1300,3265A,121.4242,31.3303,上海市,宝山庙行,臭氧1小时(O3_1h),104,65,57,35,32,207,207,114,114,15,36,12,12,0.6,0.7
2026-10-08T1300,3266A,121.8789,31.4662,上海市,崇明上实东滩,臭氧1小时(O3_1h),100,49,45,32,28,200,200,116,116,16,17,8,6,0.5,0.4
2026-10-08T1300,3268A,121.316,31.2839,上海市,嘉定南翔,臭氧1小时(O3_1h),98,47,55,32,38,198,198,92,92,14,53,10,9,0.5,0.6
2026-10-08T1300,3269A,121.3357,30.7455,上海市,金山新城,臭氧1小时(O3_1h),78,40,40,23,26,182,182,115,115,11,20,7,6,0.7,0.7
2026-10-08T1300,3270A,121.4996,31.0741,上海市,闵行浦江,臭氧1小时(O3_1h),88,44,56,27,38,190,190,98,98,10,36,10,9,0.0,0.1
2026-10-08T1300,3271A,121.2886,31.1663,上海市,青浦徐泾,臭氧1小时(O3_1h),111,52,51,30,32,222,222,109,109,13,38,10,9,0.4,0.5
2026-10-08T1300,3272A,121.2193,31.0382,上海市,松江图书馆,臭氧1小时(O3_1h),100,50,54,28,35,200,200,104,104,13,28,11,10,0.5,0.6
2026-10-08T1300,3273A,121.3904,31.206,上海市,长宁仙霞,臭氧1小时(O3_1h),88,54,54,34,35,190,190,109,109,21,42,6,5,0.4,0.7
2026-10-08T1300,3274A,121.7964,31.0507,上海市,浦东惠南,臭氧1小时(O3_1h),82,37,47,25,29,185,185,101,101,10,46,12,12,0.7,0.7
2026-10-08T1300,3544A,121.4891,30.925,上海市,奉贤南桥新城,臭氧1小时(O3_1h),105,45,59,25,30,210,210,133,133,16,31,8,7,0.4,0.4
2026-10-08T1300,4183A,121.417401,31.16637,上海市,冠生园路458号,臭氧1小时(O3_1h),87,44,54,28,35,189,189,90,90,18,43,8,8,0.5,0.6
2026-10-08T1300,4205A,121.541914,31.268301,上海市,宁武路151号,臭氧1小时(O3_1h),98,74,65,33,33,198,198,94,94,25,48,12,11,0.4,0.5
2026-10-08T1300,2382A,117.9758,28.4439,上饶市,市监测站,臭氧1小时(O3_1h),64,37,43,17,24,171,171,125,125,2,4,1,3,/,/
2026-10-08T1300,2383A,117.9521,28.4637,上饶市,凤凰光学,,42,38,44,16,24,134,134,96,96,3,12,3,5,0.3,0.2
2026-10-08T1300,3685A,117.897,28.4316,上饶市,双创科技城,臭氧1小时(O3_1h),57,38,42,17,24,165,165,120,120,7,17,6,8,0.4,0.5
2026-10-08T1300,4211A,118.190438,28.444845,上饶市,裕丰大道,,47,40,51,17,27,150,150,111,111,6,11,5,19,0.6,0.7
2026-10-08T1300,1669A,113.5821,24.7733,韶关市,市八中,,43,43,40,29,26,124,124,63,63,6,19,14,18,0.3,0.4
2026-10-08T1300,1671A,113.5916,24.7973,韶关市,园林处,,36,29,38,24,27,115,115,64,64,9,22,16,21,/,/
2026-10-08T1300,1673A,113.5971,24.6864,韶关市,曲江监测站,,43,34,41,20,26,135,135,68,68,14,19,27,15,0.5,0.3
2026-10-08T1300,2809A,113.6668,24.7756,韶关市,大学路288号,,40,40,37,21,21,127,127,72,72,8,15,18,17,/,/
2026-10-08T1300,3622A,113.5556,24.8082,韶关市,碧湖山庄,,46,46,38,31,24,114,114,61,61,10,13,12,9,0.3,0.3
2026-10-08T1300,2464A,111.5277,27.2442,邵阳市,市化工厂,,49,26,44,18,35,156,156,67,67,5,16,8,8,0.5,0.6
2026-10-08T1300,2466A,111.4327,27.2276,邵阳市,市环保局,颗粒物(PM10),60,63,56,22,34,149,149,66,66,9,15,10,11,0.6,0.7
2026-10-08T1300,4218A,111.446,27.2472,邵阳市,北塔二期4-26地块,,44,43,40,17,26,140,140,60,60,10,14,8,9,0.7,0.7
2026-10-08T1300,4219A,111.4739,27.2282,邵阳市,邵水西路287号,,49,36,48,21,35,155,155,72,72,7,15,16,16,0.4,0.4
2026-10-08T1300,1247A,120.6053,29.9927,绍兴市,城东开发委,,43,16,49,8,30,137,137,87,87,10,25,8,8,0.4,0.6
2026-10-08T1300,2921A,120.5482,30.0003,绍兴市,树下王站,,43,18,50,8,34,136,136,87,87,10,31,5,5,0.6,0.8
2026-10-08T1300,3408A,120.5685,29.936,绍兴市,绍兴中专,,45,18,42,9,25,143,143,97,97,7,29,8,9,0.8,0.9
2026-10-08T1300,3409A,120.4905,30.086,绍兴市,柯桥区政府,臭氧1小时(O3_1h),54,34,43,16,29,163,163,106,106,9,25,8,8,0.4,0.5
2026-10-08T1300,3410A,120.8751,30.0249,绍兴市,重华小学,,49,26,33,20,27,155,155,95,95,5,12,9,8,0.4,0.4
2026-10-08T1300,3411A,120.837,30.0137,绍兴市,上虞中学,,46,21,45,14,29,146,146,95,95,10,21,7,7,0.8,0.8
2026-10-08T1300,3560A,120.4715,30.0414,绍兴市,柯桥妇保,,48,22,50,13,28,152,152,101,101,5,16,8,8,0.6,0.7
2026-10-08T1300,3658A,120.6156,30.0762,绍兴市,袍江中学,,46,25,55,14,35,145,145,85,85,8,26,9,9,0.4,0.6
2026-10-08T1300,1356A,114.0948,22.5506,深圳市,通心岭子站,臭氧1小时(O3_1h),58,46,37,23,22,166,166,126,126,7,9,5,4,0.8,0.8
2026-10-08T1300,1357A,114.1153,22.5713,深圳市,洪湖,,50,45,44,25,23,160,160,112,112,13,26,3,2,0.8,0.8
2026-10-08T1300,1358A,113.9823,22.5398,深圳市,华侨城,臭氧1小时(O3_1h),65,56,40,34,24,172,172,123,123,17,20,/,/,/,/
2026-10-08T1300,1359A,113.9181,22.517,深圳市,南海子站,臭氧1小时(O3_1h),72,42,42,20,27,177,177,131,131,12,18,2,2,0.7,0.7
2026-10-08T1300,1360A,114.2345,22.565,深圳市,盐田,,48,43,39,25,21,152,152,131,131,8,9,8,8,0.8,0.8
2026-10-08T1300,1363A,114.4911,22.5381,深圳市,南澳,,46,32,34,12,20,146,146,142,135,1,4,/,/,/,/
2026-10-08T1300,1364A,114.41,22.6346,深圳市,葵涌,,49,49,36,29,21,151,151,137,137,6,8,9,8,1.0,0.9
2026-10-08T1300,1365A,114.2967,22.5978,深圳市,梅沙,臭氧1小时(O3_1h),52,44,45,21,20,161,161,135,135,9,11,/,/,/,/
2026-10-08T1300,1366A,114.0563,22.7353,深圳市,观澜,,50,47,52,24,27,157,157,130,130,11,22,5,5,0.7,0.7
2026-10-08T1300,3305A,114.0614,22.556,深圳市,莲花,颗粒物(PM10),53,54,37,33,23,151,151,107,107,14,15,/,/,/,/
2026-10-08T1300,3306A,114.0144,22.6163,深圳市,民治,臭氧1小时(O3_1h),65,56,43,28,25,172,172,125,125,8,14,/,/,/,/
2026-10-08T1300,3307A,114.1756,22.6421,深圳市,横岗,臭氧1小时(O3_1h),67,49,47,31,28,173,173,118,118,15,18,/,/,/,/
2026-10-08T1300,3447A,114.344,22.7115,深圳市,坪山,颗粒物(PM10),54,55,47,32,27,161,161,101,101,16,25,6,7,0.7,0.7
2026-10-08T1300,3623A,113.8952,22.586,深圳市,西乡,臭氧1小时(O3_1h),74,56,44,29,24,179,179,121,121,17,19,6,5,0.7,0.7
2026-10-08T1300,4220A,114.214113,22.713717,深圳市,黄阁路,臭氧1小时(O3_1h),60,54,41,31,23,168,168,126,126,12,13,7,7,1.1,1
2026-10-08T1300,1099A,123.5058,41.7084,沈阳市,浑南东路,颗粒物(PM10),120,170,74,32,18,162,162,114,114,13,29,18,17,0.8,0.9
2026-10-08T1300,1100A,123.4238,41.6992,沈阳市,新秀街,颗粒物(PM10),66,72,40,26,15,158,158,108,108,17,25,14,27,0.6,0.7
2026-10-08T1300,1102A,123.5903,41.8412,沈阳市,东陵路,颗粒物(PM10),71,79,37,21,13,154,154,88,88,13,20,12,9,0.8,1
2026-10-08T1300,1103A,123.4267,41.8466,沈阳市,陵东街,,44,39,34,22,12,140,140,97,97,8,13,11,12,0.6,0.7
2026-10-08T1300,1104A,123.4116,41.7654,沈阳市,文化路,颗粒物(PM10),59,62,39,22,11,160,160,110,110,13,18,10,19,0.8,0.8
2026-10-08T1300,1105A,123.4673,41.787,沈阳市,小河沿,颗粒物(PM10),51,51,34,22,12,131,131,84,84,14,21,13,13,0.7,0.8
2026-10-08T1300,1106A,123.4019,41.7978,沈阳市,太原街,颗粒物(PM10),78,89,44,22,13,154,154,106,106,14,19,10,16,0.7,0.8
2026-10-08T1300,1108A,123.3778,41.9233,沈阳市,京沈街,颗粒物(PM10),75,84,45,22,12,153,153,109,109,14,20,8,11,0.4,0.6
2026-10-08T1300,2897A,123.2429,41.7341,沈阳市,沈辽西路,颗粒物(PM10),68,74,45,21,14,156,156,104,104,12,21,11,13,0.7,0.8
2026-10-08T1300,2900A,123.5951,41.9085,沈阳市,裕农路,,47,45,37,23,15,149,149,93,93,13,21,11,11,0.6,0.8
2026-10-08T1300,2429A,110.78,32.6494,十堰市,滨河新村,,42,42,38,16,19,126,126,60,60,13,19,/,/,0.7,0.7
2026-10-08T1300,2430A,110.7305,32.6408,十堰市,刘家沟,,42,40,31,16,12,134,134,59,59,10,9,/,/,/,/
2026-10-08T1300,2431A,110.8843,32.5712,十堰市,铁二处,,45,45,33,12,16,124,124,59,59,16,14,9,7,0.7,0.6
2026-10-08T1300,3545A,110.8053,32.8401,十堰市,郧阳区金沙路,,38,38,24,9,11,120,120,66,66,9,10,9,8,0.7,0.7
2026-10-08T1300,2709A,86.0391,44.298,石河子市,艾青诗歌馆,,35,35,36,6,7,75,75,67,57,7,10,10,9,0.6,0.6
2026-10-08T1300,3442A,86.047,44.2331,石河子市,南区管委会,,34,34,45,3,6,76,76,62,58,11,13,7,8,0.3,0.3
2026-10-08T1300,4051A,86.0791,44.3018,石河子市,世纪广场,,47,47,52,3,9,74,74,60,51,9,13,10,7,0.7,0.7
2026-10-08T1300,4167A,86.0126,44.2349,石河子市,城南景苑小区,,26,26,39,3,10,76,76,63,52,8,13,8,9,0.1,0.1
2026-10-08T1300,1030A,114.5919,38.0328,石家庄市,高新区,颗粒物(PM10),87,101,95,39,42,163,163,87,87,28,28,15,7,0.6,0.6
2026-10-08T1300,1032A,114.4556,38.0136,石家庄市,西南高教,颗粒物(PM10),73,82,86,23,24,162,162,78,78,28,32,13,10,0.5,0.6
2026-10-08T1300,1033A,114.533,38.0177,石家庄市,世纪公园,颗粒物(PM10),78,89,87,44,38,150,150,73,73,19,24,13,8,0.7,0.7
2026-10-08T1300,1034A,114.5105,38.0489,石家庄市,人民会堂,颗粒物(PM10),76,86,91,26,26,168,168,102,102,26,28,12,8,0.7,0.7
2026-10-08T1300,3456A,114.2887,38.0905,石家庄市,鹿泉一中,颗粒物(PM10),93,110,80,29,19,166,166,102,102,28,19,14,11,0.7,0.7
2026-10-08T1300,4024A,114.6491,37.9014,石家庄市,栾城区星河路,"颗粒物(PM10),臭氧1小时(O3_1h)",58,61,93,31,43,166,166,67,67,15,31,13,9,0.6,0.5
2026-10-08T1300,4059A,114.4563,38.0365,石家庄市,裕华西路63号,颗粒物(PM10),59,62,68,23,24,163,163,84,84,25,30,14,11,0.7,0.7
2026-10-08T1300,4060A,114.5586,38.0581,石家庄市,和平路363号,颗粒物(PM10),79,90,85,39,35,167,167,86,86,32,31,15,7,0.7,0.7
2026-10-08T1300,4061A,114.8347,38.0213,石家庄市,廉州西路160号,颗粒物(PM10),70,77,116,20,36,155,155,79,79,16,22,15,8,1.0,0.7
2026-10-08T1300,4062A,114.4498,38.0729,石家庄市,北城路41号,颗粒物(PM10),74,83,78,34,30,171,171,90,90,26,31,16,14,0.6,0.6
2026-10-08T1300,4314A,114.0494,38.059,石家庄市,矿区区委大楼,,43,23,54,6,19,136,136,86,86,12,25,15,18,0.4,0.6
2026-10-08T1300,1948A,106.3668,39.0145,石嘴山市,大武口朝阳西街,颗粒物(PM10),68,74,83,31,36,113,113,54,54,19,40,27,28,0.7,0.8
2026-10-08T1300,1949A,106.7713,39.2278,石嘴山市,惠农南大街,颗粒物(PM10),70,78,87,24,37,119,119,64,64,12,22,24,24,0.8,0.7
2026-10-08T1300,1950A,106.7074,39.1332,石嘴山市,红果子镇惠新街,颗粒物(PM10),84,97,104,30,40,116,116,60,60,19,25,12,9,0.7,0.6
2026-10-08T1300,3520A,106.3495,38.9837,石嘴山市,妇女儿童医院,颗粒物(PM10),65,71,83,23,35,107,107,52,52,14,27,16,18,0.8,0.8
2026-10-08T1300,3521A,106.7495,39.2068,石嘴山市,石大公路,NA,NA,75,105,32,38,107,107,50,50,18,32,14,11,NA,0.6
2026-10-08T1300,2248A,131.1509,46.6936,双鸭山市,双合村,,22,13,22,3,10,68,68,48,48,4,10,10,10,0.1,0.2
2026-10-08T1300,2249A,131.1651,46.6191,双鸭山市,南小市,,22,22,19,3,11,57,57,38,38,4,14,6,6,0,0.1
